solid OpenSCAD_Model
  facet normal 0.683608 0.729849 -0
    outer loop
      vertex 6.10878 -0.902207 0.431389
      vertex 6.05147 -0.848528 8.88786
      vertex 6.10878 -0.902207 8.82253
    endloop
  endfacet
  facet normal 0.683608 0.729849 0
    outer loop
      vertex 6.05147 -0.848528 8.88786
      vertex 6.10878 -0.902207 0.431389
      vertex 6.05147 -0.848528 0.35673
    endloop
  endfacet
  facet normal 0.995181 -0.0980569 0
    outer loop
      vertex 5.70257 0.0784836 9
      vertex 5.71027 0.156631 0.6
      vertex 5.71027 0.156631 9
    endloop
  endfacet
  facet normal 0.995181 -0.0980569 0
    outer loop
      vertex 5.71027 0.156631 0.6
      vertex 5.70257 0.0784836 9
      vertex 5.70257 0.0784836 0.6
    endloop
  endfacet
  facet normal -0.325709 0.630627 -0.704431
    outer loop
      vertex 6.23332 -0.997763 8.68403
      vertex 6.16949 -0.952024 8.75449
      vertex 6.21176 -0.982313 8.70783
    endloop
  endfacet
  facet normal 0.58247 0.812852 -0
    outer loop
      vertex 6.23332 -0.997763 0.589683
      vertex 6.16949 -0.952024 8.75449
      vertex 6.23332 -0.997763 8.68403
    endloop
  endfacet
  facet normal 0.58247 0.812852 0
    outer loop
      vertex 6.16949 -0.952024 8.75449
      vertex 6.23332 -0.997763 0.589683
      vertex 6.16949 -0.952024 0.509151
    endloop
  endfacet
  facet normal 0.634345 -0.77305 0
    outer loop
      vertex 6.10878 0.902207 8.82253
      vertex 6.16949 0.952024 0.509151
      vertex 6.16949 0.952024 8.75449
    endloop
  endfacet
  facet normal 0.634345 -0.77305 0
    outer loop
      vertex 6.16949 0.952024 0.509151
      vertex 6.10878 0.902207 8.82253
      vertex 6.10878 0.902207 0.431389
    endloop
  endfacet
  facet normal 0.528093 -0.849187 0
    outer loop
      vertex 6.23332 0.997763 8.68403
      vertex 6.3 1.03923 0.672639
      vertex 6.3 1.03923 8.61144
    endloop
  endfacet
  facet normal 0.528093 -0.849187 0
    outer loop
      vertex 6.3 1.03923 0.672639
      vertex 6.23332 0.997763 8.68403
      vertex 6.23332 0.997763 0.589683
    endloop
  endfacet
  facet normal 0.634345 0.77305 -0
    outer loop
      vertex 6.16949 -0.952024 0.509151
      vertex 6.10878 -0.902207 8.82253
      vertex 6.16949 -0.952024 8.75449
    endloop
  endfacet
  facet normal 0.634345 0.77305 0
    outer loop
      vertex 6.10878 -0.902207 8.82253
      vertex 6.16949 -0.952024 0.509151
      vertex 6.10878 -0.902207 0.431389
    endloop
  endfacet
  facet normal 0.986646 -0.162877 0
    outer loop
      vertex 5.71027 0.156631 9
      vertex 5.72306 0.234108 0.6
      vertex 5.72306 0.234108 9
    endloop
  endfacet
  facet normal 0.986646 -0.162877 0
    outer loop
      vertex 5.72306 0.234108 0.6
      vertex 5.71027 0.156631 9
      vertex 5.71027 0.156631 0.6
    endloop
  endfacet
  facet normal 0.995181 0.0980569 0
    outer loop
      vertex 5.71027 -0.156631 9
      vertex 5.70257 -0.0784836 0.6
      vertex 5.70257 -0.0784836 9
    endloop
  endfacet
  facet normal 0.995181 0.0980569 0
    outer loop
      vertex 5.70257 -0.0784836 0.6
      vertex 5.71027 -0.156631 9
      vertex 5.71027 -0.156631 0.6
    endloop
  endfacet
  facet normal 0.97388 -0.227061 0
    outer loop
      vertex 5.72306 0.234108 9
      vertex 5.74089 0.310582 0.6
      vertex 5.74089 0.310582 9
    endloop
  endfacet
  facet normal 0.97388 -0.227061 0
    outer loop
      vertex 5.74089 0.310582 0.6
      vertex 5.72306 0.234108 9
      vertex 5.72306 0.234108 0.6
    endloop
  endfacet
  facet normal 0.412663 -0.910884 0
    outer loop
      vertex 6.36925 1.07625 8.53704
      vertex 6.40417 1.09207 0.8
      vertex 6.40417 1.09207 8.5
    endloop
  endfacet
  facet normal 0.412663 -0.910884 0
    outer loop
      vertex 6.40417 1.09207 0.8
      vertex 6.36925 1.07625 8.53704
      vertex 6.36925 1.07625 0.757666
    endloop
  endfacet
  facet normal 0.768599 -0.639638 -0.0108961
    outer loop
      vertex 5.99633 0.789431 8.95193
      vertex 5.94798 0.730514 9
      vertex 5.99779 0.791215 8.95019
    endloop
  endfacet
  facet normal 0.773048 -0.634347 0
    outer loop
      vertex 5.94798 0.730514 0.6
      vertex 5.99779 0.791215 8.95019
      vertex 5.94798 0.730514 9
    endloop
  endfacet
  facet normal 0.773044 -0.634352 5.38289e-08
    outer loop
      vertex 5.99779 0.791215 8.95019
      vertex 5.94798 0.730514 0.6
      vertex 5.96397 0.75 0.6
    endloop
  endfacet
  facet normal 0.77305 -0.634345 0
    outer loop
      vertex 5.96397 0.75 0.6
      vertex 5.99779 0.791215 0.285492
      vertex 5.99779 0.791215 8.95019
    endloop
  endfacet
  facet normal 0.773498 -0.633797 0.00119059
    outer loop
      vertex 5.94798 0.730514 9
      vertex 5.99633 0.789431 8.95193
      vertex 5.95322 0.736909 9
    endloop
  endfacet
  facet normal 0.773774 -0.633461 0.000193777
    outer loop
      vertex 5.99779 0.791215 0.285492
      vertex 5.96397 0.75 0.6
      vertex 5.99633 0.789431 0.283509
    endloop
  endfacet
  facet normal 0.773012 -0.634391 0
    outer loop
      vertex 5.99633 0.789431 0.283509
      vertex 5.96397 0.75 0.6
      vertex 5.96397 0.75 0.242264
    endloop
  endfacet
  facet normal 0.999464 0.0327282 0
    outer loop
      vertex 5.70257 -0.0784836 9
      vertex 5.7 0 0.6
      vertex 5.7 0 9
    endloop
  endfacet
  facet normal 0.999464 0.0327282 0
    outer loop
      vertex 5.7 0 0.6
      vertex 5.70257 -0.0784836 9
      vertex 5.70257 -0.0784836 0.6
    endloop
  endfacet
  facet normal 0.881903 -0.471431 0
    outer loop
      vertex 5.82375 0.530746 9
      vertex 5.86077 0.599999 0.6
      vertex 5.86077 0.599999 9
    endloop
  endfacet
  facet normal 0.881903 -0.471431 0
    outer loop
      vertex 5.86077 0.599999 0.6
      vertex 5.82375 0.530746 9
      vertex 5.82375 0.530746 0.6
    endloop
  endfacet
  facet normal 0.773498 0.633797 0.00119059
    outer loop
      vertex 5.99633 -0.789431 8.95193
      vertex 5.94798 -0.730514 9
      vertex 5.95322 -0.736909 9
    endloop
  endfacet
  facet normal 0.773048 0.634347 0
    outer loop
      vertex 5.94798 -0.730514 9
      vertex 5.99779 -0.791215 8.95019
      vertex 5.94798 -0.730514 0.6
    endloop
  endfacet
  facet normal 0.768599 0.639638 -0.0108961
    outer loop
      vertex 5.94798 -0.730514 9
      vertex 5.99633 -0.789431 8.95193
      vertex 5.99779 -0.791215 8.95019
    endloop
  endfacet
  facet normal 0.773044 0.634352 5.38289e-08
    outer loop
      vertex 5.94798 -0.730514 0.6
      vertex 5.99779 -0.791215 8.95019
      vertex 5.96397 -0.75 0.6
    endloop
  endfacet
  facet normal 0.773774 0.633461 0.000193777
    outer loop
      vertex 5.99633 -0.789431 0.283509
      vertex 5.96397 -0.75 0.6
      vertex 5.99779 -0.791215 0.285492
    endloop
  endfacet
  facet normal 0.77305 0.634345 0
    outer loop
      vertex 5.96397 -0.75 0.6
      vertex 5.99779 -0.791215 8.95019
      vertex 5.99779 -0.791215 0.285492
    endloop
  endfacet
  facet normal 0.773012 0.634391 0
    outer loop
      vertex 5.96397 -0.75 0.6
      vertex 5.99633 -0.789431 0.283509
      vertex 5.96397 -0.75 0.242264
    endloop
  endfacet
  facet normal 0.471447 0.881894 -0
    outer loop
      vertex 6.36925 -1.07625 0.757666
      vertex 6.3 -1.03923 8.61144
      vertex 6.36925 -1.07625 8.53704
    endloop
  endfacet
  facet normal 0.471447 0.881894 0
    outer loop
      vertex 6.3 -1.03923 8.61144
      vertex 6.36925 -1.07625 0.757666
      vertex 6.3 -1.03923 0.672639
    endloop
  endfacet
  facet normal 0.849187 0.528092 0
    outer loop
      vertex 5.90224 -0.666684 9
      vertex 5.86077 -0.599999 0.6
      vertex 5.86077 -0.599999 9
    endloop
  endfacet
  facet normal 0.849187 0.528092 0
    outer loop
      vertex 5.86077 -0.599999 0.6
      vertex 5.90224 -0.666684 9
      vertex 5.90224 -0.666684 0.6
    endloop
  endfacet
  facet normal 0.812846 0.582478 0
    outer loop
      vertex 5.94798 -0.730514 9
      vertex 5.90224 -0.666684 0.6
      vertex 5.90224 -0.666684 9
    endloop
  endfacet
  facet normal 0.812846 0.582478 0
    outer loop
      vertex 5.90224 -0.666684 0.6
      vertex 5.94798 -0.730514 9
      vertex 5.94798 -0.730514 0.6
    endloop
  endfacet
  facet normal 0.729861 0.683596 -0
    outer loop
      vertex 6.05147 -0.848528 0.35673
      vertex 5.99779 -0.791215 8.95019
      vertex 6.05147 -0.848528 8.88786
    endloop
  endfacet
  facet normal 0.729861 0.683596 0
    outer loop
      vertex 5.99779 -0.791215 8.95019
      vertex 6.05147 -0.848528 0.35673
      vertex 5.99779 -0.791215 0.285492
    endloop
  endfacet
  facet normal 0.849187 -0.528092 0
    outer loop
      vertex 5.86077 0.599999 9
      vertex 5.90224 0.666684 0.6
      vertex 5.90224 0.666684 9
    endloop
  endfacet
  facet normal 0.849187 -0.528092 0
    outer loop
      vertex 5.90224 0.666684 0.6
      vertex 5.86077 0.599999 9
      vertex 5.86077 0.599999 0.6
    endloop
  endfacet
  facet normal 0.729861 -0.683596 0
    outer loop
      vertex 5.99779 0.791215 8.95019
      vertex 6.05147 0.848528 0.35673
      vertex 6.05147 0.848528 8.88786
    endloop
  endfacet
  facet normal 0.729861 -0.683596 0
    outer loop
      vertex 6.05147 0.848528 0.35673
      vertex 5.99779 0.791215 8.95019
      vertex 5.99779 0.791215 0.285492
    endloop
  endfacet
  facet normal -0.325709 -0.630627 -0.704431
    outer loop
      vertex 6.16949 0.952024 8.75449
      vertex 6.23332 0.997763 8.68403
      vertex 6.21176 0.982313 8.70783
    endloop
  endfacet
  facet normal 0.58247 -0.812852 0
    outer loop
      vertex 6.16949 0.952024 8.75449
      vertex 6.23332 0.997763 0.589683
      vertex 6.23332 0.997763 8.68403
    endloop
  endfacet
  facet normal 0.58247 -0.812852 0
    outer loop
      vertex 6.23332 0.997763 0.589683
      vertex 6.16949 0.952024 8.75449
      vertex 6.16949 0.952024 0.509151
    endloop
  endfacet
  facet normal 0.812846 -0.582478 0
    outer loop
      vertex 5.90224 0.666684 9
      vertex 5.94798 0.730514 0.6
      vertex 5.94798 0.730514 9
    endloop
  endfacet
  facet normal 0.812846 -0.582478 0
    outer loop
      vertex 5.94798 0.730514 0.6
      vertex 5.90224 0.666684 9
      vertex 5.90224 0.666684 0.6
    endloop
  endfacet
  facet normal 0.935909 0.352241 0
    outer loop
      vertex 5.79134 -0.45922 9
      vertex 5.76368 -0.385727 0.6
      vertex 5.76368 -0.385727 9
    endloop
  endfacet
  facet normal 0.935909 0.352241 0
    outer loop
      vertex 5.76368 -0.385727 0.6
      vertex 5.79134 -0.45922 9
      vertex 5.79134 -0.45922 0.6
    endloop
  endfacet
  facet normal 0.412663 0.910884 -0
    outer loop
      vertex 6.40417 -1.09207 0.8
      vertex 6.36925 -1.07625 8.53704
      vertex 6.40417 -1.09207 8.5
    endloop
  endfacet
  facet normal 0.412663 0.910884 0
    outer loop
      vertex 6.36925 -1.07625 8.53704
      vertex 6.40417 -1.09207 0.8
      vertex 6.36925 -1.07625 0.757666
    endloop
  endfacet
  facet normal 0.683608 -0.729849 0
    outer loop
      vertex 6.05147 0.848528 8.88786
      vertex 6.10878 0.902207 0.431389
      vertex 6.10878 0.902207 8.82253
    endloop
  endfacet
  facet normal 0.683608 -0.729849 0
    outer loop
      vertex 6.10878 0.902207 0.431389
      vertex 6.05147 0.848528 8.88786
      vertex 6.05147 0.848528 0.35673
    endloop
  endfacet
  facet normal 0.528093 0.849187 -0
    outer loop
      vertex 6.3 -1.03923 0.672639
      vertex 6.23332 -0.997763 8.68403
      vertex 6.3 -1.03923 8.61144
    endloop
  endfacet
  facet normal 0.528093 0.849187 0
    outer loop
      vertex 6.23332 -0.997763 8.68403
      vertex 6.3 -1.03923 0.672639
      vertex 6.23332 -0.997763 0.589683
    endloop
  endfacet
  facet normal 0.935909 -0.352241 0
    outer loop
      vertex 5.76368 0.385727 9
      vertex 5.79134 0.45922 0.6
      vertex 5.79134 0.45922 9
    endloop
  endfacet
  facet normal 0.935909 -0.352241 0
    outer loop
      vertex 5.79134 0.45922 0.6
      vertex 5.76368 0.385727 9
      vertex 5.76368 0.385727 0.6
    endloop
  endfacet
  facet normal 0.956958 -0.290227 0
    outer loop
      vertex 5.74089 0.310582 9
      vertex 5.76368 0.385727 0.6
      vertex 5.76368 0.385727 9
    endloop
  endfacet
  facet normal 0.956958 -0.290227 0
    outer loop
      vertex 5.76368 0.385727 0.6
      vertex 5.74089 0.310582 9
      vertex 5.74089 0.310582 0.6
    endloop
  endfacet
  facet normal 0.910854 -0.412728 0
    outer loop
      vertex 5.79134 0.45922 9
      vertex 5.82375 0.530746 0.6
      vertex 5.82375 0.530746 9
    endloop
  endfacet
  facet normal 0.910854 -0.412728 0
    outer loop
      vertex 5.82375 0.530746 0.6
      vertex 5.79134 0.45922 9
      vertex 5.79134 0.45922 0.6
    endloop
  endfacet
  facet normal 0.986646 0.162877 0
    outer loop
      vertex 5.72306 -0.234108 9
      vertex 5.71027 -0.156631 0.6
      vertex 5.71027 -0.156631 9
    endloop
  endfacet
  facet normal 0.986646 0.162877 0
    outer loop
      vertex 5.71027 -0.156631 0.6
      vertex 5.72306 -0.234108 9
      vertex 5.72306 -0.234108 0.6
    endloop
  endfacet
  facet normal 0.999464 -0.0327282 0
    outer loop
      vertex 5.7 0 9
      vertex 5.70257 0.0784836 0.6
      vertex 5.70257 0.0784836 9
    endloop
  endfacet
  facet normal 0.999464 -0.0327282 0
    outer loop
      vertex 5.70257 0.0784836 0.6
      vertex 5.7 0 9
      vertex 5.7 0 0.6
    endloop
  endfacet
  facet normal 0.910854 0.412728 0
    outer loop
      vertex 5.82375 -0.530746 9
      vertex 5.79134 -0.45922 0.6
      vertex 5.79134 -0.45922 9
    endloop
  endfacet
  facet normal 0.910854 0.412728 0
    outer loop
      vertex 5.79134 -0.45922 0.6
      vertex 5.82375 -0.530746 9
      vertex 5.82375 -0.530746 0.6
    endloop
  endfacet
  facet normal 0.471447 -0.881894 0
    outer loop
      vertex 6.3 1.03923 8.61144
      vertex 6.36925 1.07625 0.757666
      vertex 6.36925 1.07625 8.53704
    endloop
  endfacet
  facet normal 0.471447 -0.881894 0
    outer loop
      vertex 6.36925 1.07625 0.757666
      vertex 6.3 1.03923 8.61144
      vertex 6.3 1.03923 0.672639
    endloop
  endfacet
  facet normal 0.956958 0.290227 0
    outer loop
      vertex 5.76368 -0.385727 9
      vertex 5.74089 -0.310582 0.6
      vertex 5.74089 -0.310582 9
    endloop
  endfacet
  facet normal 0.956958 0.290227 0
    outer loop
      vertex 5.74089 -0.310582 0.6
      vertex 5.76368 -0.385727 9
      vertex 5.76368 -0.385727 0.6
    endloop
  endfacet
  facet normal 0.97388 0.227061 0
    outer loop
      vertex 5.74089 -0.310582 9
      vertex 5.72306 -0.234108 0.6
      vertex 5.72306 -0.234108 9
    endloop
  endfacet
  facet normal 0.97388 0.227061 0
    outer loop
      vertex 5.72306 -0.234108 0.6
      vertex 5.74089 -0.310582 9
      vertex 5.74089 -0.310582 0.6
    endloop
  endfacet
  facet normal 0.881903 0.471431 0
    outer loop
      vertex 5.86077 -0.599999 9
      vertex 5.82375 -0.530746 0.6
      vertex 5.82375 -0.530746 9
    endloop
  endfacet
  facet normal 0.881903 0.471431 0
    outer loop
      vertex 5.82375 -0.530746 0.6
      vertex 5.86077 -0.599999 9
      vertex 5.86077 -0.599999 0.6
    endloop
  endfacet
  facet normal 0.862729 0.505667 -0
    outer loop
      vertex 5.28859 -3.44682 0.588134
      vertex 5.24888 -3.37907 8.75491
      vertex 5.28859 -3.44682 8.68538
    endloop
  endfacet
  facet normal 0.862729 0.505667 0
    outer loop
      vertex 5.24888 -3.37907 8.75491
      vertex 5.28859 -3.44682 0.588134
      vertex 5.24888 -3.37907 0.50867
    endloop
  endfacet
  facet normal 0.560944 -0.827854 0
    outer loop
      vertex 5.59812 -1.83566 9
      vertex 5.66313 -1.79161 0.162894
      vertex 5.66313 -1.79161 9
    endloop
  endfacet
  facet normal 0.560944 -0.827854 0
    outer loop
      vertex 5.66313 -1.79161 0.162894
      vertex 5.59812 -1.83566 9
      vertex 5.59812 -1.83566 0.106386
    endloop
  endfacet
  facet normal 0.505723 -0.862696 0
    outer loop
      vertex 5.66313 -1.79161 9
      vertex 5.73087 -1.7519 0.223845
      vertex 5.73087 -1.7519 9
    endloop
  endfacet
  facet normal 0.505723 -0.862696 0
    outer loop
      vertex 5.73087 -1.7519 0.223845
      vertex 5.66313 -1.79161 9
      vertex 5.66313 -1.79161 0.162894
    endloop
  endfacet
  facet normal 0.797287 -0.6036 0
    outer loop
      vertex 5.32349 -2.11391 9
      vertex 5.37089 -2.0513 0
      vertex 5.37089 -2.0513 9
    endloop
  endfacet
  facet normal 0.797287 -0.6036 0
    outer loop
      vertex 5.37089 -2.0513 0
      vertex 5.32349 -2.11391 9
      vertex 5.32349 -2.11391 0
    endloop
  endfacet
  facet normal 0.992278 -0.124035 0
    outer loop
      vertex 5.1085 -2.69668 9
      vertex 5.11824 -2.61876 0
      vertex 5.11824 -2.61876 9
    endloop
  endfacet
  facet normal 0.992278 -0.124035 0
    outer loop
      vertex 5.11824 -2.61876 0
      vertex 5.1085 -2.69668 9
      vertex 5.1085 -2.69668 0
    endloop
  endfacet
  facet normal 0.944794 0.327666 -0
    outer loop
      vertex 5.18317 -3.23652 0.358782
      vertex 5.15744 -3.16233 8.94712
      vertex 5.18317 -3.23652 8.88607
    endloop
  endfacet
  facet normal 0.944794 0.327666 0
    outer loop
      vertex 5.15744 -3.16233 8.94712
      vertex 5.18317 -3.23652 0.358782
      vertex 5.15744 -3.16233 0.289001
    endloop
  endfacet
  facet normal 0.86926 -0.494355 0
    outer loop
      vertex 5.24148 -2.24774 9
      vertex 5.2803 -2.17948 0
      vertex 5.2803 -2.17948 9
    endloop
  endfacet
  facet normal 0.86926 -0.494355 0
    outer loop
      vertex 5.2803 -2.17948 0
      vertex 5.24148 -2.24774 9
      vertex 5.24148 -2.24774 0
    endloop
  endfacet
  facet normal 0.899761 -0.436383 0
    outer loop
      vertex 5.20721 -2.3184 9
      vertex 5.24148 -2.24774 0
      vertex 5.24148 -2.24774 9
    endloop
  endfacet
  facet normal 0.899761 -0.436383 0
    outer loop
      vertex 5.24148 -2.24774 0
      vertex 5.20721 -2.3184 9
      vertex 5.20721 -2.3184 0
    endloop
  endfacet
  facet normal 0.999978 0.00662237 -0
    outer loop
      vertex 5.10439 -2.85359 0.0571152
      vertex 5.10387 -2.77507 9
      vertex 5.10439 -2.85359 9
    endloop
  endfacet
  facet normal 0.999978 0.00662237 0
    outer loop
      vertex 5.10387 -2.77507 9
      vertex 5.10439 -2.85359 0.0571152
      vertex 5.10387 -2.77507 0.0142704
    endloop
  endfacet
  facet normal 0.997422 0.0717651 0
    outer loop
      vertex 5.10439 -2.85359 9
      vertex 5.10754 -2.89737 0.0838924
      vertex 5.10439 -2.85359 0.0571152
    endloop
  endfacet
  facet normal 0.997409 0.0719438 -0
    outer loop
      vertex 5.11004 -2.93192 0.105029
      vertex 5.10439 -2.85359 9
      vertex 5.11004 -2.93192 9
    endloop
  endfacet
  facet normal 0.997392 0.072169 -1.99332e-06
    outer loop
      vertex 5.10439 -2.85359 9
      vertex 5.11004 -2.93192 0.105029
      vertex 5.10754 -2.89737 0.0838924
    endloop
  endfacet
  facet normal 0.265121 -0.964215 0
    outer loop
      vertex 5.94761 -1.66046 8.82318
      vertex 6.02333 -1.63964 0.506596
      vertex 6.02333 -1.63964 8.75673
    endloop
  endfacet
  facet normal 0.265121 -0.964215 0
    outer loop
      vertex 6.02333 -1.63964 0.506596
      vertex 5.94761 -1.66046 8.82318
      vertex 5.94761 -1.66046 0.430657
    endloop
  endfacet
  facet normal 0.835114 -0.550077 0
    outer loop
      vertex 5.2803 -2.17948 9
      vertex 5.32349 -2.11391 0
      vertex 5.32349 -2.11391 9
    endloop
  endfacet
  facet normal 0.835114 -0.550077 0
    outer loop
      vertex 5.32349 -2.11391 0
      vertex 5.2803 -2.17948 9
      vertex 5.2803 -2.17948 0
    endloop
  endfacet
  facet normal 0.206902 -0.978342 0.00624552
    outer loop
      vertex 6.02333 -1.63964 8.75673
      vertex 6.10024 -1.62382 8.687
      vertex 6.07757 -1.62848 8.70804
    endloop
  endfacet
  facet normal 0.201477 -0.979493 0
    outer loop
      vertex 6.02333 -1.63964 8.75673
      vertex 6.10024 -1.62382 0.586283
      vertex 6.10024 -1.62382 8.687
    endloop
  endfacet
  facet normal 0.201349 -0.979519 -1.25036e-06
    outer loop
      vertex 6.02333 -1.63964 8.75673
      vertex 6.07757 -1.62848 0.562245
      vertex 6.10024 -1.62382 0.586283
    endloop
  endfacet
  facet normal 0.201531 -0.979482 0
    outer loop
      vertex 6.07757 -1.62848 0.562245
      vertex 6.02333 -1.63964 8.75673
      vertex 6.02333 -1.63964 0.506596
    endloop
  endfacet
  facet normal 0.675326 -0.275308 0.684207
    outer loop
      vertex 6.17803 -1.61306 8.61365
      vertex 6.25635 -1.60741 8.53862
      vertex 6.22274 -1.60983 8.57082
    endloop
  endfacet
  facet normal 0.071953 -0.997408 0
    outer loop
      vertex 6.17803 -1.61306 8.61365
      vertex 6.25635 -1.60741 0.755864
      vertex 6.25635 -1.60741 8.53862
    endloop
  endfacet
  facet normal 0.071953 -0.997408 0
    outer loop
      vertex 6.25635 -1.60741 0.755864
      vertex 6.17803 -1.61306 8.61365
      vertex 6.17803 -1.61306 0.670111
    endloop
  endfacet
  facet normal 0.388672 -0.921376 0
    outer loop
      vertex 5.80107 -1.71671 8.94715
      vertex 5.87342 -1.68619 0.358013
      vertex 5.87342 -1.68619 8.88674
    endloop
  endfacet
  facet normal 0.388672 -0.921376 6.11591e-09
    outer loop
      vertex 5.80107 -1.71671 8.94715
      vertex 5.80382 -1.71555 0.291599
      vertex 5.87342 -1.68619 0.358013
    endloop
  endfacet
  facet normal 0.388656 -0.921383 0
    outer loop
      vertex 5.80382 -1.71555 0.291599
      vertex 5.80107 -1.71671 8.94715
      vertex 5.80107 -1.71671 0.288977
    endloop
  endfacet
  facet normal 0.926336 -0.376698 0
    outer loop
      vertex 5.17763 -2.39114 9
      vertex 5.20721 -2.3184 0
      vertex 5.20721 -2.3184 9
    endloop
  endfacet
  facet normal 0.926336 -0.376698 0
    outer loop
      vertex 5.20721 -2.3184 0
      vertex 5.17763 -2.39114 9
      vertex 5.17763 -2.39114 0
    endloop
  endfacet
  facet normal 0.664237 -0.747522 0
    outer loop
      vertex 5.47744 -1.93603 9
      vertex 5.53614 -1.88387 0.0548902
      vertex 5.53614 -1.88387 9
    endloop
  endfacet
  facet normal 0.664076 -0.747665 -1.89126e-06
    outer loop
      vertex 5.47744 -1.93603 9
      vertex 5.52004 -1.89817 0.0434278
      vertex 5.53614 -1.88387 0.0548902
    endloop
  endfacet
  facet normal 0.664298 -0.747467 0
    outer loop
      vertex 5.52004 -1.89817 0.0434278
      vertex 5.47744 -1.93603 9
      vertex 5.47744 -1.93603 0.013082
    endloop
  endfacet
  facet normal 0.921376 0.388672 -0
    outer loop
      vertex 5.21369 -3.30887 0.43211
      vertex 5.18317 -3.23652 8.88607
      vertex 5.21369 -3.30887 8.8219
    endloop
  endfacet
  facet normal 0.921376 0.388672 0
    outer loop
      vertex 5.18317 -3.23652 8.88607
      vertex 5.21369 -3.30887 0.43211
      vertex 5.18317 -3.23652 0.358782
    endloop
  endfacet
  facet normal 0.71174 -0.702443 0
    outer loop
      vertex 5.42228 -1.99192 9
      vertex 5.47744 -1.93603 0.013082
      vertex 5.47744 -1.93603 9
    endloop
  endfacet
  facet normal 0.71174 -0.702443 0
    outer loop
      vertex 5.42228 -1.99192 0
      vertex 5.47744 -1.93603 0.013082
      vertex 5.42228 -1.99192 9
    endloop
  endfacet
  facet normal 0.711754 -0.702428 -0.000126197
    outer loop
      vertex 5.47744 -1.93603 0.013082
      vertex 5.42228 -1.99192 0
      vertex 5.45768 -1.95605 0
    endloop
  endfacet
  facet normal 0.137017 -0.990569 0
    outer loop
      vertex 6.10024 -1.62382 8.687
      vertex 6.17803 -1.61306 0.670111
      vertex 6.17803 -1.61306 8.61365
    endloop
  endfacet
  facet normal 0.137017 -0.990569 0
    outer loop
      vertex 6.17803 -1.61306 0.670111
      vertex 6.10024 -1.62382 8.687
      vertex 6.10024 -1.62382 0.586283
    endloop
  endfacet
  facet normal 0.982051 -0.188616 0
    outer loop
      vertex 5.11824 -2.61876 9
      vertex 5.13305 -2.54165 0
      vertex 5.13305 -2.54165 9
    endloop
  endfacet
  facet normal 0.982051 -0.188616 0
    outer loop
      vertex 5.13305 -2.54165 0
      vertex 5.11824 -2.61876 9
      vertex 5.11824 -2.61876 0
    endloop
  endfacet
  facet normal 0.967597 -0.2525 0
    outer loop
      vertex 5.13305 -2.54165 9
      vertex 5.15288 -2.46566 0
      vertex 5.15288 -2.46566 9
    endloop
  endfacet
  facet normal 0.967597 -0.2525 0
    outer loop
      vertex 5.15288 -2.46566 0
      vertex 5.13305 -2.54165 9
      vertex 5.13305 -2.54165 0
    endloop
  endfacet
  facet normal 0.949027 -0.315196 0
    outer loop
      vertex 5.15288 -2.46566 9
      vertex 5.17763 -2.39114 0
      vertex 5.17763 -2.39114 9
    endloop
  endfacet
  facet normal 0.949027 -0.315196 0
    outer loop
      vertex 5.17763 -2.39114 0
      vertex 5.15288 -2.46566 9
      vertex 5.15288 -2.46566 0
    endloop
  endfacet
  facet normal 0.893968 0.44813 -0
    outer loop
      vertex 5.24888 -3.37907 0.50867
      vertex 5.21369 -3.30887 8.8219
      vertex 5.24888 -3.37907 8.75491
    endloop
  endfacet
  facet normal 0.893968 0.44813 0
    outer loop
      vertex 5.21369 -3.30887 8.8219
      vertex 5.24888 -3.37907 0.50867
      vertex 5.21369 -3.30887 0.43211
    endloop
  endfacet
  facet normal 0.74717 0.664633 0
    outer loop
      vertex 5.38085 -3.57381 8.5399
      vertex 5.39003 -3.58413 0.769546
      vertex 5.38085 -3.57381 0.754406
    endloop
  endfacet
  facet normal 0.747388 0.664388 -7.06976e-07
    outer loop
      vertex 5.40848 -3.6049 0.8
      vertex 5.38085 -3.57381 8.5399
      vertex 5.39862 -3.5938 8.51424
    endloop
  endfacet
  facet normal 0.747632 0.664113 -0
    outer loop
      vertex 5.40848 -3.6049 0.8
      vertex 5.39862 -3.5938 8.51424
      vertex 5.40848 -3.6049 8.5
    endloop
  endfacet
  facet normal 0.747627 0.664119 1.22336e-06
    outer loop
      vertex 5.38085 -3.57381 8.5399
      vertex 5.40848 -3.6049 0.8
      vertex 5.39003 -3.58413 0.769546
    endloop
  endfacet
  facet normal 0.327666 -0.944794 0
    outer loop
      vertex 5.87342 -1.68619 8.88674
      vertex 5.94761 -1.66046 0.430657
      vertex 5.94761 -1.66046 8.82318
    endloop
  endfacet
  facet normal 0.327666 -0.944794 0
    outer loop
      vertex 5.94761 -1.66046 0.430657
      vertex 5.87342 -1.68619 8.88674
      vertex 5.87342 -1.68619 0.358013
    endloop
  endfacet
  facet normal 0.964127 0.26544 -0.000441385
    outer loop
      vertex 5.15744 -3.16233 8.94712
      vertex 5.13662 -3.08662 9
      vertex 5.13836 -3.09294 9
    endloop
  endfacet
  facet normal 0.964224 0.265087 0
    outer loop
      vertex 5.13662 -3.08662 9
      vertex 5.15085 -3.13838 0.268143
      vertex 5.13662 -3.08662 0.223065
    endloop
  endfacet
  facet normal 0.964206 0.265154 0
    outer loop
      vertex 5.13662 -3.08662 9
      vertex 5.15744 -3.16233 8.94712
      vertex 5.15744 -3.16233 0.289001
    endloop
  endfacet
  facet normal 0.964167 0.265296 -1.3297e-06
    outer loop
      vertex 5.13662 -3.08662 9
      vertex 5.15744 -3.16233 0.289001
      vertex 5.15085 -3.13838 0.268143
    endloop
  endfacet
  facet normal 0.78938 0.613905 -0
    outer loop
      vertex 5.38085 -3.57381 0.754406
      vertex 5.33264 -3.51182 8.61361
      vertex 5.38085 -3.57381 8.5399
    endloop
  endfacet
  facet normal 0.78938 0.613905 0
    outer loop
      vertex 5.33264 -3.51182 8.61361
      vertex 5.38085 -3.57381 0.754406
      vertex 5.33264 -3.51182 0.670164
    endloop
  endfacet
  facet normal 0.756147 -0.654402 0
    outer loop
      vertex 5.37089 -2.0513 9
      vertex 5.42228 -1.99192 0
      vertex 5.42228 -1.99192 9
    endloop
  endfacet
  facet normal 0.756147 -0.654402 0
    outer loop
      vertex 5.42228 -1.99192 0
      vertex 5.37089 -2.0513 9
      vertex 5.37089 -2.0513 0
    endloop
  endfacet
  facet normal 0.613967 -0.789332 0
    outer loop
      vertex 5.53614 -1.88387 9
      vertex 5.59812 -1.83566 0.106386
      vertex 5.59812 -1.83566 9
    endloop
  endfacet
  facet normal 0.613967 -0.789332 0
    outer loop
      vertex 5.53614 -1.88387 0.0548902
      vertex 5.59812 -1.83566 0.106386
      vertex 5.53614 -1.88387 9
    endloop
  endfacet
  facet normal 0.62105 -0.783648 -0.0138463
    outer loop
      vertex 5.59812 -1.83566 0.106386
      vertex 5.53614 -1.88387 0.0548902
      vertex 5.54026 -1.88066 0.0580114
    endloop
  endfacet
  facet normal 0.99826 -0.0589609 0
    outer loop
      vertex 5.10387 -2.77507 0.0142704
      vertex 5.1085 -2.69668 0
      vertex 5.1085 -2.69668 9
    endloop
  endfacet
  facet normal 0.99826 -0.0589609 0
    outer loop
      vertex 5.10387 -2.77507 0.0142704
      vertex 5.1085 -2.69668 9
      vertex 5.10387 -2.77507 9
    endloop
  endfacet
  facet normal 0.998263 -0.0589146 0.000255474
    outer loop
      vertex 5.1085 -2.69668 0
      vertex 5.10387 -2.77507 0.0142704
      vertex 5.10563 -2.74531 0
    endloop
  endfacet
  facet normal 0.979498 0.201452 -0
    outer loop
      vertex 5.13662 -3.08662 0.223065
      vertex 5.1208 -3.0097 9
      vertex 5.13662 -3.08662 9
    endloop
  endfacet
  facet normal 0.979498 0.201452 0
    outer loop
      vertex 5.1208 -3.0097 9
      vertex 5.13662 -3.08662 0.223065
      vertex 5.1208 -3.0097 0.161256
    endloop
  endfacet
  facet normal 0.990566 0.137034 0
    outer loop
      vertex 5.1208 -3.0097 0.161256
      vertex 5.11004 -2.93192 0.105029
      vertex 5.11004 -2.93192 9
    endloop
  endfacet
  facet normal 0.990566 0.137034 -0
    outer loop
      vertex 5.1208 -3.0097 0.161256
      vertex 5.11004 -2.93192 9
      vertex 5.1208 -3.0097 9
    endloop
  endfacet
  facet normal 0.990551 0.137145 0.000156508
    outer loop
      vertex 5.11004 -2.93192 0.105029
      vertex 5.1208 -3.0097 0.161256
      vertex 5.1128 -2.95187 0.118572
    endloop
  endfacet
  facet normal 0.447213 -0.894426 -0.00152315
    outer loop
      vertex 5.73087 -1.7519 9
      vertex 5.80107 -1.71671 8.94715
      vertex 5.73597 -1.74935 9
    endloop
  endfacet
  facet normal 0.44813 -0.893968 0
    outer loop
      vertex 5.73087 -1.7519 9
      vertex 5.80107 -1.71671 0.288977
      vertex 5.80107 -1.71671 8.94715
    endloop
  endfacet
  facet normal 0.44813 -0.893968 0
    outer loop
      vertex 5.80107 -1.71671 0.288977
      vertex 5.73087 -1.7519 9
      vertex 5.73087 -1.7519 0.223845
    endloop
  endfacet
  facet normal 0.00654898 -0.999979 0
    outer loop
      vertex 6.25635 -1.60741 8.53862
      vertex 6.29605 -1.60715 0.8
      vertex 6.29605 -1.60715 8.5
    endloop
  endfacet
  facet normal 0.00654898 -0.999979 0
    outer loop
      vertex 6.29605 -1.60715 0.8
      vertex 6.25635 -1.60741 8.53862
      vertex 6.25635 -1.60741 0.755864
    endloop
  endfacet
  facet normal 0.827814 0.561003 -0
    outer loop
      vertex 5.33264 -3.51182 0.670164
      vertex 5.28859 -3.44682 8.68538
      vertex 5.33264 -3.51182 8.61361
    endloop
  endfacet
  facet normal 0.827814 0.561003 0
    outer loop
      vertex 5.28859 -3.44682 8.68538
      vertex 5.33264 -3.51182 0.670164
      vertex 5.28859 -3.44682 0.588134
    endloop
  endfacet
  facet normal 0.953038 0.302849 -0
    outer loop
      vertex 3.47369 -5.49006 0.8
      vertex 3.46205 -5.45343 8.53728
      vertex 3.47369 -5.49006 8.5
    endloop
  endfacet
  facet normal 0.953038 0.302849 0
    outer loop
      vertex 3.46205 -5.45343 8.53728
      vertex 3.47369 -5.49006 0.8
      vertex 3.46205 -5.45343 0.757397
    endloop
  endfacet
  facet normal -0.0196116 -0.999808 0
    outer loop
      vertex 4.60129 -3.9278 8.94814
      vertex 4.6798 -3.92934 0.358355
      vertex 4.6798 -3.92934 8.88644
    endloop
  endfacet
  facet normal -0.0196116 -0.999808 0
    outer loop
      vertex 4.6798 -3.92934 0.358355
      vertex 4.60129 -3.9278 8.94814
      vertex 4.60129 -3.9278 0.28784
    endloop
  endfacet
  facet normal 0.738712 -0.674022 0
    outer loop
      vertex 3.70451 -4.34836 9
      vertex 3.75744 -4.29035 0
      vertex 3.75744 -4.29035 9
    endloop
  endfacet
  facet normal 0.738712 -0.674022 0
    outer loop
      vertex 3.75744 -4.29035 0
      vertex 3.70451 -4.34836 9
      vertex 3.70451 -4.34836 0
    endloop
  endfacet
  facet normal 0.940424 -0.340004 0
    outer loop
      vertex 3.47573 -4.75688 0.107779
      vertex 3.50243 -4.68303 9
      vertex 3.47573 -4.75688 9
    endloop
  endfacet
  facet normal 0.940424 -0.340004 0
    outer loop
      vertex 3.50243 -4.68303 9
      vertex 3.47573 -4.75688 0.107779
      vertex 3.50243 -4.68303 0.0569198
    endloop
  endfacet
  facet normal 0.111046 -0.993815 0
    outer loop
      vertex 4.44481 -3.94012 9
      vertex 4.52285 -3.9314 0.221112
      vertex 4.52285 -3.9314 9
    endloop
  endfacet
  facet normal 0.111046 -0.993815 0
    outer loop
      vertex 4.44481 -3.94012 0.160825
      vertex 4.52285 -3.9314 0.221112
      vertex 4.44481 -3.94012 9
    endloop
  endfacet
  facet normal 0.111032 -0.993817 1.90053e-05
    outer loop
      vertex 4.52285 -3.9314 0.221112
      vertex 4.44481 -3.94012 0.160825
      vertex 4.48741 -3.93536 0.192662
    endloop
  endfacet
  facet normal 0.781303 -0.624151 0
    outer loop
      vertex 3.6555 -4.40971 9
      vertex 3.70451 -4.34836 0
      vertex 3.70451 -4.34836 9
    endloop
  endfacet
  facet normal 0.781303 -0.624151 0
    outer loop
      vertex 3.70451 -4.34836 0
      vertex 3.6555 -4.40971 9
      vertex 3.6555 -4.40971 0
    endloop
  endfacet
  facet normal 0.888022 -0.4598 0
    outer loop
      vertex 3.5339 -4.61109 0.0110101
      vertex 3.57001 -4.54135 0
      vertex 3.57001 -4.54135 9
    endloop
  endfacet
  facet normal 0.888 -0.459843 -0.000344665
    outer loop
      vertex 3.53757 -4.604 0.00715329
      vertex 3.57001 -4.54135 0
      vertex 3.5339 -4.61109 0.0110101
    endloop
  endfacet
  facet normal 0.887975 -0.45989 -0.000865727
    outer loop
      vertex 3.57001 -4.54135 0
      vertex 3.53757 -4.604 0.00715329
      vertex 3.54485 -4.58993 0
    endloop
  endfacet
  facet normal 0.888022 -0.4598 0
    outer loop
      vertex 3.5339 -4.61109 0.0110101
      vertex 3.57001 -4.54135 9
      vertex 3.5339 -4.61109 9
    endloop
  endfacet
  facet normal 0.889186 -0.457519 0.00505736
    outer loop
      vertex 3.53757 -4.604 0.00715329
      vertex 3.5339 -4.61109 0.0110101
      vertex 3.53564 -4.60773 0.00904842
    endloop
  endfacet
  facet normal -0.340004 -0.940424 0
    outer loop
      vertex 4.98782 -3.98643 8.61198
      vertex 5.06167 -4.01313 0.756668
      vertex 5.06167 -4.01313 8.53792
    endloop
  endfacet
  facet normal -0.340004 -0.940424 0
    outer loop
      vertex 5.06167 -4.01313 0.756668
      vertex 4.98782 -3.98643 8.61198
      vertex 4.98782 -3.98643 0.672027
    endloop
  endfacet
  facet normal 0.59309 -0.805136 0
    outer loop
      vertex 3.87409 -4.18532 0
      vertex 3.93731 -4.13875 9
      vertex 3.87409 -4.18532 9
    endloop
  endfacet
  facet normal 0.59309 -0.805136 0
    outer loop
      vertex 3.93731 -4.13875 9
      vertex 3.87409 -4.18532 0
      vertex 3.93731 -4.13875 0
    endloop
  endfacet
  facet normal 0.999808 -0.0196116 0
    outer loop
      vertex 3.4171 -5.14341 0.429213
      vertex 3.41864 -5.0649 0.356047
      vertex 3.41864 -5.0649 8.88846
    endloop
  endfacet
  facet normal 0.999825 -0.0186951 -0.00112432
    outer loop
      vertex 3.4171 -5.14341 8.82444
      vertex 3.41864 -5.0649 8.88846
      vertex 3.41766 -5.1149 8.84837
    endloop
  endfacet
  facet normal 0.999808 -0.0196116 0
    outer loop
      vertex 3.41864 -5.0649 8.88846
      vertex 3.4171 -5.14341 8.82444
      vertex 3.4171 -5.14341 0.429213
    endloop
  endfacet
  facet normal 0.999821 -0.0189207 0.000741624
    outer loop
      vertex 3.41864 -5.0649 0.356047
      vertex 3.4171 -5.14341 0.429213
      vertex 3.41766 -5.11489 0.401865
    endloop
  endfacet
  facet normal -0.085058 -0.996376 0
    outer loop
      vertex 4.6798 -3.92934 8.88644
      vertex 4.75805 -3.93602 0.432354
      vertex 4.75805 -3.93602 8.82169
    endloop
  endfacet
  facet normal -0.0861247 -0.996284 -9.94533e-06
    outer loop
      vertex 4.6798 -3.92934 8.88644
      vertex 4.75458 -3.93572 0.429078
      vertex 4.75805 -3.93602 0.432354
    endloop
  endfacet
  facet normal -0.0850081 -0.99638 0
    outer loop
      vertex 4.75458 -3.93572 0.429078
      vertex 4.6798 -3.92934 8.88644
      vertex 4.6798 -3.92934 0.358355
    endloop
  endfacet
  facet normal 0.175747 -0.984435 0
    outer loop
      vertex 4.36751 -3.95392 9
      vertex 4.44481 -3.94012 0.160825
      vertex 4.44481 -3.94012 9
    endloop
  endfacet
  facet normal 0.175747 -0.984435 0
    outer loop
      vertex 4.44481 -3.94012 0.160825
      vertex 4.36751 -3.95392 9
      vertex 4.36751 -3.95392 0.1071
    endloop
  endfacet
  facet normal -0.68198 -0.252135 -0.686536
    outer loop
      vertex 4.83568 -3.94779 8.75417
      vertex 4.91238 -3.96462 8.68416
      vertex 4.87568 -3.95657 8.71766
    endloop
  endfacet
  facet normal -0.214327 -0.976762 0
    outer loop
      vertex 4.83568 -3.94779 8.75417
      vertex 4.91238 -3.96462 0.589527
      vertex 4.91238 -3.96462 8.68416
    endloop
  endfacet
  facet normal -0.214327 -0.976762 0
    outer loop
      vertex 4.91238 -3.96462 0.589527
      vertex 4.83568 -3.94779 8.75417
      vertex 4.83568 -3.94779 0.509522
    endloop
  endfacet
  facet normal 0.993815 0.111046 -0
    outer loop
      vertex 3.42942 -5.29989 0.588601
      vertex 3.4207 -5.22185 8.75589
      vertex 3.42942 -5.29989 8.68497
    endloop
  endfacet
  facet normal 0.993815 0.111046 0
    outer loop
      vertex 3.4207 -5.22185 8.75589
      vertex 3.42942 -5.29989 0.588601
      vertex 3.4207 -5.22185 0.507556
    endloop
  endfacet
  facet normal -0.400806 -0.916163 0
    outer loop
      vertex 5.06167 -4.01313 8.53792
      vertex 5.09774 -4.02891 0.8
      vertex 5.09774 -4.02891 8.5
    endloop
  endfacet
  facet normal -0.400806 -0.916163 0
    outer loop
      vertex 5.09774 -4.02891 0.8
      vertex 5.06167 -4.01313 8.53792
      vertex 5.06167 -4.01313 0.756668
    endloop
  endfacet
  facet normal 0.970828 0.239778 -0
    outer loop
      vertex 3.46205 -5.45343 0.757397
      vertex 3.44322 -5.37719 8.612
      vertex 3.46205 -5.45343 8.53728
    endloop
  endfacet
  facet normal 0.970828 0.239778 0
    outer loop
      vertex 3.44322 -5.37719 8.612
      vertex 3.46205 -5.45343 0.757397
      vertex 3.44322 -5.37719 0.672
    endloop
  endfacet
  facet normal 0.998948 0.0458467 -0
    outer loop
      vertex 3.4207 -5.22185 0.507556
      vertex 3.4171 -5.14341 8.82444
      vertex 3.4207 -5.22185 8.75589
    endloop
  endfacet
  facet normal 0.998948 0.0458467 0
    outer loop
      vertex 3.4171 -5.14341 8.82444
      vertex 3.4207 -5.22185 0.507556
      vertex 3.4171 -5.14341 0.429213
    endloop
  endfacet
  facet normal 0.364486 -0.931209 0
    outer loop
      vertex 4.14331 -4.02515 9
      vertex 4.21643 -3.99653 0.0143216
      vertex 4.21643 -3.99653 9
    endloop
  endfacet
  facet normal 0.364486 -0.931209 0
    outer loop
      vertex 4.14331 -4.02515 0
      vertex 4.21643 -3.99653 0.0143216
      vertex 4.14331 -4.02515 9
    endloop
  endfacet
  facet normal 0.364544 -0.931186 -0.00034438
    outer loop
      vertex 4.21643 -3.99653 0.0143216
      vertex 4.14331 -4.02515 0
      vertex 4.18934 -4.00713 0
    endloop
  endfacet
  facet normal 0.988864 -0.14881 -0.0016764
    outer loop
      vertex 3.42532 -4.98665 8.9482
      vertex 3.43709 -4.90902 9
      vertex 3.43616 -4.9152 9
    endloop
  endfacet
  facet normal 0.988701 -0.149903 0
    outer loop
      vertex 3.43709 -4.90902 9
      vertex 3.42532 -4.98665 8.9482
      vertex 3.42532 -4.98665 0.287769
    endloop
  endfacet
  facet normal 0.988701 -0.149903 0
    outer loop
      vertex 3.43709 -4.90902 9
      vertex 3.42532 -4.98665 0.287769
      vertex 3.43709 -4.90902 0.223451
    endloop
  endfacet
  facet normal -0.149903 -0.988701 0
    outer loop
      vertex 4.75805 -3.93602 8.82169
      vertex 4.83568 -3.94779 0.509522
      vertex 4.83568 -3.94779 8.75417
    endloop
  endfacet
  facet normal -0.149903 -0.988701 0
    outer loop
      vertex 4.83568 -3.94779 0.509522
      vertex 4.75805 -3.93602 8.82169
      vertex 4.75805 -3.93602 0.432354
    endloop
  endfacet
  facet normal 0.644371 -0.764713 0
    outer loop
      vertex 3.81404 -4.23592 0
      vertex 3.87409 -4.18532 9
      vertex 3.81404 -4.23592 9
    endloop
  endfacet
  facet normal 0.644371 -0.764713 0
    outer loop
      vertex 3.87409 -4.18532 9
      vertex 3.81404 -4.23592 0
      vertex 3.87409 -4.18532 0
    endloop
  endfacet
  facet normal 0.539148 -0.842211 0
    outer loop
      vertex 3.93731 -4.13875 0
      vertex 4.00345 -4.09641 9
      vertex 3.93731 -4.13875 9
    endloop
  endfacet
  facet normal 0.539148 -0.842211 0
    outer loop
      vertex 4.00345 -4.09641 9
      vertex 3.93731 -4.13875 0
      vertex 4.00345 -4.09641 0
    endloop
  endfacet
  facet normal 0.0455627 -0.998961 -0.0004305
    outer loop
      vertex 4.52285 -3.9314 9
      vertex 4.60129 -3.9278 8.94814
      vertex 4.53162 -3.931 9
    endloop
  endfacet
  facet normal 0.0458467 -0.998948 0
    outer loop
      vertex 4.52285 -3.9314 9
      vertex 4.60129 -3.9278 0.28784
      vertex 4.60129 -3.9278 8.94814
    endloop
  endfacet
  facet normal 0.0458467 -0.998948 0
    outer loop
      vertex 4.60129 -3.9278 0.28784
      vertex 4.52285 -3.9314 9
      vertex 4.52285 -3.9314 0.221112
    endloop
  endfacet
  facet normal 0.482916 -0.875667 0
    outer loop
      vertex 4.00345 -4.09641 0
      vertex 4.07221 -4.05849 9
      vertex 4.00345 -4.09641 9
    endloop
  endfacet
  facet normal 0.482916 -0.875667 0
    outer loop
      vertex 4.07221 -4.05849 9
      vertex 4.00345 -4.09641 0
      vertex 4.07221 -4.05849 0
    endloop
  endfacet
  facet normal 0.976768 -0.214301 0
    outer loop
      vertex 3.43709 -4.90902 0.223451
      vertex 3.45392 -4.83231 9
      vertex 3.43709 -4.90902 9
    endloop
  endfacet
  facet normal 0.976768 -0.214301 0
    outer loop
      vertex 3.45392 -4.83231 9
      vertex 3.43709 -4.90902 0.223451
      vertex 3.45392 -4.83231 0.163367
    endloop
  endfacet
  facet normal 0.820391 -0.571803 0
    outer loop
      vertex 3.6106 -4.47413 9
      vertex 3.6555 -4.40971 0
      vertex 3.6555 -4.40971 9
    endloop
  endfacet
  facet normal 0.820391 -0.571803 0
    outer loop
      vertex 3.6555 -4.40971 0
      vertex 3.6106 -4.47413 9
      vertex 3.6106 -4.47413 0
    endloop
  endfacet
  facet normal 0.239778 -0.970828 0
    outer loop
      vertex 4.29127 -3.97275 9
      vertex 4.36751 -3.95392 0.1071
      vertex 4.36751 -3.95392 9
    endloop
  endfacet
  facet normal 0.239778 -0.970828 0
    outer loop
      vertex 4.36751 -3.95392 0.1071
      vertex 4.29127 -3.97275 9
      vertex 4.29127 -3.97275 0.0581962
    endloop
  endfacet
  facet normal 0.693155 -0.720789 0
    outer loop
      vertex 3.75744 -4.29035 0
      vertex 3.81404 -4.23592 9
      vertex 3.75744 -4.29035 9
    endloop
  endfacet
  facet normal 0.693155 -0.720789 0
    outer loop
      vertex 3.81404 -4.23592 9
      vertex 3.75744 -4.29035 0
      vertex 3.81404 -4.23592 0
    endloop
  endfacet
  facet normal 0.424558 -0.905401 0
    outer loop
      vertex 4.07221 -4.05849 0
      vertex 4.14331 -4.02515 9
      vertex 4.07221 -4.05849 9
    endloop
  endfacet
  facet normal 0.424558 -0.905401 0
    outer loop
      vertex 4.14331 -4.02515 9
      vertex 4.07221 -4.05849 0
      vertex 4.14331 -4.02515 0
    endloop
  endfacet
  facet normal 0.996366 -0.0851765 1.08655e-06
    outer loop
      vertex 3.41864 -5.0649 0.356047
      vertex 3.42532 -4.98665 8.9482
      vertex 3.42307 -5.01297 8.92811
    endloop
  endfacet
  facet normal 0.996381 -0.0849984 0
    outer loop
      vertex 3.41864 -5.0649 0.356047
      vertex 3.42307 -5.01297 8.92811
      vertex 3.41864 -5.0649 8.88846
    endloop
  endfacet
  facet normal 0.996376 -0.085058 0
    outer loop
      vertex 3.42532 -4.98665 8.9482
      vertex 3.41864 -5.0649 0.356047
      vertex 3.42532 -4.98665 0.287769
    endloop
  endfacet
  facet normal 0.960649 -0.277764 0
    outer loop
      vertex 3.45392 -4.83231 0.163367
      vertex 3.47573 -4.75688 9
      vertex 3.45392 -4.83231 9
    endloop
  endfacet
  facet normal 0.960649 -0.277764 0
    outer loop
      vertex 3.47573 -4.75688 9
      vertex 3.45392 -4.83231 0.163367
      vertex 3.47573 -4.75688 0.107779
    endloop
  endfacet
  facet normal 0.85604 -0.51691 0
    outer loop
      vertex 3.57001 -4.54135 9
      vertex 3.6106 -4.47413 0
      vertex 3.6106 -4.47413 9
    endloop
  endfacet
  facet normal 0.85604 -0.51691 0
    outer loop
      vertex 3.6106 -4.47413 0
      vertex 3.57001 -4.54135 9
      vertex 3.57001 -4.54135 0
    endloop
  endfacet
  facet normal 0.984366 0.176137 0
    outer loop
      vertex 3.42942 -5.29989 8.68497
      vertex 3.43083 -5.30777 0.5971
      vertex 3.42942 -5.29989 0.588601
    endloop
  endfacet
  facet normal 0.984413 0.175874 -1.27118e-06
    outer loop
      vertex 3.44322 -5.37719 0.672
      vertex 3.42942 -5.29989 8.68497
      vertex 3.43754 -5.34534 8.64207
    endloop
  endfacet
  facet normal 0.984468 0.175566 -0
    outer loop
      vertex 3.44322 -5.37719 0.672
      vertex 3.43754 -5.34534 8.64207
      vertex 3.44322 -5.37719 8.612
    endloop
  endfacet
  facet normal 0.984443 0.175703 4.36129e-07
    outer loop
      vertex 3.42942 -5.29989 8.68497
      vertex 3.44322 -5.37719 0.672
      vertex 3.43083 -5.30777 0.5971
    endloop
  endfacet
  facet normal -0.27773 -0.960659 0
    outer loop
      vertex 4.91238 -3.96462 8.68416
      vertex 4.98782 -3.98643 0.672027
      vertex 4.98782 -3.98643 8.61198
    endloop
  endfacet
  facet normal -0.27773 -0.960659 0
    outer loop
      vertex 4.98782 -3.98643 0.672027
      vertex 4.91238 -3.96462 8.68416
      vertex 4.91238 -3.96462 0.589527
    endloop
  endfacet
  facet normal 0.916477 -0.400087 0
    outer loop
      vertex 3.5339 -4.61109 9
      vertex 3.53218 -4.61503 0.0135241
      vertex 3.5339 -4.61109 0.0110101
    endloop
  endfacet
  facet normal 0.916175 -0.400779 0
    outer loop
      vertex 3.50243 -4.68303 0.0569198
      vertex 3.5339 -4.61109 9
      vertex 3.50243 -4.68303 9
    endloop
  endfacet
  facet normal 0.916157 -0.400819 3.822e-07
    outer loop
      vertex 3.5339 -4.61109 9
      vertex 3.50243 -4.68303 0.0569198
      vertex 3.53218 -4.61503 0.0135241
    endloop
  endfacet
  facet normal 0.302825 -0.953046 0
    outer loop
      vertex 4.21643 -3.99653 9
      vertex 4.29127 -3.97275 0.0581962
      vertex 4.29127 -3.97275 9
    endloop
  endfacet
  facet normal 0.302825 -0.953046 0
    outer loop
      vertex 4.29127 -3.97275 0.0581962
      vertex 4.21643 -3.99653 9
      vertex 4.21643 -3.99653 0.0143216
    endloop
  endfacet
  facet normal -0.239808 -0.97082 0
    outer loop
      vertex 2.38171 -5.38851 9
      vertex 2.45794 -5.40734 0.163368
      vertex 2.45794 -5.40734 9
    endloop
  endfacet
  facet normal -0.239808 -0.97082 0
    outer loop
      vertex 2.45794 -5.40734 0.163368
      vertex 2.38171 -5.38851 9
      vertex 2.38171 -5.38851 0.107779
    endloop
  endfacet
  facet normal 0.720789 -0.693155 0
    outer loop
      vertex 1.24044 -5.75933 0.107101
      vertex 1.29487 -5.70273 9
      vertex 1.24044 -5.75933 9
    endloop
  endfacet
  facet normal 0.720789 -0.693155 0
    outer loop
      vertex 1.29487 -5.70273 9
      vertex 1.24044 -5.75933 0.107101
      vertex 1.29487 -5.70273 0.0581968
    endloop
  endfacet
  facet normal 0.400732 -0.916195 0
    outer loop
      vertex 1.6156 -5.47919 0
      vertex 1.68755 -5.44772 9
      vertex 1.6156 -5.47919 9
    endloop
  endfacet
  facet normal 0.400732 -0.916195 0
    outer loop
      vertex 1.68755 -5.44772 9
      vertex 1.6156 -5.47919 0
      vertex 1.68755 -5.44772 0
    endloop
  endfacet
  facet normal -0.0458409 -0.998949 0
    outer loop
      vertex 2.14792 -5.36239 9
      vertex 2.22637 -5.36599 0.0110105
      vertex 2.22637 -5.36599 9
    endloop
  endfacet
  facet normal -0.0458409 -0.998949 0
    outer loop
      vertex 2.14792 -5.36239 0
      vertex 2.22637 -5.36599 0.0110105
      vertex 2.14792 -5.36239 9
    endloop
  endfacet
  facet normal -0.0461791 -0.99893 0.00241599
    outer loop
      vertex 2.22637 -5.36599 0.0110105
      vertex 2.14792 -5.36239 0
      vertex 2.22259 -5.36582 0.00904905
    endloop
  endfacet
  facet normal -0.0458803 -0.998947 -5.61557e-05
    outer loop
      vertex 2.22259 -5.36582 0.00904905
      vertex 2.14792 -5.36239 0
      vertex 2.20257 -5.3649 0
    endloop
  endfacet
  facet normal -0.111046 -0.993815 0
    outer loop
      vertex 2.22637 -5.36599 9
      vertex 2.30441 -5.37471 0.0569206
      vertex 2.30441 -5.37471 9
    endloop
  endfacet
  facet normal -0.111046 -0.993815 0
    outer loop
      vertex 2.30441 -5.37471 0.0569206
      vertex 2.22637 -5.36599 9
      vertex 2.22637 -5.36599 0.0110105
    endloop
  endfacet
  facet normal 0.984424 -0.175808 0
    outer loop
      vertex 0.944635 -6.3901 0.756669
      vertex 0.95844 -6.3128 8.61198
      vertex 0.944635 -6.3901 8.53792
    endloop
  endfacet
  facet normal 0.984424 -0.175808 0
    outer loop
      vertex 0.95844 -6.3128 8.61198
      vertex 0.944635 -6.3901 0.756669
      vertex 0.95844 -6.3128 0.672027
    endloop
  endfacet
  facet normal 0.459752 -0.888047 0
    outer loop
      vertex 1.54587 -5.51529 0
      vertex 1.6156 -5.47919 9
      vertex 1.54587 -5.51529 9
    endloop
  endfacet
  facet normal 0.459752 -0.888047 0
    outer loop
      vertex 1.6156 -5.47919 9
      vertex 1.54587 -5.51529 0
      vertex 1.6156 -5.47919 0
    endloop
  endfacet
  facet normal 0.0850688 -0.996375 0
    outer loop
      vertex 1.99117 -5.37061 0
      vertex 2.06941 -5.36393 9
      vertex 1.99117 -5.37061 9
    endloop
  endfacet
  facet normal 0.0850688 -0.996375 0
    outer loop
      vertex 2.06941 -5.36393 9
      vertex 1.99117 -5.37061 0
      vertex 2.06941 -5.36393 0
    endloop
  endfacet
  facet normal 0.277764 -0.960649 0
    outer loop
      vertex 1.7614 -5.42102 0
      vertex 1.83683 -5.39921 9
      vertex 1.7614 -5.42102 9
    endloop
  endfacet
  facet normal 0.277764 -0.960649 0
    outer loop
      vertex 1.83683 -5.39921 9
      vertex 1.7614 -5.42102 0
      vertex 1.83683 -5.39921 0
    endloop
  endfacet
  facet normal 0.214327 -0.976762 0
    outer loop
      vertex 1.83683 -5.39921 0
      vertex 1.91353 -5.38238 9
      vertex 1.83683 -5.39921 9
    endloop
  endfacet
  facet normal 0.214327 -0.976762 0
    outer loop
      vertex 1.91353 -5.38238 9
      vertex 1.83683 -5.39921 0
      vertex 1.91353 -5.38238 0
    endloop
  endfacet
  facet normal 0.905365 -0.424635 0
    outer loop
      vertex 1.06301 -6.0175 8.88644
      vertex 1.03114 -6.08545 0.429078
      vertex 1.06301 -6.0175 0.358355
    endloop
  endfacet
  facet normal 0.905401 -0.424558 0
    outer loop
      vertex 1.02967 -6.0886 0.432355
      vertex 1.06301 -6.0175 8.88644
      vertex 1.02967 -6.0886 8.82169
    endloop
  endfacet
  facet normal 0.906176 -0.4229 -1.70013e-05
    outer loop
      vertex 1.06301 -6.0175 8.88644
      vertex 1.02967 -6.0886 0.432355
      vertex 1.03114 -6.08545 0.429078
    endloop
  endfacet
  facet normal 0.0196116 -0.999808 0
    outer loop
      vertex 2.06941 -5.36393 0
      vertex 2.14792 -5.36239 9
      vertex 2.06941 -5.36393 9
    endloop
  endfacet
  facet normal 0.0196116 -0.999808 0
    outer loop
      vertex 2.14792 -5.36239 9
      vertex 2.06941 -5.36393 0
      vertex 2.14792 -5.36239 0
    endloop
  endfacet
  facet normal -0.424558 -0.905401 0
    outer loop
      vertex 2.60591 -5.45974 8.9482
      vertex 2.67701 -5.49308 0.356047
      vertex 2.67701 -5.49308 8.88846
    endloop
  endfacet
  facet normal -0.424558 -0.905401 0
    outer loop
      vertex 2.67701 -5.49308 0.356047
      vertex 2.60591 -5.45974 8.9482
      vertex 2.60591 -5.45974 0.287768
    endloop
  endfacet
  facet normal 0.149885 -0.988703 0
    outer loop
      vertex 1.91353 -5.38238 0
      vertex 1.99117 -5.37061 9
      vertex 1.91353 -5.38238 9
    endloop
  endfacet
  facet normal 0.149885 -0.988703 0
    outer loop
      vertex 1.99117 -5.37061 9
      vertex 1.91353 -5.38238 0
      vertex 1.99117 -5.37061 0
    endloop
  endfacet
  facet normal -0.302788 -0.953058 0
    outer loop
      vertex 2.45794 -5.40734 9
      vertex 2.53279 -5.43112 0.223451
      vertex 2.53279 -5.43112 9
    endloop
  endfacet
  facet normal -0.302788 -0.953058 0
    outer loop
      vertex 2.53279 -5.43112 0.223451
      vertex 2.45794 -5.40734 9
      vertex 2.45794 -5.40734 0.163368
    endloop
  endfacet
  facet normal -0.73875 -0.673979 0
    outer loop
      vertex 3.01769 -5.75334 0.8
      vertex 2.99178 -5.72494 8.53728
      vertex 2.99178 -5.72494 0.757398
    endloop
  endfacet
  facet normal -0.73875 -0.673979 0
    outer loop
      vertex 2.99178 -5.72494 8.53728
      vertex 3.01769 -5.75334 0.8
      vertex 3.01769 -5.75334 8.5
    endloop
  endfacet
  facet normal 0.764713 -0.644371 0
    outer loop
      vertex 1.18984 -5.81938 0.160826
      vertex 1.24044 -5.75933 9
      vertex 1.18984 -5.81938 9
    endloop
  endfacet
  facet normal 0.764713 -0.644371 0
    outer loop
      vertex 1.24044 -5.75933 9
      vertex 1.18984 -5.81938 0.160826
      vertex 1.24044 -5.75933 0.107101
    endloop
  endfacet
  facet normal 0.931209 -0.364486 0
    outer loop
      vertex 1.00105 -6.16172 0.509522
      vertex 1.02967 -6.0886 8.82169
      vertex 1.00105 -6.16172 8.75417
    endloop
  endfacet
  facet normal 0.931209 -0.364486 0
    outer loop
      vertex 1.02967 -6.0886 8.82169
      vertex 1.00105 -6.16172 0.509522
      vertex 1.02967 -6.0886 0.432355
    endloop
  endfacet
  facet normal 0.571889 -0.820331 0
    outer loop
      vertex 1.41423 -5.60079 0
      vertex 1.47865 -5.55588 9
      vertex 1.41423 -5.60079 9
    endloop
  endfacet
  facet normal 0.571889 -0.820331 0
    outer loop
      vertex 1.47865 -5.55588 9
      vertex 1.41423 -5.60079 0
      vertex 1.47865 -5.55588 0
    endloop
  endfacet
  facet normal 0.993816 -0.111039 0
    outer loop
      vertex 0.940263 -6.42923 0.8
      vertex 0.944635 -6.3901 8.53792
      vertex 0.940263 -6.42923 8.5
    endloop
  endfacet
  facet normal 0.993816 -0.111039 0
    outer loop
      vertex 0.944635 -6.3901 8.53792
      vertex 0.940263 -6.42923 0.8
      vertex 0.944635 -6.3901 0.756669
    endloop
  endfacet
  facet normal 0.51691 -0.85604 0
    outer loop
      vertex 1.47865 -5.55588 0
      vertex 1.54587 -5.51529 9
      vertex 1.47865 -5.55588 9
    endloop
  endfacet
  facet normal 0.51691 -0.85604 0
    outer loop
      vertex 1.54587 -5.51529 9
      vertex 1.47865 -5.55588 0
      vertex 1.54587 -5.51529 0
    endloop
  endfacet
  facet normal 0.624151 -0.781303 0
    outer loop
      vertex 1.35288 -5.6498 0.0143222
      vertex 1.41423 -5.60079 9
      vertex 1.35288 -5.6498 9
    endloop
  endfacet
  facet normal 0.624127 -0.781323 -0.000167671
    outer loop
      vertex 1.41423 -5.60079 0
      vertex 1.35288 -5.6498 0.0143222
      vertex 1.37561 -5.63164 0
    endloop
  endfacet
  facet normal 0.624151 -0.781303 0
    outer loop
      vertex 1.35288 -5.6498 0.0143222
      vertex 1.41423 -5.60079 0
      vertex 1.41423 -5.60079 9
    endloop
  endfacet
  facet normal -0.364761 -0.931101 -0.000448447
    outer loop
      vertex 2.53279 -5.43112 9
      vertex 2.60591 -5.45974 8.9482
      vertex 2.53861 -5.4334 9
    endloop
  endfacet
  facet normal -0.364486 -0.931209 0
    outer loop
      vertex 2.53279 -5.43112 9
      vertex 2.60591 -5.45974 0.287768
      vertex 2.60591 -5.45974 8.9482
    endloop
  endfacet
  facet normal -0.364422 -0.931234 6.16959e-07
    outer loop
      vertex 2.53279 -5.43112 9
      vertex 2.54269 -5.435 0.23216
      vertex 2.60591 -5.45974 0.287768
    endloop
  endfacet
  facet normal -0.364896 -0.931048 0
    outer loop
      vertex 2.54269 -5.435 0.23216
      vertex 2.53279 -5.43112 9
      vertex 2.53279 -5.43112 0.223451
    endloop
  endfacet
  facet normal 0.970828 -0.239778 0
    outer loop
      vertex 0.95844 -6.3128 0.672027
      vertex 0.97727 -6.23656 8.68416
      vertex 0.95844 -6.3128 8.61198
    endloop
  endfacet
  facet normal 0.970828 -0.239778 0
    outer loop
      vertex 0.97727 -6.23656 8.68416
      vertex 0.95844 -6.3128 0.672027
      vertex 0.97727 -6.23656 0.589527
    endloop
  endfacet
  facet normal 0.340004 -0.940424 0
    outer loop
      vertex 1.68755 -5.44772 0
      vertex 1.7614 -5.42102 9
      vertex 1.68755 -5.44772 9
    endloop
  endfacet
  facet normal 0.340004 -0.940424 0
    outer loop
      vertex 1.7614 -5.42102 9
      vertex 1.68755 -5.44772 0
      vertex 1.7614 -5.42102 0
    endloop
  endfacet
  facet normal -0.59303 -0.805181 0
    outer loop
      vertex 2.8119 -5.57334 8.75589
      vertex 2.87513 -5.61991 0.588601
      vertex 2.87513 -5.61991 8.68497
    endloop
  endfacet
  facet normal -0.59303 -0.805181 0
    outer loop
      vertex 2.87513 -5.61991 0.588601
      vertex 2.8119 -5.57334 8.75589
      vertex 2.8119 -5.57334 0.507556
    endloop
  endfacet
  facet normal -0.175747 -0.984435 0
    outer loop
      vertex 2.30441 -5.37471 9
      vertex 2.38171 -5.38851 0.107779
      vertex 2.38171 -5.38851 9
    endloop
  endfacet
  facet normal -0.175747 -0.984435 0
    outer loop
      vertex 2.38171 -5.38851 0.107779
      vertex 2.30441 -5.37471 9
      vertex 2.30441 -5.37471 0.0569206
    endloop
  endfacet
  facet normal 0.842065 -0.539377 0.000411637
    outer loop
      vertex 1.10093 -5.94874 8.94814
      vertex 1.14327 -5.8826 9
      vertex 1.13853 -5.89 9
    endloop
  endfacet
  facet normal 0.842211 -0.539148 0
    outer loop
      vertex 1.14327 -5.8826 9
      vertex 1.10093 -5.94874 8.94814
      vertex 1.10093 -5.94874 0.28784
    endloop
  endfacet
  facet normal 0.842211 -0.539148 0
    outer loop
      vertex 1.14327 -5.8826 9
      vertex 1.10093 -5.94874 0.28784
      vertex 1.14327 -5.8826 0.221111
    endloop
  endfacet
  facet normal -0.483412 -0.875393 -0.000695121
    outer loop
      vertex 2.67701 -5.49308 8.88846
      vertex 2.74577 -5.531 8.82444
      vertex 2.7208 -5.51723 8.84837
    endloop
  endfacet
  facet normal -0.482916 -0.875667 0
    outer loop
      vertex 2.67701 -5.49308 8.88846
      vertex 2.74577 -5.531 0.429213
      vertex 2.74577 -5.531 8.82444
    endloop
  endfacet
  facet normal -0.482916 -0.875667 0
    outer loop
      vertex 2.67701 -5.49308 0.356047
      vertex 2.74577 -5.531 0.429213
      vertex 2.67701 -5.49308 8.88846
    endloop
  endfacet
  facet normal -0.483413 -0.875392 0.000609542
    outer loop
      vertex 2.74577 -5.531 0.429213
      vertex 2.67701 -5.49308 0.356047
      vertex 2.7208 -5.51723 0.401866
    endloop
  endfacet
  facet normal -0.539205 -0.842174 0
    outer loop
      vertex 2.74577 -5.531 8.82444
      vertex 2.8119 -5.57334 0.507556
      vertex 2.8119 -5.57334 8.75589
    endloop
  endfacet
  facet normal -0.539205 -0.842174 0
    outer loop
      vertex 2.8119 -5.57334 0.507556
      vertex 2.74577 -5.531 8.82444
      vertex 2.74577 -5.531 0.429213
    endloop
  endfacet
  facet normal 0.674022 -0.738712 0
    outer loop
      vertex 1.29487 -5.70273 0.0581968
      vertex 1.35288 -5.6498 9
      vertex 1.29487 -5.70273 9
    endloop
  endfacet
  facet normal 0.674022 -0.738712 0
    outer loop
      vertex 1.35288 -5.6498 9
      vertex 1.29487 -5.70273 0.0581968
      vertex 1.35288 -5.6498 0.0143222
    endloop
  endfacet
  facet normal 0.805136 -0.59309 0
    outer loop
      vertex 1.14327 -5.8826 0.221111
      vertex 1.18984 -5.81938 0.160826
      vertex 1.18984 -5.81938 9
    endloop
  endfacet
  facet normal 0.805136 -0.59309 0
    outer loop
      vertex 1.14327 -5.8826 0.221111
      vertex 1.18984 -5.81938 9
      vertex 1.14327 -5.8826 9
    endloop
  endfacet
  facet normal 0.802123 -0.597123 -0.00655657
    outer loop
      vertex 1.18984 -5.81938 0.160826
      vertex 1.14327 -5.8826 0.221111
      vertex 1.16441 -5.85389 0.192662
    endloop
  endfacet
  facet normal -0.644611 -0.76451 0
    outer loop
      vertex 2.91043 -5.64966 8.64207
      vertex 2.93517 -5.67052 0.672001
      vertex 2.93517 -5.67052 8.612
    endloop
  endfacet
  facet normal -0.644435 -0.764659 9.35764e-07
    outer loop
      vertex 2.87513 -5.61991 8.68497
      vertex 2.93517 -5.67052 0.672001
      vertex 2.91043 -5.64966 8.64207
    endloop
  endfacet
  facet normal -0.644498 -0.764606 1.28206e-07
    outer loop
      vertex 2.87513 -5.61991 8.68497
      vertex 2.88125 -5.62507 0.597099
      vertex 2.93517 -5.67052 0.672001
    endloop
  endfacet
  facet normal -0.644597 -0.764522 0
    outer loop
      vertex 2.88125 -5.62507 0.597099
      vertex 2.87513 -5.61991 8.68497
      vertex 2.87513 -5.61991 0.588601
    endloop
  endfacet
  facet normal 0.953043 -0.302835 9.73756e-08
    outer loop
      vertex 0.97727 -6.23656 0.589527
      vertex 1.00105 -6.16172 8.75417
      vertex 0.988648 -6.20075 8.71766
    endloop
  endfacet
  facet normal 0.953049 -0.302815 0
    outer loop
      vertex 0.97727 -6.23656 0.589527
      vertex 0.988648 -6.20075 8.71766
      vertex 0.97727 -6.23656 8.68416
    endloop
  endfacet
  facet normal 0.953046 -0.302825 0
    outer loop
      vertex 1.00105 -6.16172 8.75417
      vertex 0.97727 -6.23656 0.589527
      vertex 1.00105 -6.16172 0.509522
    endloop
  endfacet
  facet normal 0.875667 -0.482916 0
    outer loop
      vertex 1.06301 -6.0175 0.358355
      vertex 1.10093 -5.94874 8.94814
      vertex 1.06301 -6.0175 8.88644
    endloop
  endfacet
  facet normal 0.875667 -0.482916 0
    outer loop
      vertex 1.10093 -5.94874 8.94814
      vertex 1.06301 -6.0175 0.358355
      vertex 1.10093 -5.94874 0.28784
    endloop
  endfacet
  facet normal -0.693025 -0.720914 0
    outer loop
      vertex 2.93517 -5.67052 8.612
      vertex 2.99178 -5.72494 0.757398
      vertex 2.99178 -5.72494 8.53728
    endloop
  endfacet
  facet normal -0.693025 -0.720914 0
    outer loop
      vertex 2.99178 -5.72494 0.757398
      vertex 2.93517 -5.67052 8.612
      vertex 2.93517 -5.67052 0.672001
    endloop
  endfacet
  facet normal 0.6036 -0.797287 0
    outer loop
      vertex -1.47643 -5.92963 0.358013
      vertex -1.41382 -5.88223 8.94714
      vertex -1.47643 -5.92963 8.88674
    endloop
  endfacet
  facet normal 0.603615 -0.797276 -1.74291e-07
    outer loop
      vertex -1.4162 -5.88403 0.2916
      vertex -1.41382 -5.88223 8.94714
      vertex -1.47643 -5.92963 0.358013
    endloop
  endfacet
  facet normal 0.603212 -0.797581 0
    outer loop
      vertex -1.41382 -5.88223 8.94714
      vertex -1.4162 -5.88403 0.2916
      vertex -1.41382 -5.88223 0.288978
    endloop
  endfacet
  facet normal 0.188725 -0.98203 0
    outer loop
      vertex -0.986083 -5.69179 0
      vertex -0.908967 -5.67697 9
      vertex -0.986083 -5.69179 9
    endloop
  endfacet
  facet normal 0.188725 -0.98203 0
    outer loop
      vertex -0.908967 -5.67697 9
      vertex -0.986083 -5.69179 0
      vertex -0.908967 -5.67697 0
    endloop
  endfacet
  facet normal 0.315158 -0.949039 0
    outer loop
      vertex -1.13659 -5.73637 0.0548903
      vertex -1.06206 -5.71162 9
      vertex -1.13659 -5.73637 9
    endloop
  endfacet
  facet normal 0.315158 -0.949039 0
    outer loop
      vertex -1.06206 -5.71162 9
      vertex -1.13659 -5.73637 0.0548903
      vertex -1.06206 -5.71162 0.0130814
    endloop
  endfacet
  facet normal 0.550646 -0.834738 -0.000959432
    outer loop
      vertex -1.41382 -5.88223 8.94714
      vertex -1.34824 -5.83903 9
      vertex -1.353 -5.84217 9
    endloop
  endfacet
  facet normal 0.550108 -0.835094 0
    outer loop
      vertex -1.41382 -5.88223 0.288978
      vertex -1.34824 -5.83903 9
      vertex -1.41382 -5.88223 8.94714
    endloop
  endfacet
  facet normal 0.550108 -0.835094 0
    outer loop
      vertex -1.34824 -5.83903 9
      vertex -1.41382 -5.88223 0.288978
      vertex -1.34824 -5.83903 0.223845
    endloop
  endfacet
  facet normal -0.797324 -0.603552 0
    outer loop
      vertex 0.258723 -6.16963 0.43211
      vertex 0.211329 -6.10702 8.88606
      vertex 0.211329 -6.10702 0.358783
    endloop
  endfacet
  facet normal -0.797296 -0.603588 4.24608e-07
    outer loop
      vertex 0.211329 -6.10702 8.88606
      vertex 0.258723 -6.16963 0.43211
      vertex 0.255775 -6.16573 8.8259
    endloop
  endfacet
  facet normal -0.797736 -0.603007 0
    outer loop
      vertex 0.255775 -6.16573 8.8259
      vertex 0.258723 -6.16963 0.43211
      vertex 0.258723 -6.16963 8.8219
    endloop
  endfacet
  facet normal 0.494259 -0.869315 0
    outer loop
      vertex -1.34824 -5.83903 0.223845
      vertex -1.27998 -5.80022 9
      vertex -1.34824 -5.83903 9
    endloop
  endfacet
  facet normal 0.494259 -0.869315 0
    outer loop
      vertex -1.27998 -5.80022 9
      vertex -1.34824 -5.83903 0.223845
      vertex -1.27998 -5.80022 0.162895
    endloop
  endfacet
  facet normal -0.560972 -0.827835 0
    outer loop
      vertex -0.0809088 -5.84733 9
      vertex -0.0159035 -5.89138 0.10503
      vertex -0.0159035 -5.89138 9
    endloop
  endfacet
  facet normal -0.560972 -0.827835 0
    outer loop
      vertex -0.0159035 -5.89138 0.10503
      vertex -0.0809088 -5.84733 9
      vertex -0.0809088 -5.84733 0.057116
    endloop
  endfacet
  facet normal 0.25254 -0.967586 0
    outer loop
      vertex -1.06206 -5.71162 0.0130814
      vertex -0.986083 -5.69179 9
      vertex -1.06206 -5.71162 9
    endloop
  endfacet
  facet normal 0.252388 -0.967626 -0.000943705
    outer loop
      vertex -0.986083 -5.69179 0
      vertex -1.06206 -5.71162 0.0130814
      vertex -1.03485 -5.70451 0
    endloop
  endfacet
  facet normal 0.25254 -0.967586 0
    outer loop
      vertex -1.06206 -5.71162 0.0130814
      vertex -0.986083 -5.69179 0
      vertex -0.986083 -5.69179 9
    endloop
  endfacet
  facet normal -0.664247 -0.747513 0
    outer loop
      vertex 0.0460796 -5.93959 9
      vertex 0.104778 -5.99175 0.223065
      vertex 0.104778 -5.99175 9
    endloop
  endfacet
  facet normal -0.664247 -0.747513 0
    outer loop
      vertex 0.104778 -5.99175 0.223065
      vertex 0.0460796 -5.93959 9
      vertex 0.0460796 -5.93959 0.161257
    endloop
  endfacet
  facet normal 0.376698 -0.926336 0
    outer loop
      vertex -1.20933 -5.76595 0.106387
      vertex -1.13659 -5.73637 9
      vertex -1.20933 -5.76595 9
    endloop
  endfacet
  facet normal 0.379997 -0.924972 0.00544312
    outer loop
      vertex -1.13659 -5.73637 0.0548903
      vertex -1.20933 -5.76595 0.106387
      vertex -1.14143 -5.73834 0.0580117
    endloop
  endfacet
  facet normal 0.376698 -0.926336 0
    outer loop
      vertex -1.20933 -5.76595 0.106387
      vertex -1.13659 -5.73637 0.0548903
      vertex -1.13659 -5.73637 9
    endloop
  endfacet
  facet normal 0.124036 -0.992278 0
    outer loop
      vertex -0.908967 -5.67697 0
      vertex -0.831048 -5.66723 9
      vertex -0.908967 -5.67697 9
    endloop
  endfacet
  facet normal 0.124036 -0.992278 0
    outer loop
      vertex -0.831048 -5.66723 9
      vertex -0.908967 -5.67697 0
      vertex -0.831048 -5.66723 0
    endloop
  endfacet
  facet normal 0.702507 -0.711677 0
    outer loop
      vertex -1.59169 -6.03617 0.506595
      vertex -1.53581 -5.98101 8.82318
      vertex -1.59169 -6.03617 8.75673
    endloop
  endfacet
  facet normal 0.702507 -0.711677 0
    outer loop
      vertex -1.53581 -5.98101 8.82318
      vertex -1.59169 -6.03617 0.506595
      vertex -1.53581 -5.98101 0.430656
    endloop
  endfacet
  facet normal -0.949027 -0.315196 0
    outer loop
      vertex 0.417692 -6.48633 0.8
      vertex 0.404583 -6.44686 8.53989
      vertex 0.404583 -6.44686 0.754407
    endloop
  endfacet
  facet normal -0.949027 -0.315196 0
    outer loop
      vertex 0.404583 -6.44686 8.53989
      vertex 0.417692 -6.48633 0.8
      vertex 0.417692 -6.48633 8.5
    endloop
  endfacet
  facet normal 0.058834 -0.998268 0
    outer loop
      vertex -0.831048 -5.66723 0
      vertex -0.752658 -5.66261 9
      vertex -0.831048 -5.66723 9
    endloop
  endfacet
  facet normal 0.058834 -0.998268 0
    outer loop
      vertex -0.752658 -5.66261 9
      vertex -0.831048 -5.66723 0
      vertex -0.752658 -5.66261 0
    endloop
  endfacet
  facet normal -0.835067 -0.550148 0
    outer loop
      vertex 0.301921 -6.2352 0.508671
      vertex 0.258723 -6.16963 8.8219
      vertex 0.258723 -6.16963 0.43211
    endloop
  endfacet
  facet normal -0.835067 -0.550148 0
    outer loop
      vertex 0.258723 -6.16963 8.8219
      vertex 0.301921 -6.2352 0.508671
      vertex 0.301921 -6.2352 8.75491
    endloop
  endfacet
  facet normal 0.747499 -0.664263 -5.90603e-07
    outer loop
      vertex -1.64386 -6.09487 0.586282
      vertex -1.59169 -6.03617 8.75673
      vertex -1.62848 -6.07757 8.70804
    endloop
  endfacet
  facet normal 0.747499 -0.664263 0
    outer loop
      vertex -1.59169 -6.03617 8.75673
      vertex -1.62848 -6.07757 0.562244
      vertex -1.59169 -6.03617 0.506595
    endloop
  endfacet
  facet normal 0.747362 -0.664417 0
    outer loop
      vertex -1.64386 -6.09487 0.586282
      vertex -1.62848 -6.07757 8.70804
      vertex -1.64386 -6.09487 8.687
    endloop
  endfacet
  facet normal 0.747363 -0.664416 1.3873e-06
    outer loop
      vertex -1.59169 -6.03617 8.75673
      vertex -1.64386 -6.09487 0.586282
      vertex -1.62848 -6.07757 0.562244
    endloop
  endfacet
  facet normal 0.862781 -0.505577 0
    outer loop
      vertex -1.75619 -6.25611 0.8
      vertex -1.73612 -6.22186 8.53862
      vertex -1.75619 -6.25611 8.5
    endloop
  endfacet
  facet normal 0.862781 -0.505577 0
    outer loop
      vertex -1.73612 -6.22186 8.53862
      vertex -1.75619 -6.25611 0.8
      vertex -1.73612 -6.22186 0.755863
    endloop
  endfacet
  facet normal -0.711727 -0.702456 0
    outer loop
      vertex 0.15994 -6.04764 0.289001
      vertex 0.104778 -5.99175 9
      vertex 0.104778 -5.99175 0.223065
    endloop
  endfacet
  facet normal -0.711727 -0.702456 -0
    outer loop
      vertex 0.15994 -6.04764 8.94712
      vertex 0.104778 -5.99175 9
      vertex 0.15994 -6.04764 0.289001
    endloop
  endfacet
  facet normal -0.711892 -0.702289 -0.000349706
    outer loop
      vertex 0.104778 -5.99175 9
      vertex 0.15994 -6.04764 8.94712
      vertex 0.109385 -5.99642 9
    endloop
  endfacet
  facet normal -0.926358 -0.376643 0
    outer loop
      vertex 0.404583 -6.44686 0.754407
      vertex 0.375008 -6.37412 8.61361
      vertex 0.375008 -6.37412 0.670165
    endloop
  endfacet
  facet normal -0.926358 -0.376643 0
    outer loop
      vertex 0.375008 -6.37412 8.61361
      vertex 0.404583 -6.44686 0.754407
      vertex 0.404583 -6.44686 8.53989
    endloop
  endfacet
  facet normal -0.38878 -0.921331 0
    outer loop
      vertex -0.291204 -5.7419 0
      vertex -0.218854 -5.77243 9
      vertex -0.291204 -5.7419 9
    endloop
  endfacet
  facet normal -0.38878 -0.921331 -0
    outer loop
      vertex -0.218854 -5.77243 9
      vertex -0.291204 -5.7419 0
      vertex -0.218854 -5.77243 0
    endloop
  endfacet
  facet normal -0.201589 -0.97947 0
    outer loop
      vertex -0.518026 -5.67953 0
      vertex -0.441112 -5.69536 9
      vertex -0.518026 -5.67953 9
    endloop
  endfacet
  facet normal -0.201589 -0.97947 -0
    outer loop
      vertex -0.441112 -5.69536 9
      vertex -0.518026 -5.67953 0
      vertex -0.441112 -5.69536 0
    endloop
  endfacet
  facet normal -0.756144 -0.654406 0
    outer loop
      vertex 0.210041 -6.10553 0.357035
      vertex 0.15994 -6.04764 8.94712
      vertex 0.15994 -6.04764 0.289001
    endloop
  endfacet
  facet normal -0.756523 -0.653967 -5.17058e-06
    outer loop
      vertex 0.211329 -6.10702 0.358783
      vertex 0.15994 -6.04764 8.94712
      vertex 0.210041 -6.10553 0.357035
    endloop
  endfacet
  facet normal -0.756153 -0.654395 0
    outer loop
      vertex 0.15994 -6.04764 8.94712
      vertex 0.211329 -6.10702 0.358783
      vertex 0.211329 -6.10702 8.88606
    endloop
  endfacet
  facet normal -0.265134 -0.964212 0
    outer loop
      vertex -0.441112 -5.69536 0
      vertex -0.365396 -5.71618 9
      vertex -0.441112 -5.69536 9
    endloop
  endfacet
  facet normal -0.265134 -0.964212 -0
    outer loop
      vertex -0.365396 -5.71618 9
      vertex -0.441112 -5.69536 0
      vertex -0.365396 -5.71618 0
    endloop
  endfacet
  facet normal -0.327544 -0.944836 0
    outer loop
      vertex -0.365396 -5.71618 0
      vertex -0.291204 -5.7419 9
      vertex -0.365396 -5.71618 9
    endloop
  endfacet
  facet normal -0.327544 -0.944836 -0
    outer loop
      vertex -0.291204 -5.7419 9
      vertex -0.365396 -5.71618 0
      vertex -0.291204 -5.7419 0
    endloop
  endfacet
  facet normal -0.899761 -0.436383 0
    outer loop
      vertex 0.375008 -6.37412 0.670165
      vertex 0.340738 -6.30346 8.68538
      vertex 0.340738 -6.30346 0.588135
    endloop
  endfacet
  facet normal -0.899761 -0.436383 0
    outer loop
      vertex 0.340738 -6.30346 8.68538
      vertex 0.375008 -6.37412 0.670165
      vertex 0.375008 -6.37412 8.61361
    endloop
  endfacet
  facet normal -0.137023 -0.990568 0
    outer loop
      vertex -0.595812 -5.66877 0
      vertex -0.518026 -5.67953 9
      vertex -0.595812 -5.66877 9
    endloop
  endfacet
  facet normal -0.137023 -0.990568 -0
    outer loop
      vertex -0.518026 -5.67953 9
      vertex -0.595812 -5.66877 0
      vertex -0.518026 -5.67953 0
    endloop
  endfacet
  facet normal 0.654329 -0.75621 0
    outer loop
      vertex -1.53581 -5.98101 0.430656
      vertex -1.47643 -5.92963 8.88674
      vertex -1.53581 -5.98101 8.82318
    endloop
  endfacet
  facet normal 0.654329 -0.75621 0
    outer loop
      vertex -1.47643 -5.92963 8.88674
      vertex -1.53581 -5.98101 0.430656
      vertex -1.47643 -5.92963 0.358013
    endloop
  endfacet
  facet normal -0.00662203 -0.999978 0
    outer loop
      vertex -0.752658 -5.66261 0
      vertex -0.674134 -5.66313 9
      vertex -0.752658 -5.66261 9
    endloop
  endfacet
  facet normal -0.00662203 -0.999978 -0
    outer loop
      vertex -0.674134 -5.66313 9
      vertex -0.752658 -5.66261 0
      vertex -0.674134 -5.66313 0
    endloop
  endfacet
  facet normal 0.827839 -0.560966 -4.44396e-07
    outer loop
      vertex -1.73612 -6.22186 0.755863
      vertex -1.69207 -6.15686 8.61365
      vertex -1.71721 -6.19396 8.57082
    endloop
  endfacet
  facet normal 0.827781 -0.561051 0
    outer loop
      vertex -1.73612 -6.22186 0.755863
      vertex -1.71721 -6.19396 8.57082
      vertex -1.73612 -6.22186 8.53862
    endloop
  endfacet
  facet normal 0.827814 -0.561003 0
    outer loop
      vertex -1.69207 -6.15686 8.61365
      vertex -1.73612 -6.22186 0.755863
      vertex -1.69207 -6.15686 0.670111
    endloop
  endfacet
  facet normal -0.869276 -0.494326 0
    outer loop
      vertex 0.340738 -6.30346 0.588135
      vertex 0.301921 -6.2352 8.75491
      vertex 0.301921 -6.2352 0.508671
    endloop
  endfacet
  facet normal -0.869276 -0.494326 0
    outer loop
      vertex 0.301921 -6.2352 8.75491
      vertex 0.340738 -6.30346 0.588135
      vertex 0.340738 -6.30346 8.68538
    endloop
  endfacet
  facet normal -0.505688 -0.862716 0
    outer loop
      vertex -0.148655 -5.80762 9
      vertex -0.0809088 -5.84733 0.057116
      vertex -0.0809088 -5.84733 9
    endloop
  endfacet
  facet normal -0.505688 -0.862716 0
    outer loop
      vertex -0.0809088 -5.84733 0.057116
      vertex -0.148655 -5.80762 9
      vertex -0.148655 -5.80762 0.014271
    endloop
  endfacet
  facet normal -0.448135 -0.893966 0
    outer loop
      vertex -0.218854 -5.77243 9
      vertex -0.148655 -5.80762 0.014271
      vertex -0.148655 -5.80762 9
    endloop
  endfacet
  facet normal -0.448135 -0.893966 0
    outer loop
      vertex -0.218854 -5.77243 0
      vertex -0.148655 -5.80762 0.014271
      vertex -0.218854 -5.77243 9
    endloop
  endfacet
  facet normal -0.448117 -0.893975 -0.000115548
    outer loop
      vertex -0.148655 -5.80762 0.014271
      vertex -0.218854 -5.77243 0
      vertex -0.175304 -5.79426 0
    endloop
  endfacet
  facet normal 0.436433 -0.899737 0
    outer loop
      vertex -1.27998 -5.80022 0.162895
      vertex -1.20933 -5.76595 9
      vertex -1.27998 -5.80022 9
    endloop
  endfacet
  facet normal 0.436433 -0.899737 0
    outer loop
      vertex -1.20933 -5.76595 9
      vertex -1.27998 -5.80022 0.162895
      vertex -1.20933 -5.76595 0.106387
    endloop
  endfacet
  facet normal 0.78938 -0.613905 0
    outer loop
      vertex -1.69207 -6.15686 0.670111
      vertex -1.64386 -6.09487 8.687
      vertex -1.69207 -6.15686 8.61365
    endloop
  endfacet
  facet normal 0.78938 -0.613905 0
    outer loop
      vertex -1.64386 -6.09487 8.687
      vertex -1.69207 -6.15686 0.670111
      vertex -1.64386 -6.09487 0.586282
    endloop
  endfacet
  facet normal -0.613948 -0.789347 0
    outer loop
      vertex -0.0159035 -5.89138 9
      vertex 0.0460796 -5.93959 0.161257
      vertex 0.0460796 -5.93959 9
    endloop
  endfacet
  facet normal -0.613948 -0.789347 0
    outer loop
      vertex -0.0159035 -5.89138 0.10503
      vertex 0.0460796 -5.93959 0.161257
      vertex -0.0159035 -5.89138 9
    endloop
  endfacet
  facet normal -0.614137 -0.7892 0.000334098
    outer loop
      vertex 0.0460796 -5.93959 0.161257
      vertex -0.0159035 -5.89138 0.10503
      vertex 0 -5.90375 0.118572
    endloop
  endfacet
  facet normal -0.0718244 -0.997417 0
    outer loop
      vertex -0.674134 -5.66313 0
      vertex -0.595812 -5.66877 9
      vertex -0.674134 -5.66313 9
    endloop
  endfacet
  facet normal -0.0718244 -0.997417 -0
    outer loop
      vertex -0.595812 -5.66877 9
      vertex -0.674134 -5.66313 0
      vertex -0.595812 -5.66877 0
    endloop
  endfacet
  facet normal -0.910841 -0.412757 0
    outer loop
      vertex -2.34134 -5.51635 0.221882
      vertex -2.37375 -5.44483 9
      vertex -2.37375 -5.44483 0.162678
    endloop
  endfacet
  facet normal -0.910841 -0.412757 0
    outer loop
      vertex -2.37375 -5.44483 9
      vertex -2.34134 -5.51635 0.221882
      vertex -2.34134 -5.51635 9
    endloop
  endfacet
  facet normal 0.52812 -0.84917 0
    outer loop
      vertex -4.11668 -4.97781 0.757666
      vertex -4.05 -4.93634 8.61144
      vertex -4.11668 -4.97781 8.53704
    endloop
  endfacet
  facet normal 0.52812 -0.84917 0
    outer loop
      vertex -4.05 -4.93634 8.61144
      vertex -4.11668 -4.97781 0.757666
      vertex -4.05 -4.93634 0.672639
    endloop
  endfacet
  facet normal -0.290325 -0.956928 0
    outer loop
      vertex -3.13942 -4.81646 0
      vertex -3.06427 -4.83926 9
      vertex -3.13942 -4.81646 9
    endloop
  endfacet
  facet normal -0.290325 -0.956928 -0
    outer loop
      vertex -3.06427 -4.83926 9
      vertex -3.13942 -4.81646 0
      vertex -3.06427 -4.83926 0
    endloop
  endfacet
  facet normal 0.290325 -0.956928 0
    outer loop
      vertex -3.83573 -4.83926 0.431388
      vertex -3.76058 -4.81646 8.88786
      vertex -3.83573 -4.83926 8.82254
    endloop
  endfacet
  facet normal 0.290325 -0.956928 0
    outer loop
      vertex -3.76058 -4.81646 8.88786
      vertex -3.83573 -4.83926 0.431388
      vertex -3.76058 -4.81646 0.356729
    endloop
  endfacet
  facet normal -0.999464 -0.0327297 0
    outer loop
      vertex -2.25 -5.97557 0.672639
      vertex -2.25257 -5.89709 8.68403
      vertex -2.25257 -5.89709 0.589683
    endloop
  endfacet
  facet normal -0.999464 -0.0327297 0
    outer loop
      vertex -2.25257 -5.89709 8.68403
      vertex -2.25 -5.97557 0.672639
      vertex -2.25 -5.97557 8.61144
    endloop
  endfacet
  facet normal -0.849205 -0.528063 0
    outer loop
      vertex -2.41077 -5.37558 0.108017
      vertex -2.45224 -5.30889 9
      vertex -2.45224 -5.30889 0.0581309
    endloop
  endfacet
  facet normal -0.849205 -0.528063 0
    outer loop
      vertex -2.45224 -5.30889 9
      vertex -2.41077 -5.37558 0.108017
      vertex -2.41077 -5.37558 9
    endloop
  endfacet
  facet normal 0.163222 -0.986589 -0.000434626
    outer loop
      vertex -3.68183 -4.79826 8.95193
      vertex -3.60663 -4.78584 9
      vertex -3.61479 -4.78719 9
    endloop
  endfacet
  facet normal 0.177115 -0.983925 -0.0228566
    outer loop
      vertex -3.68411 -4.79863 8.95019
      vertex -3.60663 -4.78584 9
      vertex -3.68183 -4.79826 8.95193
    endloop
  endfacet
  facet normal 0.162871 -0.986647 0
    outer loop
      vertex -3.68411 -4.79863 0.285493
      vertex -3.60663 -4.78584 9
      vertex -3.68411 -4.79863 8.95019
    endloop
  endfacet
  facet normal 0.207199 -0.976695 0.0559942
    outer loop
      vertex -3.60663 -4.78584 0.221882
      vertex -3.68411 -4.79863 0.285493
      vertex -3.68183 -4.79826 0.28351
    endloop
  endfacet
  facet normal 0.162871 -0.986647 0
    outer loop
      vertex -3.68411 -4.79863 0.285493
      vertex -3.60663 -4.78584 0.221882
      vertex -3.60663 -4.78584 9
    endloop
  endfacet
  facet normal -0.162871 -0.986647 0
    outer loop
      vertex -3.29337 -4.78584 0.0132351
      vertex -3.21589 -4.79863 9
      vertex -3.29337 -4.78584 9
    endloop
  endfacet
  facet normal -0.162912 -0.986641 -0.000249645
    outer loop
      vertex -3.21589 -4.79863 0
      vertex -3.29337 -4.78584 0.0132351
      vertex -3.26755 -4.7901 0
    endloop
  endfacet
  facet normal -0.162871 -0.986647 0
    outer loop
      vertex -3.29337 -4.78584 0.0132351
      vertex -3.21589 -4.79863 0
      vertex -3.21589 -4.79863 9
    endloop
  endfacet
  facet normal -0.812846 -0.582478 0
    outer loop
      vertex -2.45224 -5.30889 0.0581309
      vertex -2.49798 -5.24506 9
      vertex -2.49798 -5.24506 0.0132348
    endloop
  endfacet
  facet normal -0.812846 -0.582478 0
    outer loop
      vertex -2.49798 -5.24506 9
      vertex -2.45224 -5.30889 0.0581309
      vertex -2.45224 -5.30889 9
    endloop
  endfacet
  facet normal -0.412709 -0.910863 0
    outer loop
      vertex -2.99078 -4.86692 0
      vertex -2.91925 -4.89933 9
      vertex -2.99078 -4.86692 9
    endloop
  endfacet
  facet normal -0.412709 -0.910863 -0
    outer loop
      vertex -2.91925 -4.89933 9
      vertex -2.99078 -4.86692 0
      vertex -2.91925 -4.89933 0
    endloop
  endfacet
  facet normal -0.956953 -0.290244 0
    outer loop
      vertex -2.29089 -5.66499 0.35673
      vertex -2.31368 -5.58985 8.95019
      vertex -2.31368 -5.58985 0.285493
    endloop
  endfacet
  facet normal -0.956953 -0.290244 0
    outer loop
      vertex -2.31368 -5.58985 8.95019
      vertex -2.29089 -5.66499 0.35673
      vertex -2.29089 -5.66499 8.88786
    endloop
  endfacet
  facet normal 0.582496 -0.812834 0
    outer loop
      vertex -4.14784 -5.00014 0.8
      vertex -4.11668 -4.97781 8.53704
      vertex -4.14784 -5.00014 8.5
    endloop
  endfacet
  facet normal 0.582496 -0.812834 0
    outer loop
      vertex -4.11668 -4.97781 8.53704
      vertex -4.14784 -5.00014 0.8
      vertex -4.11668 -4.97781 0.757666
    endloop
  endfacet
  facet normal -0.634367 -0.773032 0
    outer loop
      vertex -2.71949 -5.02355 0
      vertex -2.65878 -5.07337 9
      vertex -2.71949 -5.02355 9
    endloop
  endfacet
  facet normal -0.634367 -0.773032 -0
    outer loop
      vertex -2.65878 -5.07337 9
      vertex -2.71949 -5.02355 0
      vertex -2.65878 -5.07337 0
    endloop
  endfacet
  facet normal 0.0980537 -0.995181 0
    outer loop
      vertex -3.60663 -4.78584 0.221882
      vertex -3.52848 -4.77814 9
      vertex -3.60663 -4.78584 9
    endloop
  endfacet
  facet normal 0.0979226 -0.995194 1.17803e-06
    outer loop
      vertex -3.5487 -4.78014 0.177996
      vertex -3.52848 -4.77814 9
      vertex -3.60663 -4.78584 0.221882
    endloop
  endfacet
  facet normal 0.0984316 -0.995144 0
    outer loop
      vertex -3.52848 -4.77814 9
      vertex -3.5487 -4.78014 0.177996
      vertex -3.52848 -4.77814 0.162678
    endloop
  endfacet
  facet normal -0.729843 -0.683615 0
    outer loop
      vertex -2.54779 -5.18436 0
      vertex -2.60147 -5.12705 9
      vertex -2.60147 -5.12705 0
    endloop
  endfacet
  facet normal -0.729843 -0.683615 0
    outer loop
      vertex -2.60147 -5.12705 9
      vertex -2.54779 -5.18436 0
      vertex -2.54779 -5.18436 9
    endloop
  endfacet
  facet normal 0.227073 -0.973878 0
    outer loop
      vertex -3.76058 -4.81646 0.356729
      vertex -3.68411 -4.79863 8.95019
      vertex -3.76058 -4.81646 8.88786
    endloop
  endfacet
  facet normal 0.227073 -0.973878 0
    outer loop
      vertex -3.68411 -4.79863 8.95019
      vertex -3.76058 -4.81646 0.356729
      vertex -3.68411 -4.79863 0.285493
    endloop
  endfacet
  facet normal 0.412809 -0.910818 0
    outer loop
      vertex -3.98075 -4.89933 0.589682
      vertex -3.95659 -4.88838 8.70783
      vertex -3.98075 -4.89933 8.68403
    endloop
  endfacet
  facet normal 0.412658 -0.910886 5.41406e-07
    outer loop
      vertex -3.98075 -4.89933 0.589682
      vertex -3.90922 -4.86692 8.75449
      vertex -3.95659 -4.88838 8.70783
    endloop
  endfacet
  facet normal 0.412709 -0.910863 0
    outer loop
      vertex -3.90922 -4.86692 8.75449
      vertex -3.98075 -4.89933 0.589682
      vertex -3.90922 -4.86692 0.509151
    endloop
  endfacet
  facet normal -0.986639 -0.162919 0
    outer loop
      vertex -2.26038 -5.81826 0.508468
      vertex -2.27306 -5.74147 8.82253
      vertex -2.27306 -5.74147 0.431389
    endloop
  endfacet
  facet normal -0.987163 -0.159719 -3.03626e-05
    outer loop
      vertex -2.26027 -5.81894 0.50915
      vertex -2.27306 -5.74147 8.82253
      vertex -2.26038 -5.81826 0.508468
    endloop
  endfacet
  facet normal -0.986644 -0.162891 0
    outer loop
      vertex -2.27306 -5.74147 8.82253
      vertex -2.26027 -5.81894 0.50915
      vertex -2.26027 -5.81894 8.75449
    endloop
  endfacet
  facet normal -0.52812 -0.84917 0
    outer loop
      vertex -2.85 -4.93634 0
      vertex -2.78332 -4.97781 9
      vertex -2.85 -4.93634 9
    endloop
  endfacet
  facet normal -0.52812 -0.84917 -0
    outer loop
      vertex -2.78332 -4.97781 9
      vertex -2.85 -4.93634 0
      vertex -2.78332 -4.97781 0
    endloop
  endfacet
  facet normal -0.999464 0.0327255 0
    outer loop
      vertex -2.25257 -6.05406 0.757667
      vertex -2.25 -5.97557 8.61144
      vertex -2.25 -5.97557 0.672639
    endloop
  endfacet
  facet normal -0.999464 0.0327255 0
    outer loop
      vertex -2.25 -5.97557 8.61144
      vertex -2.25257 -6.05406 0.757667
      vertex -2.25257 -6.05406 8.53704
    endloop
  endfacet
  facet normal -0.683615 -0.729843 0
    outer loop
      vertex -2.65878 -5.07337 0
      vertex -2.60147 -5.12705 9
      vertex -2.65878 -5.07337 9
    endloop
  endfacet
  facet normal -0.683615 -0.729843 -0
    outer loop
      vertex -2.60147 -5.12705 9
      vertex -2.65878 -5.07337 0
      vertex -2.60147 -5.12705 0
    endloop
  endfacet
  facet normal -0.881894 -0.471447 0
    outer loop
      vertex -2.37375 -5.44483 0.162678
      vertex -2.41077 -5.37558 9
      vertex -2.41077 -5.37558 0.108017
    endloop
  endfacet
  facet normal -0.881894 -0.471447 0
    outer loop
      vertex -2.41077 -5.37558 9
      vertex -2.37375 -5.44483 0.162678
      vertex -2.37375 -5.44483 9
    endloop
  endfacet
  facet normal -0.227073 -0.973878 0
    outer loop
      vertex -3.21589 -4.79863 0
      vertex -3.13942 -4.81646 9
      vertex -3.21589 -4.79863 9
    endloop
  endfacet
  facet normal -0.227073 -0.973878 -0
    outer loop
      vertex -3.13942 -4.81646 9
      vertex -3.21589 -4.79863 0
      vertex -3.13942 -4.81646 0
    endloop
  endfacet
  facet normal -0.471348 -0.881947 0
    outer loop
      vertex -2.91925 -4.89933 0
      vertex -2.85 -4.93634 9
      vertex -2.91925 -4.89933 9
    endloop
  endfacet
  facet normal -0.471348 -0.881947 -0
    outer loop
      vertex -2.85 -4.93634 9
      vertex -2.91925 -4.89933 0
      vertex -2.85 -4.93634 0
    endloop
  endfacet
  facet normal -0.773037 -0.634361 -5.2391e-05
    outer loop
      vertex -2.49798 -5.24506 0.0132348
      vertex -2.54779 -5.18436 0
      vertex -2.51458 -5.22483 0
    endloop
  endfacet
  facet normal -0.773043 -0.634354 0
    outer loop
      vertex -2.54779 -5.18436 0
      vertex -2.49798 -5.24506 0.0132348
      vertex -2.54779 -5.18436 9
    endloop
  endfacet
  facet normal -0.773043 -0.634354 0
    outer loop
      vertex -2.54779 -5.18436 9
      vertex -2.49798 -5.24506 0.0132348
      vertex -2.49798 -5.24506 9
    endloop
  endfacet
  facet normal 0.471348 -0.881947 0
    outer loop
      vertex -4.05 -4.93634 0.672639
      vertex -3.98075 -4.89933 8.68403
      vertex -4.05 -4.93634 8.61144
    endloop
  endfacet
  facet normal 0.471348 -0.881947 0
    outer loop
      vertex -3.98075 -4.89933 8.68403
      vertex -4.05 -4.93634 0.672639
      vertex -3.98075 -4.89933 0.589682
    endloop
  endfacet
  facet normal 0.0327297 -0.999464 0
    outer loop
      vertex -3.52848 -4.77814 0.162678
      vertex -3.45 -4.77557 9
      vertex -3.52848 -4.77814 9
    endloop
  endfacet
  facet normal 0.0327297 -0.999464 0
    outer loop
      vertex -3.45 -4.77557 9
      vertex -3.52848 -4.77814 0.162678
      vertex -3.45 -4.77557 0.108017
    endloop
  endfacet
  facet normal -0.995181 -0.0980537 0
    outer loop
      vertex -2.25257 -5.89709 0.589683
      vertex -2.26027 -5.81894 8.75449
      vertex -2.26027 -5.81894 0.50915
    endloop
  endfacet
  facet normal -0.995179 -0.0980758 2.13822e-07
    outer loop
      vertex -2.26027 -5.81894 8.75449
      vertex -2.25257 -5.89709 0.589683
      vertex -2.25517 -5.87069 8.70783
    endloop
  endfacet
  facet normal -0.995185 -0.0980107 0
    outer loop
      vertex -2.25517 -5.87069 8.70783
      vertex -2.25257 -5.89709 0.589683
      vertex -2.25257 -5.89709 8.68403
    endloop
  endfacet
  facet normal -0.93592 -0.352212 0
    outer loop
      vertex -2.31368 -5.58985 0.285493
      vertex -2.34134 -5.51635 9
      vertex -2.34134 -5.51635 0.221882
    endloop
  endfacet
  facet normal -0.93592 -0.352212 -0
    outer loop
      vertex -2.31368 -5.58985 8.95019
      vertex -2.34134 -5.51635 9
      vertex -2.31368 -5.58985 0.285493
    endloop
  endfacet
  facet normal -0.95018 -0.305938 0.0596683
    outer loop
      vertex -2.31368 -5.58985 0.285493
      vertex -2.34134 -5.51635 0.221882
      vertex -2.3145 -5.58769 0.28351
    endloop
  endfacet
  facet normal -0.93618 -0.35152 -0.00113995
    outer loop
      vertex -2.34134 -5.51635 9
      vertex -2.3257 -5.55792 8.97443
      vertex -2.33843 -5.5241 9
    endloop
  endfacet
  facet normal -0.940963 -0.337637 -0.0243069
    outer loop
      vertex -2.3145 -5.58769 8.95193
      vertex -2.34134 -5.51635 9
      vertex -2.31368 -5.58985 8.95019
    endloop
  endfacet
  facet normal -0.935929 -0.352189 0.000101062
    outer loop
      vertex -2.34134 -5.51635 9
      vertex -2.3145 -5.58769 8.95193
      vertex -2.3257 -5.55792 8.97443
    endloop
  endfacet
  facet normal -0.582478 -0.812846 0
    outer loop
      vertex -2.78332 -4.97781 0
      vertex -2.71949 -5.02355 9
      vertex -2.78332 -4.97781 9
    endloop
  endfacet
  facet normal -0.582478 -0.812846 -0
    outer loop
      vertex -2.71949 -5.02355 9
      vertex -2.78332 -4.97781 0
      vertex -2.71949 -5.02355 0
    endloop
  endfacet
  facet normal -0.352254 -0.935905 0
    outer loop
      vertex -3.06427 -4.83926 0
      vertex -2.99078 -4.86692 9
      vertex -3.06427 -4.83926 9
    endloop
  endfacet
  facet normal -0.352254 -0.935905 -0
    outer loop
      vertex -2.99078 -4.86692 9
      vertex -3.06427 -4.83926 0
      vertex -2.99078 -4.86692 0
    endloop
  endfacet
  facet normal 0.352254 -0.935905 0
    outer loop
      vertex -3.90922 -4.86692 0.509151
      vertex -3.83573 -4.83926 8.82254
      vertex -3.90922 -4.86692 8.75449
    endloop
  endfacet
  facet normal 0.352254 -0.935905 0
    outer loop
      vertex -3.83573 -4.83926 8.82254
      vertex -3.90922 -4.86692 0.509151
      vertex -3.83573 -4.83926 0.431388
    endloop
  endfacet
  facet normal -0.973884 -0.227044 0
    outer loop
      vertex -2.27306 -5.74147 0.431389
      vertex -2.29089 -5.66499 8.88786
      vertex -2.29089 -5.66499 0.35673
    endloop
  endfacet
  facet normal -0.973884 -0.227044 0
    outer loop
      vertex -2.29089 -5.66499 8.88786
      vertex -2.27306 -5.74147 0.431389
      vertex -2.27306 -5.74147 8.82253
    endloop
  endfacet
  facet normal -0.0980537 -0.995181 0
    outer loop
      vertex -3.37152 -4.77814 0.0581309
      vertex -3.29337 -4.78584 9
      vertex -3.37152 -4.77814 9
    endloop
  endfacet
  facet normal -0.0980537 -0.995181 -0
    outer loop
      vertex -3.29337 -4.78584 9
      vertex -3.37152 -4.77814 0.0581309
      vertex -3.29337 -4.78584 0.0132351
    endloop
  endfacet
  facet normal -0.995176 0.0981086 0
    outer loop
      vertex -2.25633 -6.0922 0.8
      vertex -2.25257 -6.05406 8.53704
      vertex -2.25257 -6.05406 0.757667
    endloop
  endfacet
  facet normal -0.995176 0.0981086 0
    outer loop
      vertex -2.25257 -6.05406 8.53704
      vertex -2.25633 -6.0922 0.8
      vertex -2.25633 -6.0922 8.5
    endloop
  endfacet
  facet normal -0.0327297 -0.999464 0
    outer loop
      vertex -3.45 -4.77557 0.108017
      vertex -3.37152 -4.77814 9
      vertex -3.45 -4.77557 9
    endloop
  endfacet
  facet normal -0.0327297 -0.999464 -0
    outer loop
      vertex -3.37152 -4.77814 9
      vertex -3.45 -4.77557 0.108017
      vertex -3.37152 -4.77814 0.0581309
    endloop
  endfacet
  facet normal -0.944794 -0.327666 0
    outer loop
      vertex -4.43619 -3.69987 0
      vertex -4.46192 -3.62568 9
      vertex -4.46192 -3.62568 0
    endloop
  endfacet
  facet normal -0.944794 -0.327666 0
    outer loop
      vertex -4.46192 -3.62568 9
      vertex -4.43619 -3.69987 0
      vertex -4.43619 -3.69987 9
    endloop
  endfacet
  facet normal 0.201425 -0.979504 0
    outer loop
      vertex -5.82617 -2.88143 0.8
      vertex -5.81163 -2.87844 8.51424
      vertex -5.82617 -2.88143 8.5
    endloop
  endfacet
  facet normal 0.201579 -0.979472 -3.03561e-07
    outer loop
      vertex -5.82617 -2.88143 0.8
      vertex -5.78544 -2.87305 8.5399
      vertex -5.81163 -2.87844 8.51424
    endloop
  endfacet
  facet normal 0.201581 -0.979472 -3.15327e-07
    outer loop
      vertex -5.79896 -2.87583 0.769542
      vertex -5.78544 -2.87305 8.5399
      vertex -5.82617 -2.88143 0.8
    endloop
  endfacet
  facet normal 0.201408 -0.979508 0
    outer loop
      vertex -5.78544 -2.87305 8.5399
      vertex -5.79896 -2.87583 0.769542
      vertex -5.78544 -2.87305 0.754406
    endloop
  endfacet
  facet normal -0.893917 -0.448232 0
    outer loop
      vertex -4.49244 -3.55333 0
      vertex -4.52764 -3.48313 9
      vertex -4.52764 -3.48313 0
    endloop
  endfacet
  facet normal -0.893917 -0.448232 0
    outer loop
      vertex -4.52764 -3.48313 9
      vertex -4.49244 -3.55333 0
      vertex -4.49244 -3.55333 9
    endloop
  endfacet
  facet normal -0.921376 -0.388672 0
    outer loop
      vertex -4.46192 -3.62568 0
      vertex -4.49244 -3.55333 9
      vertex -4.49244 -3.55333 0
    endloop
  endfacet
  facet normal -0.921376 -0.388672 0
    outer loop
      vertex -4.49244 -3.55333 9
      vertex -4.46192 -3.62568 0
      vertex -4.46192 -3.62568 9
    endloop
  endfacet
  facet normal -0.494355 -0.86926 0
    outer loop
      vertex -5.02348 -2.99373 0.0571155
      vertex -4.95522 -3.03255 9
      vertex -5.02348 -2.99373 9
    endloop
  endfacet
  facet normal -0.494355 -0.86926 -0
    outer loop
      vertex -4.95522 -3.03255 9
      vertex -5.02348 -2.99373 0.0571155
      vertex -4.95522 -3.03255 0.0142706
    endloop
  endfacet
  facet normal -0.188715 -0.982032 0
    outer loop
      vertex -5.3945 -2.87049 0.358782
      vertex -5.31738 -2.88531 8.94712
      vertex -5.3945 -2.87049 8.88607
    endloop
  endfacet
  facet normal -0.188715 -0.982032 -0
    outer loop
      vertex -5.31738 -2.88531 8.94712
      vertex -5.3945 -2.87049 0.358782
      vertex -5.31738 -2.88531 0.289001
    endloop
  endfacet
  facet normal -0.747522 -0.664237 0
    outer loop
      vertex -4.65961 -3.28839 0
      vertex -4.71177 -3.22969 9
      vertex -4.71177 -3.22969 0
    endloop
  endfacet
  facet normal -0.747522 -0.664237 0
    outer loop
      vertex -4.71177 -3.22969 9
      vertex -4.65961 -3.28839 0
      vertex -4.65961 -3.28839 9
    endloop
  endfacet
  facet normal -0.603519 -0.797348 0
    outer loop
      vertex -4.88964 -3.07575 0
      vertex -4.82703 -3.12314 9
      vertex -4.88964 -3.07575 9
    endloop
  endfacet
  facet normal -0.603519 -0.797348 -0
    outer loop
      vertex -4.82703 -3.12314 9
      vertex -4.88964 -3.07575 0
      vertex -4.82703 -3.12314 0
    endloop
  endfacet
  facet normal -0.436433 -0.899737 0
    outer loop
      vertex -5.09413 -2.95946 0.105029
      vertex -5.02348 -2.99373 9
      vertex -5.09413 -2.95946 9
    endloop
  endfacet
  facet normal -0.436443 -0.899732 1.03611e-07
    outer loop
      vertex -5.06296 -2.97458 0.0838925
      vertex -5.02348 -2.99373 9
      vertex -5.09413 -2.95946 0.105029
    endloop
  endfacet
  facet normal -0.436424 -0.899741 -0
    outer loop
      vertex -5.02348 -2.99373 9
      vertex -5.06296 -2.97458 0.0838925
      vertex -5.02348 -2.99373 0.0571155
    endloop
  endfacet
  facet normal 0.071953 -0.997408 0
    outer loop
      vertex -5.70765 -2.86229 0.670164
      vertex -5.62933 -2.85664 8.68538
      vertex -5.70765 -2.86229 8.61361
    endloop
  endfacet
  facet normal 0.071953 -0.997408 0
    outer loop
      vertex -5.62933 -2.85664 8.68538
      vertex -5.70765 -2.86229 0.670164
      vertex -5.62933 -2.85664 0.588135
    endloop
  endfacet
  facet normal -0.899761 0.436383 0
    outer loop
      vertex -4.52023 -4.61446 0.755864
      vertex -4.48596 -4.5438 8.61365
      vertex -4.48596 -4.5438 0.670111
    endloop
  endfacet
  facet normal -0.899761 0.436383 0
    outer loop
      vertex -4.48596 -4.5438 8.61365
      vertex -4.52023 -4.61446 0.755864
      vertex -4.52023 -4.61446 8.53862
    endloop
  endfacet
  facet normal -0.315311 -0.948988 0
    outer loop
      vertex -5.2414 -2.90513 0.223065
      vertex -5.16688 -2.92989 9
      vertex -5.2414 -2.90513 9
    endloop
  endfacet
  facet normal -0.315311 -0.948988 -0
    outer loop
      vertex -5.16688 -2.92989 9
      vertex -5.2414 -2.90513 0.223065
      vertex -5.16688 -2.92989 0.161255
    endloop
  endfacet
  facet normal -0.862784 -0.505572 0
    outer loop
      vertex -4.52764 -3.48313 0
      vertex -4.56734 -3.41538 9
      vertex -4.56734 -3.41538 0
    endloop
  endfacet
  facet normal -0.862784 -0.505572 0
    outer loop
      vertex -4.56734 -3.41538 9
      vertex -4.52764 -3.48313 0
      vertex -4.52764 -3.48313 9
    endloop
  endfacet
  facet normal -0.992278 0.124035 0
    outer loop
      vertex -4.38762 -4.16848 0.2916
      vertex -4.38725 -4.16552 8.94714
      vertex -4.38725 -4.16552 0.288977
    endloop
  endfacet
  facet normal -0.992278 0.124035 2.70194e-17
    outer loop
      vertex -4.39699 -4.24344 0.358013
      vertex -4.38725 -4.16552 8.94714
      vertex -4.38762 -4.16848 0.2916
    endloop
  endfacet
  facet normal -0.992278 0.124035 0
    outer loop
      vertex -4.38725 -4.16552 8.94714
      vertex -4.39699 -4.24344 0.358013
      vertex -4.39699 -4.24344 8.88674
    endloop
  endfacet
  facet normal 0.137017 -0.990569 0
    outer loop
      vertex -5.78544 -2.87305 0.754406
      vertex -5.70765 -2.86229 8.61361
      vertex -5.78544 -2.87305 8.5399
    endloop
  endfacet
  facet normal 0.137017 -0.990569 0
    outer loop
      vertex -5.70765 -2.86229 8.61361
      vertex -5.78544 -2.87305 0.754406
      vertex -5.70765 -2.86229 0.670164
    endloop
  endfacet
  facet normal -0.998268 0.058834 0
    outer loop
      vertex -4.38725 -4.16552 0.288977
      vertex -4.38263 -4.08713 9
      vertex -4.38263 -4.08713 0.223845
    endloop
  endfacet
  facet normal -0.998268 0.058834 0
    outer loop
      vertex -4.38725 -4.16552 8.94714
      vertex -4.38263 -4.08713 9
      vertex -4.38725 -4.16552 0.288977
    endloop
  endfacet
  facet normal -0.998321 0.0578991 0.00139107
    outer loop
      vertex -4.38263 -4.08713 9
      vertex -4.38725 -4.16552 8.94714
      vertex -4.38296 -4.09282 9
    endloop
  endfacet
  facet normal -0.967628 0.25238 0
    outer loop
      vertex -4.43163 -4.39654 0.506596
      vertex -4.41181 -4.32055 8.82318
      vertex -4.41181 -4.32055 0.430657
    endloop
  endfacet
  facet normal -0.967628 0.25238 0
    outer loop
      vertex -4.41181 -4.32055 8.82318
      vertex -4.43163 -4.39654 0.506596
      vertex -4.43163 -4.39654 8.75673
    endloop
  endfacet
  facet normal -0.550108 -0.835094 0
    outer loop
      vertex -4.95522 -3.03255 0.0142706
      vertex -4.88964 -3.07575 9
      vertex -4.95522 -3.03255 9
    endloop
  endfacet
  facet normal -0.55005 -0.835132 0.00037969
    outer loop
      vertex -4.88964 -3.07575 0
      vertex -4.95522 -3.03255 0.0142706
      vertex -4.93033 -3.04895 0
    endloop
  endfacet
  facet normal -0.550108 -0.835094 0
    outer loop
      vertex -4.95522 -3.03255 0.0142706
      vertex -4.88964 -3.07575 0
      vertex -4.88964 -3.07575 9
    endloop
  endfacet
  facet normal -0.376544 -0.926399 0
    outer loop
      vertex -5.16688 -2.92989 0.161255
      vertex -5.09413 -2.95946 9
      vertex -5.16688 -2.92989 9
    endloop
  endfacet
  facet normal -0.377501 -0.926008 -0.00144297
    outer loop
      vertex -5.09413 -2.95946 0.105029
      vertex -5.16688 -2.92989 0.161255
      vertex -5.1128 -2.95187 0.118571
    endloop
  endfacet
  facet normal -0.376544 -0.926399 0
    outer loop
      vertex -5.16688 -2.92989 0.161255
      vertex -5.09413 -2.95946 0.105029
      vertex -5.09413 -2.95946 9
    endloop
  endfacet
  facet normal -0.94899 0.315307 0
    outer loop
      vertex -4.44909 -4.44909 0.562246
      vertex -4.43163 -4.39654 8.75673
      vertex -4.43163 -4.39654 0.506596
    endloop
  endfacet
  facet normal -0.948985 0.31532 -9.84077e-08
    outer loop
      vertex -4.45639 -4.47106 0.586283
      vertex -4.43163 -4.39654 8.75673
      vertex -4.44909 -4.44909 0.562246
    endloop
  endfacet
  facet normal -0.94899 0.315307 4.1907e-08
    outer loop
      vertex -4.43163 -4.39654 8.75673
      vertex -4.45639 -4.47106 0.586283
      vertex -4.44909 -4.44909 8.70804
    endloop
  endfacet
  facet normal -0.948985 0.315321 0
    outer loop
      vertex -4.44909 -4.44909 8.70804
      vertex -4.45639 -4.47106 0.586283
      vertex -4.45639 -4.47106 8.687
    endloop
  endfacet
  facet normal -0.988978 -0.147225 -0.0157245
    outer loop
      vertex -4.38879 -3.93028 0.106386
      vertex -4.39955 -3.8525 0.0548898
      vertex -4.39883 -3.85767 0.0580116
    endloop
  endfacet
  facet normal -0.990566 -0.137034 0
    outer loop
      vertex -4.39955 -3.8525 0.0548898
      vertex -4.38879 -3.93028 0.106386
      vertex -4.39955 -3.8525 9
    endloop
  endfacet
  facet normal -0.990566 -0.137034 0
    outer loop
      vertex -4.39955 -3.8525 9
      vertex -4.38879 -3.93028 0.106386
      vertex -4.38879 -3.93028 9
    endloop
  endfacet
  facet normal -0.702443 -0.71174 0
    outer loop
      vertex -4.76766 -3.17453 0
      vertex -4.71177 -3.22969 9
      vertex -4.76766 -3.17453 9
    endloop
  endfacet
  facet normal -0.702443 -0.71174 -0
    outer loop
      vertex -4.71177 -3.22969 9
      vertex -4.76766 -3.17453 0
      vertex -4.71177 -3.22969 0
    endloop
  endfacet
  facet normal -0.869265 0.494347 0
    outer loop
      vertex -4.53985 -4.64896 0.8
      vertex -4.52023 -4.61446 8.53862
      vertex -4.52023 -4.61446 0.755864
    endloop
  endfacet
  facet normal -0.869265 0.494347 0
    outer loop
      vertex -4.52023 -4.61446 8.53862
      vertex -4.53985 -4.64896 0.8
      vertex -4.53985 -4.64896 8.5
    endloop
  endfacet
  facet normal 0.0064942 -0.999979 0
    outer loop
      vertex -5.62933 -2.85664 0.588135
      vertex -5.5508 -2.85613 8.75491
      vertex -5.62933 -2.85664 8.68538
    endloop
  endfacet
  facet normal 0.0064942 -0.999979 0
    outer loop
      vertex -5.5508 -2.85613 8.75491
      vertex -5.62933 -2.85664 0.588135
      vertex -5.5508 -2.85613 0.50867
    endloop
  endfacet
  facet normal -0.999979 -0.00649502 0
    outer loop
      vertex -4.38263 -4.08713 0.223845
      vertex -4.38314 -4.00861 9
      vertex -4.38314 -4.00861 0.162894
    endloop
  endfacet
  facet normal -0.999979 -0.00649502 0
    outer loop
      vertex -4.38314 -4.00861 9
      vertex -4.38263 -4.08713 0.223845
      vertex -4.38263 -4.08713 9
    endloop
  endfacet
  facet normal -0.058834 -0.998268 0
    outer loop
      vertex -5.5508 -2.85613 0.50867
      vertex -5.47241 -2.86075 8.8219
      vertex -5.5508 -2.85613 8.75491
    endloop
  endfacet
  facet normal -0.058834 -0.998268 -0
    outer loop
      vertex -5.47241 -2.86075 8.8219
      vertex -5.5508 -2.85613 0.50867
      vertex -5.47241 -2.86075 0.43211
    endloop
  endfacet
  facet normal -0.926381 0.376589 0
    outer loop
      vertex -4.48596 -4.5438 0.670111
      vertex -4.45639 -4.47106 8.687
      vertex -4.45639 -4.47106 0.586283
    endloop
  endfacet
  facet normal -0.926381 0.376589 0
    outer loop
      vertex -4.45639 -4.47106 8.687
      vertex -4.48596 -4.5438 0.670111
      vertex -4.48596 -4.5438 8.61365
    endloop
  endfacet
  facet normal -0.12405 -0.992276 0
    outer loop
      vertex -5.47241 -2.86075 0.43211
      vertex -5.3945 -2.87049 8.88607
      vertex -5.47241 -2.86075 8.8219
    endloop
  endfacet
  facet normal -0.12405 -0.992276 -0
    outer loop
      vertex -5.3945 -2.87049 8.88607
      vertex -5.47241 -2.86075 0.43211
      vertex -5.3945 -2.87049 0.358782
    endloop
  endfacet
  facet normal -0.979498 -0.201452 0
    outer loop
      vertex -4.39955 -3.8525 0.0548898
      vertex -4.41537 -3.77558 9
      vertex -4.41537 -3.77558 0.0130815
    endloop
  endfacet
  facet normal -0.979498 -0.201452 0
    outer loop
      vertex -4.41537 -3.77558 9
      vertex -4.39955 -3.8525 0.0548898
      vertex -4.39955 -3.8525 9
    endloop
  endfacet
  facet normal -0.964217 -0.265115 0.000239981
    outer loop
      vertex -4.41537 -3.77558 0.0130815
      vertex -4.43619 -3.69987 0
      vertex -4.42283 -3.74846 0
    endloop
  endfacet
  facet normal -0.964206 -0.265154 0
    outer loop
      vertex -4.43619 -3.69987 0
      vertex -4.41537 -3.77558 0.0130815
      vertex -4.43619 -3.69987 9
    endloop
  endfacet
  facet normal -0.964206 -0.265154 0
    outer loop
      vertex -4.43619 -3.69987 9
      vertex -4.41537 -3.77558 0.0130815
      vertex -4.41537 -3.77558 9
    endloop
  endfacet
  facet normal -0.827755 -0.56109 0
    outer loop
      vertex -4.56734 -3.41538 0
      vertex -4.6114 -3.35038 9
      vertex -4.6114 -3.35038 0
    endloop
  endfacet
  facet normal -0.827755 -0.56109 0
    outer loop
      vertex -4.6114 -3.35038 9
      vertex -4.56734 -3.41538 0
      vertex -4.56734 -3.41538 9
    endloop
  endfacet
  facet normal -0.654465 -0.756092 0
    outer loop
      vertex -4.82703 -3.12314 0
      vertex -4.76766 -3.17453 9
      vertex -4.82703 -3.12314 9
    endloop
  endfacet
  facet normal -0.654465 -0.756092 -0
    outer loop
      vertex -4.76766 -3.17453 9
      vertex -4.82703 -3.12314 0
      vertex -4.76766 -3.17453 0
    endloop
  endfacet
  facet normal -0.982027 0.188739 0
    outer loop
      vertex -4.41181 -4.32055 0.430657
      vertex -4.39699 -4.24344 8.88674
      vertex -4.39699 -4.24344 0.358013
    endloop
  endfacet
  facet normal -0.981926 0.189266 -4.99041e-06
    outer loop
      vertex -4.39699 -4.24344 8.88674
      vertex -4.41181 -4.32055 0.430657
      vertex -4.39885 -4.25309 8.87878
    endloop
  endfacet
  facet normal -0.982042 0.188664 0
    outer loop
      vertex -4.39885 -4.25309 8.87878
      vertex -4.41181 -4.32055 0.430657
      vertex -4.41181 -4.32055 8.82318
    endloop
  endfacet
  facet normal -0.251863 -0.967763 -0.000842313
    outer loop
      vertex -5.31738 -2.88531 8.94712
      vertex -5.2414 -2.90513 9
      vertex -5.24774 -2.90348 9
    endloop
  endfacet
  facet normal -0.252412 -0.96762 0
    outer loop
      vertex -5.31738 -2.88531 0.289001
      vertex -5.2414 -2.90513 9
      vertex -5.31738 -2.88531 8.94712
    endloop
  endfacet
  facet normal -0.252471 -0.967605 5.50531e-07
    outer loop
      vertex -5.29335 -2.89158 0.268145
      vertex -5.2414 -2.90513 9
      vertex -5.31738 -2.88531 0.289001
    endloop
  endfacet
  facet normal -0.252384 -0.967627 -0
    outer loop
      vertex -5.2414 -2.90513 9
      vertex -5.29335 -2.89158 0.268145
      vertex -5.2414 -2.90513 0.223065
    endloop
  endfacet
  facet normal -0.997409 -0.0719438 0
    outer loop
      vertex -4.38314 -4.00861 0.162894
      vertex -4.38879 -3.93028 9
      vertex -4.38879 -3.93028 0.106386
    endloop
  endfacet
  facet normal -0.997409 -0.0719438 0
    outer loop
      vertex -4.38879 -3.93028 9
      vertex -4.38314 -4.00861 0.162894
      vertex -4.38314 -4.00861 9
    endloop
  endfacet
  facet normal -0.78938 -0.613905 0
    outer loop
      vertex -4.6114 -3.35038 0
      vertex -4.65961 -3.28839 9
      vertex -4.65961 -3.28839 0
    endloop
  endfacet
  facet normal -0.78938 -0.613905 0
    outer loop
      vertex -4.65961 -3.28839 9
      vertex -4.6114 -3.35038 0
      vertex -4.6114 -3.35038 9
    endloop
  endfacet
  facet normal -0.84742 -0.530518 -0.0207141
    outer loop
      vertex -5.75597 -0.761621 0.00715339
      vertex -5.76027 -0.754903 0.0110099
      vertex -5.75823 -0.758085 0.00904855
    endloop
  endfacet
  facet normal -0.842172 -0.539209 0.000277273
    outer loop
      vertex -5.76027 -0.754903 0.0110099
      vertex -5.75597 -0.761621 0.00715339
      vertex -5.71793 -0.821038 0
    endloop
  endfacet
  facet normal -0.842228 -0.539121 -0.000755115
    outer loop
      vertex -5.71793 -0.821038 0
      vertex -5.75597 -0.761621 0.00715339
      vertex -5.74742 -0.774968 0
    endloop
  endfacet
  facet normal -0.842193 -0.539177 0
    outer loop
      vertex -5.76027 -0.754903 0.0110099
      vertex -5.71793 -0.821038 0
      vertex -5.71793 -0.821038 9
    endloop
  endfacet
  facet normal -0.842193 -0.539177 0
    outer loop
      vertex -5.76027 -0.754903 0.0110099
      vertex -5.71793 -0.821038 9
      vertex -5.76027 -0.754903 9
    endloop
  endfacet
  facet normal -0.931214 -0.364473 0
    outer loop
      vertex -5.61805 -1.03402 0
      vertex -5.64667 -0.960897 9
      vertex -5.64667 -0.960897 0
    endloop
  endfacet
  facet normal -0.931214 -0.364473 0
    outer loop
      vertex -5.64667 -0.960897 9
      vertex -5.61805 -1.03402 0
      vertex -5.61805 -1.03402 9
    endloop
  endfacet
  facet normal -0.339959 -0.94044 0
    outer loop
      vertex -6.3784 -0.293323 0.672001
      vertex -6.30455 -0.320019 8.68497
      vertex -6.3784 -0.293323 8.612
    endloop
  endfacet
  facet normal -0.339959 -0.94044 -0
    outer loop
      vertex -6.30455 -0.320019 8.68497
      vertex -6.3784 -0.293323 0.672001
      vertex -6.30455 -0.320019 0.588601
    endloop
  endfacet
  facet normal -0.516637 -0.856204 -0.000390318
    outer loop
      vertex -6.16287 -0.387595 8.82444
      vertex -6.09565 -0.428185 8.88846
      vertex -6.13846 -0.402335 8.84837
    endloop
  endfacet
  facet normal -0.51691 -0.85604 0
    outer loop
      vertex -6.16287 -0.387595 0.429213
      vertex -6.09565 -0.428185 8.88846
      vertex -6.16287 -0.387595 8.82444
    endloop
  endfacet
  facet normal -0.516636 -0.856205 0.000342705
    outer loop
      vertex -6.09565 -0.428185 0.356047
      vertex -6.16287 -0.387595 0.429213
      vertex -6.13846 -0.402335 0.401867
    endloop
  endfacet
  facet normal -0.51691 -0.85604 0
    outer loop
      vertex -6.16287 -0.387595 0.429213
      vertex -6.09565 -0.428185 0.356047
      vertex -6.09565 -0.428185 8.88846
    endloop
  endfacet
  facet normal -0.998948 -0.0458467 0
    outer loop
      vertex -5.54932 -1.41888 0
      vertex -5.55292 -1.34044 9
      vertex -5.55292 -1.34044 0
    endloop
  endfacet
  facet normal -0.998948 -0.0458467 0
    outer loop
      vertex -5.55292 -1.34044 9
      vertex -5.54932 -1.41888 0
      vertex -5.54932 -1.41888 9
    endloop
  endfacet
  facet normal -0.764676 -0.644415 -0
    outer loop
      vertex -5.80684 -0.691677 9
      vertex -5.85744 -0.631634 0.107778
      vertex -5.80684 -0.691677 0.0569205
    endloop
  endfacet
  facet normal -0.764676 -0.644415 0
    outer loop
      vertex -5.85744 -0.631634 0.107778
      vertex -5.80684 -0.691677 9
      vertex -5.85744 -0.631634 9
    endloop
  endfacet
  facet normal -0.996375 0.0850688 0
    outer loop
      vertex -5.55754 -1.57563 0
      vertex -5.55086 -1.49739 9
      vertex -5.55086 -1.49739 0
    endloop
  endfacet
  facet normal -0.996375 0.0850688 0
    outer loop
      vertex -5.55086 -1.49739 9
      vertex -5.55754 -1.57563 0
      vertex -5.55754 -1.57563 9
    endloop
  endfacet
  facet normal -0.593069 0.805152 0
    outer loop
      vertex -6.00631 -2.37697 8.53791
      vertex -6.03801 -2.40032 0.8
      vertex -6.03801 -2.40032 8.5
    endloop
  endfacet
  facet normal -0.593069 0.805152 0
    outer loop
      vertex -6.03801 -2.40032 0.8
      vertex -6.00631 -2.37697 8.53791
      vertex -6.00631 -2.37697 0.756669
    endloop
  endfacet
  facet normal -0.781241 0.624229 0
    outer loop
      vertex -5.83673 -2.21393 0.509522
      vertex -5.78771 -2.15258 8.82169
      vertex -5.78771 -2.15258 0.432354
    endloop
  endfacet
  facet normal -0.781241 0.624229 0
    outer loop
      vertex -5.78771 -2.15258 8.82169
      vertex -5.83673 -2.21393 0.509522
      vertex -5.83673 -2.21393 8.75417
    endloop
  endfacet
  facet normal -0.720832 -0.69311 -0
    outer loop
      vertex -5.85744 -0.631634 9
      vertex -5.91187 -0.575027 0.163368
      vertex -5.85744 -0.631634 0.107778
    endloop
  endfacet
  facet normal -0.720832 -0.69311 0
    outer loop
      vertex -5.91187 -0.575027 0.163368
      vertex -5.85744 -0.631634 9
      vertex -5.91187 -0.575027 9
    endloop
  endfacet
  facet normal -0.6245 -0.781025 0.000555712
    outer loop
      vertex -6.03123 -0.473085 8.9482
      vertex -5.96988 -0.522103 9
      vertex -5.97476 -0.518201 9
    endloop
  endfacet
  facet normal -0.624214 -0.781254 0
    outer loop
      vertex -6.03123 -0.473085 0.287768
      vertex -5.96988 -0.522103 9
      vertex -6.03123 -0.473085 8.9482
    endloop
  endfacet
  facet normal -0.624228 -0.781242 1.64939e-07
    outer loop
      vertex -5.97819 -0.515465 0.23216
      vertex -5.96988 -0.522103 9
      vertex -6.03123 -0.473085 0.287768
    endloop
  endfacet
  facet normal -0.624122 -0.781327 -0
    outer loop
      vertex -5.96988 -0.522103 9
      vertex -5.97819 -0.515465 0.23216
      vertex -5.96988 -0.522103 0.22345
    endloop
  endfacet
  facet normal -0.960659 0.27773 0
    outer loop
      vertex -5.60795 -1.80541 0.1071
      vertex -5.58614 -1.72997 9
      vertex -5.58614 -1.72997 0.058196
    endloop
  endfacet
  facet normal -0.960659 0.27773 0
    outer loop
      vertex -5.58614 -1.72997 9
      vertex -5.60795 -1.80541 0.1071
      vertex -5.60795 -1.80541 9
    endloop
  endfacet
  facet normal -0.916942 0.399013 -0.00250718
    outer loop
      vertex -5.66612 -1.9512 0.221111
      vertex -5.63465 -1.87926 0.160825
      vertex -5.65183 -1.91854 0.192662
    endloop
  endfacet
  facet normal -0.916175 0.400779 0
    outer loop
      vertex -5.63465 -1.87926 0.160825
      vertex -5.66612 -1.9512 0.221111
      vertex -5.63465 -1.87926 9
    endloop
  endfacet
  facet normal -0.916175 0.400779 0
    outer loop
      vertex -5.63465 -1.87926 9
      vertex -5.66612 -1.9512 0.221111
      vertex -5.66612 -1.9512 9
    endloop
  endfacet
  facet normal -0.571826 -0.820375 0
    outer loop
      vertex -6.09565 -0.428185 0.356047
      vertex -6.0529 -0.457983 8.92811
      vertex -6.09565 -0.428185 8.88846
    endloop
  endfacet
  facet normal -0.571758 -0.820422 -4.97673e-07
    outer loop
      vertex -6.09565 -0.428185 0.356047
      vertex -6.03123 -0.473085 8.9482
      vertex -6.0529 -0.457983 8.92811
    endloop
  endfacet
  facet normal -0.571803 -0.820391 -0
    outer loop
      vertex -6.03123 -0.473085 8.9482
      vertex -6.09565 -0.428185 0.356047
      vertex -6.03123 -0.473085 0.287768
    endloop
  endfacet
  facet normal -0.214291 -0.97677 0
    outer loop
      vertex -6.49138 -0.263275 0.8
      vertex -6.45383 -0.271513 8.53728
      vertex -6.49138 -0.263275 8.5
    endloop
  endfacet
  facet normal -0.214291 -0.97677 -0
    outer loop
      vertex -6.45383 -0.271513 8.53728
      vertex -6.49138 -0.263275 0.8
      vertex -6.45383 -0.271513 0.757397
    endloop
  endfacet
  facet normal -0.993815 -0.111046 0
    outer loop
      vertex -5.55292 -1.34044 0
      vertex -5.56164 -1.2624 9
      vertex -5.56164 -1.2624 0
    endloop
  endfacet
  facet normal -0.993815 -0.111046 0
    outer loop
      vertex -5.56164 -1.2624 9
      vertex -5.55292 -1.34044 0
      vertex -5.55292 -1.34044 9
    endloop
  endfacet
  facet normal -0.459822 -0.888011 0
    outer loop
      vertex -6.2326 -0.351488 0.507557
      vertex -6.16287 -0.387595 8.82444
      vertex -6.2326 -0.351488 8.75589
    endloop
  endfacet
  facet normal -0.459822 -0.888011 -0
    outer loop
      vertex -6.16287 -0.387595 8.82444
      vertex -6.2326 -0.351488 0.507557
      vertex -6.16287 -0.387595 0.429213
    endloop
  endfacet
  facet normal -0.277764 -0.960649 0
    outer loop
      vertex -6.45383 -0.271513 0.757397
      vertex -6.3784 -0.293323 8.612
      vertex -6.45383 -0.271513 8.53728
    endloop
  endfacet
  facet normal -0.277764 -0.960649 -0
    outer loop
      vertex -6.3784 -0.293323 8.612
      vertex -6.45383 -0.271513 0.757397
      vertex -6.3784 -0.293323 0.672001
    endloop
  endfacet
  facet normal -0.875679 -0.482894 0
    outer loop
      vertex -5.68001 -0.889802 0
      vertex -5.71793 -0.821038 9
      vertex -5.71793 -0.821038 0
    endloop
  endfacet
  facet normal -0.875679 -0.482894 0
    outer loop
      vertex -5.71793 -0.821038 9
      vertex -5.68001 -0.889802 0
      vertex -5.68001 -0.889802 9
    endloop
  endfacet
  facet normal -0.984435 -0.175747 0
    outer loop
      vertex -5.56164 -1.2624 0
      vertex -5.57544 -1.1851 9
      vertex -5.57544 -1.1851 0
    endloop
  endfacet
  facet normal -0.984435 -0.175747 0
    outer loop
      vertex -5.57544 -1.1851 9
      vertex -5.56164 -1.2624 0
      vertex -5.56164 -1.2624 9
    endloop
  endfacet
  facet normal -0.999808 0.0196116 0
    outer loop
      vertex -5.55086 -1.49739 0
      vertex -5.54932 -1.41888 9
      vertex -5.54932 -1.41888 0
    endloop
  endfacet
  facet normal -0.999808 0.0196116 0
    outer loop
      vertex -5.54932 -1.41888 9
      vertex -5.55086 -1.49739 0
      vertex -5.55086 -1.49739 9
    endloop
  endfacet
  facet normal -0.970828 -0.239778 0
    outer loop
      vertex -5.57544 -1.1851 0
      vertex -5.59427 -1.10886 9
      vertex -5.59427 -1.10886 0
    endloop
  endfacet
  facet normal -0.970828 -0.239778 0
    outer loop
      vertex -5.59427 -1.10886 9
      vertex -5.57544 -1.1851 0
      vertex -5.57544 -1.1851 9
    endloop
  endfacet
  facet normal -0.976762 0.214327 0
    outer loop
      vertex -5.58614 -1.72997 0.058196
      vertex -5.56931 -1.65327 9
      vertex -5.56931 -1.65327 0.0143221
    endloop
  endfacet
  facet normal -0.976762 0.214327 0
    outer loop
      vertex -5.56931 -1.65327 9
      vertex -5.58614 -1.72997 0.058196
      vertex -5.58614 -1.72997 9
    endloop
  endfacet
  facet normal -0.820391 0.571803 0
    outer loop
      vertex -5.78771 -2.15258 0.432354
      vertex -5.74281 -2.08816 8.88644
      vertex -5.74281 -2.08816 0.358354
    endloop
  endfacet
  facet normal -0.820391 0.571803 0
    outer loop
      vertex -5.74281 -2.08816 8.88644
      vertex -5.78771 -2.15258 0.432354
      vertex -5.78771 -2.15258 8.82169
    endloop
  endfacet
  facet normal -0.85604 0.51691 0
    outer loop
      vertex -5.74281 -2.08816 0.358354
      vertex -5.70222 -2.02094 8.94814
      vertex -5.70222 -2.02094 0.28784
    endloop
  endfacet
  facet normal -0.85604 0.51691 0
    outer loop
      vertex -5.70222 -2.02094 8.94814
      vertex -5.74281 -2.08816 0.358354
      vertex -5.74281 -2.08816 8.88644
    endloop
  endfacet
  facet normal -0.888074 0.4597 0
    outer loop
      vertex -5.70222 -2.02094 0.28784
      vertex -5.66612 -1.9512 9
      vertex -5.66612 -1.9512 0.221111
    endloop
  endfacet
  facet normal -0.888074 0.4597 0
    outer loop
      vertex -5.70222 -2.02094 8.94814
      vertex -5.66612 -1.9512 9
      vertex -5.70222 -2.02094 0.28784
    endloop
  endfacet
  facet normal -0.888425 0.45902 0.00115921
    outer loop
      vertex -5.66612 -1.9512 9
      vertex -5.70222 -2.02094 8.94814
      vertex -5.67015 -1.959 9
    endloop
  endfacet
  facet normal -0.693088 0.720853 0
    outer loop
      vertex -5.88966 -2.27194 8.68416
      vertex -5.94626 -2.32636 0.672027
      vertex -5.94626 -2.32636 8.61198
    endloop
  endfacet
  facet normal -0.693088 0.720853 0
    outer loop
      vertex -5.94626 -2.32636 0.672027
      vertex -5.88966 -2.27194 8.68416
      vertex -5.88966 -2.27194 0.589528
    endloop
  endfacet
  facet normal -0.644445 0.76465 0
    outer loop
      vertex -5.94626 -2.32636 8.61198
      vertex -6.00631 -2.37697 0.756669
      vertex -6.00631 -2.37697 8.53791
    endloop
  endfacet
  facet normal -0.644445 0.76465 0
    outer loop
      vertex -6.00631 -2.37697 0.756669
      vertex -5.94626 -2.32636 8.61198
      vertex -5.94626 -2.32636 0.672027
    endloop
  endfacet
  facet normal -0.400721 -0.9162 0
    outer loop
      vertex -6.30455 -0.320019 0.588601
      vertex -6.2326 -0.351488 8.75589
      vertex -6.30455 -0.320019 8.68497
    endloop
  endfacet
  facet normal -0.400721 -0.9162 -0
    outer loop
      vertex -6.2326 -0.351488 8.75589
      vertex -6.30455 -0.320019 0.588601
      vertex -6.2326 -0.351488 0.507557
    endloop
  endfacet
  facet normal -0.67398 -0.73875 0
    outer loop
      vertex -5.96988 -0.522103 0.22345
      vertex -5.91187 -0.575027 9
      vertex -5.96988 -0.522103 9
    endloop
  endfacet
  facet normal -0.67398 -0.73875 -0
    outer loop
      vertex -5.91187 -0.575027 9
      vertex -5.96988 -0.522103 0.22345
      vertex -5.91187 -0.575027 0.163368
    endloop
  endfacet
  facet normal -0.940424 0.340004 0
    outer loop
      vertex -5.63465 -1.87926 0.160825
      vertex -5.60795 -1.80541 9
      vertex -5.60795 -1.80541 0.1071
    endloop
  endfacet
  facet normal -0.940424 0.340004 0
    outer loop
      vertex -5.60795 -1.80541 9
      vertex -5.63465 -1.87926 0.160825
      vertex -5.63465 -1.87926 9
    endloop
  endfacet
  facet normal -0.953046 -0.302825 0
    outer loop
      vertex -5.59427 -1.10886 0
      vertex -5.61805 -1.03402 9
      vertex -5.61805 -1.03402 0
    endloop
  endfacet
  facet normal -0.953046 -0.302825 0
    outer loop
      vertex -5.61805 -1.03402 9
      vertex -5.59427 -1.10886 0
      vertex -5.59427 -1.10886 9
    endloop
  endfacet
  facet normal -0.905389 -0.424582 0
    outer loop
      vertex -5.64667 -0.960897 0
      vertex -5.68001 -0.889802 9
      vertex -5.68001 -0.889802 0
    endloop
  endfacet
  facet normal -0.905389 -0.424582 0
    outer loop
      vertex -5.68001 -0.889802 9
      vertex -5.64667 -0.960897 0
      vertex -5.64667 -0.960897 9
    endloop
  endfacet
  facet normal -0.988704 0.149883 -7.34398e-06
    outer loop
      vertex -5.56931 -1.65327 0.0143221
      vertex -5.55754 -1.57563 0
      vertex -5.56495 -1.62451 0
    endloop
  endfacet
  facet normal -0.988703 0.149885 0
    outer loop
      vertex -5.55754 -1.57563 0
      vertex -5.56931 -1.65327 0.0143221
      vertex -5.55754 -1.57563 9
    endloop
  endfacet
  facet normal -0.988703 0.149885 0
    outer loop
      vertex -5.55754 -1.57563 9
      vertex -5.56931 -1.65327 0.0143221
      vertex -5.56931 -1.65327 9
    endloop
  endfacet
  facet normal -0.738712 0.674022 0
    outer loop
      vertex -5.88966 -2.27194 0.589528
      vertex -5.83673 -2.21393 8.75417
      vertex -5.83673 -2.21393 0.509522
    endloop
  endfacet
  facet normal -0.738723 0.674009 1.70454e-07
    outer loop
      vertex -5.83673 -2.21393 8.75417
      vertex -5.88966 -2.27194 0.589528
      vertex -5.86433 -2.24418 8.71767
    endloop
  endfacet
  facet normal -0.738699 0.674036 0
    outer loop
      vertex -5.86433 -2.24418 8.71767
      vertex -5.88966 -2.27194 0.589528
      vertex -5.88966 -2.27194 8.68416
    endloop
  endfacet
  facet normal -0.805163 -0.593054 -0
    outer loop
      vertex -5.76027 -0.754903 9
      vertex -5.80684 -0.691677 0.0569205
      vertex -5.76027 -0.754903 0.0110099
    endloop
  endfacet
  facet normal -0.805163 -0.593054 0
    outer loop
      vertex -5.80684 -0.691677 0.0569205
      vertex -5.76027 -0.754903 9
      vertex -5.80684 -0.691677 9
    endloop
  endfacet
  facet normal -0.842228 0.539121 -0.000755115
    outer loop
      vertex -5.75597 0.761621 0.00715339
      vertex -5.71793 0.821038 0
      vertex -5.74742 0.774968 0
    endloop
  endfacet
  facet normal -0.842172 0.539209 0.000277273
    outer loop
      vertex -5.71793 0.821038 0
      vertex -5.75597 0.761621 0.00715339
      vertex -5.76027 0.754903 0.0110099
    endloop
  endfacet
  facet normal -0.84742 0.530518 -0.0207141
    outer loop
      vertex -5.76027 0.754903 0.0110099
      vertex -5.75597 0.761621 0.00715339
      vertex -5.75823 0.758085 0.00904855
    endloop
  endfacet
  facet normal -0.842193 0.539177 0
    outer loop
      vertex -5.71793 0.821038 0
      vertex -5.76027 0.754903 0.0110099
      vertex -5.71793 0.821038 9
    endloop
  endfacet
  facet normal -0.842193 0.539177 0
    outer loop
      vertex -5.71793 0.821038 9
      vertex -5.76027 0.754903 0.0110099
      vertex -5.76027 0.754903 9
    endloop
  endfacet
  facet normal -0.6245 0.781025 0.000555712
    outer loop
      vertex -5.96988 0.522103 9
      vertex -6.03123 0.473085 8.9482
      vertex -5.97476 0.518201 9
    endloop
  endfacet
  facet normal -0.624214 0.781254 0
    outer loop
      vertex -5.96988 0.522103 9
      vertex -6.03123 0.473085 0.287768
      vertex -6.03123 0.473085 8.9482
    endloop
  endfacet
  facet normal -0.624228 0.781242 1.64939e-07
    outer loop
      vertex -5.96988 0.522103 9
      vertex -5.97819 0.515465 0.23216
      vertex -6.03123 0.473085 0.287768
    endloop
  endfacet
  facet normal -0.624122 0.781327 0
    outer loop
      vertex -5.97819 0.515465 0.23216
      vertex -5.96988 0.522103 9
      vertex -5.96988 0.522103 0.22345
    endloop
  endfacet
  facet normal -0.400721 0.9162 0
    outer loop
      vertex -6.2326 0.351488 8.75589
      vertex -6.30455 0.320019 0.588601
      vertex -6.30455 0.320019 8.68497
    endloop
  endfacet
  facet normal -0.400721 0.9162 0
    outer loop
      vertex -6.30455 0.320019 0.588601
      vertex -6.2326 0.351488 8.75589
      vertex -6.2326 0.351488 0.507557
    endloop
  endfacet
  facet normal -0.984435 0.175747 0
    outer loop
      vertex -5.57544 1.1851 0
      vertex -5.56164 1.2624 9
      vertex -5.56164 1.2624 0
    endloop
  endfacet
  facet normal -0.984435 0.175747 0
    outer loop
      vertex -5.56164 1.2624 9
      vertex -5.57544 1.1851 0
      vertex -5.57544 1.1851 9
    endloop
  endfacet
  facet normal -0.998948 0.0458467 0
    outer loop
      vertex -5.55292 1.34044 0
      vertex -5.54932 1.41888 9
      vertex -5.54932 1.41888 0
    endloop
  endfacet
  facet normal -0.998948 0.0458467 0
    outer loop
      vertex -5.54932 1.41888 9
      vertex -5.55292 1.34044 0
      vertex -5.55292 1.34044 9
    endloop
  endfacet
  facet normal -0.85604 -0.51691 -0
    outer loop
      vertex -5.70222 2.02094 8.94814
      vertex -5.74281 2.08816 0.358354
      vertex -5.70222 2.02094 0.28784
    endloop
  endfacet
  facet normal -0.85604 -0.51691 0
    outer loop
      vertex -5.74281 2.08816 0.358354
      vertex -5.70222 2.02094 8.94814
      vertex -5.74281 2.08816 8.88644
    endloop
  endfacet
  facet normal -0.459822 0.888011 0
    outer loop
      vertex -6.16287 0.387595 8.82444
      vertex -6.2326 0.351488 0.507557
      vertex -6.2326 0.351488 8.75589
    endloop
  endfacet
  facet normal -0.459822 0.888011 0
    outer loop
      vertex -6.2326 0.351488 0.507557
      vertex -6.16287 0.387595 8.82444
      vertex -6.16287 0.387595 0.429213
    endloop
  endfacet
  facet normal -0.644445 -0.76465 0
    outer loop
      vertex -6.00631 2.37697 0.756669
      vertex -5.94626 2.32636 8.61198
      vertex -6.00631 2.37697 8.53791
    endloop
  endfacet
  facet normal -0.644445 -0.76465 -0
    outer loop
      vertex -5.94626 2.32636 8.61198
      vertex -6.00631 2.37697 0.756669
      vertex -5.94626 2.32636 0.672027
    endloop
  endfacet
  facet normal -0.805163 0.593054 0
    outer loop
      vertex -5.80684 0.691677 0.0569205
      vertex -5.76027 0.754903 9
      vertex -5.76027 0.754903 0.0110099
    endloop
  endfacet
  facet normal -0.805163 0.593054 0
    outer loop
      vertex -5.76027 0.754903 9
      vertex -5.80684 0.691677 0.0569205
      vertex -5.80684 0.691677 9
    endloop
  endfacet
  facet normal -0.67398 0.73875 0
    outer loop
      vertex -5.91187 0.575027 9
      vertex -5.96988 0.522103 0.22345
      vertex -5.96988 0.522103 9
    endloop
  endfacet
  facet normal -0.67398 0.73875 0
    outer loop
      vertex -5.96988 0.522103 0.22345
      vertex -5.91187 0.575027 9
      vertex -5.91187 0.575027 0.163368
    endloop
  endfacet
  facet normal -0.953046 0.302825 0
    outer loop
      vertex -5.61805 1.03402 0
      vertex -5.59427 1.10886 9
      vertex -5.59427 1.10886 0
    endloop
  endfacet
  facet normal -0.953046 0.302825 0
    outer loop
      vertex -5.59427 1.10886 9
      vertex -5.61805 1.03402 0
      vertex -5.61805 1.03402 9
    endloop
  endfacet
  facet normal -0.960659 -0.27773 -0
    outer loop
      vertex -5.58614 1.72997 9
      vertex -5.60795 1.80541 0.1071
      vertex -5.58614 1.72997 0.058196
    endloop
  endfacet
  facet normal -0.960659 -0.27773 0
    outer loop
      vertex -5.60795 1.80541 0.1071
      vertex -5.58614 1.72997 9
      vertex -5.60795 1.80541 9
    endloop
  endfacet
  facet normal -0.931214 0.364473 0
    outer loop
      vertex -5.64667 0.960897 0
      vertex -5.61805 1.03402 9
      vertex -5.61805 1.03402 0
    endloop
  endfacet
  facet normal -0.931214 0.364473 0
    outer loop
      vertex -5.61805 1.03402 9
      vertex -5.64667 0.960897 0
      vertex -5.64667 0.960897 9
    endloop
  endfacet
  facet normal -0.888074 -0.4597 0
    outer loop
      vertex -5.66612 1.9512 9
      vertex -5.70222 2.02094 8.94814
      vertex -5.70222 2.02094 0.28784
    endloop
  endfacet
  facet normal -0.888074 -0.4597 -0
    outer loop
      vertex -5.66612 1.9512 9
      vertex -5.70222 2.02094 0.28784
      vertex -5.66612 1.9512 0.221111
    endloop
  endfacet
  facet normal -0.888425 -0.45902 0.00115921
    outer loop
      vertex -5.70222 2.02094 8.94814
      vertex -5.66612 1.9512 9
      vertex -5.67015 1.959 9
    endloop
  endfacet
  facet normal -0.820391 -0.571803 -0
    outer loop
      vertex -5.74281 2.08816 8.88644
      vertex -5.78771 2.15258 0.432354
      vertex -5.74281 2.08816 0.358354
    endloop
  endfacet
  facet normal -0.820391 -0.571803 0
    outer loop
      vertex -5.78771 2.15258 0.432354
      vertex -5.74281 2.08816 8.88644
      vertex -5.78771 2.15258 8.82169
    endloop
  endfacet
  facet normal -0.571826 0.820375 0
    outer loop
      vertex -6.0529 0.457983 8.92811
      vertex -6.09565 0.428185 0.356047
      vertex -6.09565 0.428185 8.88846
    endloop
  endfacet
  facet normal -0.571758 0.820422 -4.97673e-07
    outer loop
      vertex -6.03123 0.473085 8.9482
      vertex -6.09565 0.428185 0.356047
      vertex -6.0529 0.457983 8.92811
    endloop
  endfacet
  facet normal -0.571803 0.820391 0
    outer loop
      vertex -6.09565 0.428185 0.356047
      vertex -6.03123 0.473085 8.9482
      vertex -6.03123 0.473085 0.287768
    endloop
  endfacet
  facet normal -0.339959 0.94044 0
    outer loop
      vertex -6.30455 0.320019 8.68497
      vertex -6.3784 0.293323 0.672001
      vertex -6.3784 0.293323 8.612
    endloop
  endfacet
  facet normal -0.339959 0.94044 0
    outer loop
      vertex -6.3784 0.293323 0.672001
      vertex -6.30455 0.320019 8.68497
      vertex -6.30455 0.320019 0.588601
    endloop
  endfacet
  facet normal -0.593069 -0.805152 0
    outer loop
      vertex -6.03801 2.40032 0.8
      vertex -6.00631 2.37697 8.53791
      vertex -6.03801 2.40032 8.5
    endloop
  endfacet
  facet normal -0.593069 -0.805152 -0
    outer loop
      vertex -6.00631 2.37697 8.53791
      vertex -6.03801 2.40032 0.8
      vertex -6.00631 2.37697 0.756669
    endloop
  endfacet
  facet normal -0.781241 -0.624229 -0
    outer loop
      vertex -5.78771 2.15258 8.82169
      vertex -5.83673 2.21393 0.509522
      vertex -5.78771 2.15258 0.432354
    endloop
  endfacet
  facet normal -0.781241 -0.624229 0
    outer loop
      vertex -5.83673 2.21393 0.509522
      vertex -5.78771 2.15258 8.82169
      vertex -5.83673 2.21393 8.75417
    endloop
  endfacet
  facet normal -0.999808 -0.0196116 0
    outer loop
      vertex -5.54932 1.41888 0
      vertex -5.55086 1.49739 9
      vertex -5.55086 1.49739 0
    endloop
  endfacet
  facet normal -0.999808 -0.0196116 0
    outer loop
      vertex -5.55086 1.49739 9
      vertex -5.54932 1.41888 0
      vertex -5.54932 1.41888 9
    endloop
  endfacet
  facet normal -0.988704 -0.149883 -7.34398e-06
    outer loop
      vertex -5.55754 1.57563 0
      vertex -5.56931 1.65327 0.0143221
      vertex -5.56495 1.62451 0
    endloop
  endfacet
  facet normal -0.988703 -0.149885 -0
    outer loop
      vertex -5.55754 1.57563 9
      vertex -5.56931 1.65327 0.0143221
      vertex -5.55754 1.57563 0
    endloop
  endfacet
  facet normal -0.988703 -0.149885 0
    outer loop
      vertex -5.56931 1.65327 0.0143221
      vertex -5.55754 1.57563 9
      vertex -5.56931 1.65327 9
    endloop
  endfacet
  facet normal -0.996375 -0.0850688 0
    outer loop
      vertex -5.55086 1.49739 0
      vertex -5.55754 1.57563 9
      vertex -5.55754 1.57563 0
    endloop
  endfacet
  facet normal -0.996375 -0.0850688 0
    outer loop
      vertex -5.55754 1.57563 9
      vertex -5.55086 1.49739 0
      vertex -5.55086 1.49739 9
    endloop
  endfacet
  facet normal -0.905389 0.424582 0
    outer loop
      vertex -5.68001 0.889802 0
      vertex -5.64667 0.960897 9
      vertex -5.64667 0.960897 0
    endloop
  endfacet
  facet normal -0.905389 0.424582 0
    outer loop
      vertex -5.64667 0.960897 9
      vertex -5.68001 0.889802 0
      vertex -5.68001 0.889802 9
    endloop
  endfacet
  facet normal -0.940424 -0.340004 -0
    outer loop
      vertex -5.60795 1.80541 9
      vertex -5.63465 1.87926 0.160825
      vertex -5.60795 1.80541 0.1071
    endloop
  endfacet
  facet normal -0.940424 -0.340004 0
    outer loop
      vertex -5.63465 1.87926 0.160825
      vertex -5.60795 1.80541 9
      vertex -5.63465 1.87926 9
    endloop
  endfacet
  facet normal -0.970828 0.239778 0
    outer loop
      vertex -5.59427 1.10886 0
      vertex -5.57544 1.1851 9
      vertex -5.57544 1.1851 0
    endloop
  endfacet
  facet normal -0.970828 0.239778 0
    outer loop
      vertex -5.57544 1.1851 9
      vertex -5.59427 1.10886 0
      vertex -5.59427 1.10886 9
    endloop
  endfacet
  facet normal -0.214291 0.97677 0
    outer loop
      vertex -6.45383 0.271513 8.53728
      vertex -6.49138 0.263275 0.8
      vertex -6.49138 0.263275 8.5
    endloop
  endfacet
  facet normal -0.214291 0.97677 0
    outer loop
      vertex -6.49138 0.263275 0.8
      vertex -6.45383 0.271513 8.53728
      vertex -6.45383 0.271513 0.757397
    endloop
  endfacet
  facet normal -0.993815 0.111046 0
    outer loop
      vertex -5.56164 1.2624 0
      vertex -5.55292 1.34044 9
      vertex -5.55292 1.34044 0
    endloop
  endfacet
  facet normal -0.993815 0.111046 0
    outer loop
      vertex -5.55292 1.34044 9
      vertex -5.56164 1.2624 0
      vertex -5.56164 1.2624 9
    endloop
  endfacet
  facet normal -0.516637 0.856204 -0.000390318
    outer loop
      vertex -6.09565 0.428185 8.88846
      vertex -6.16287 0.387595 8.82444
      vertex -6.13846 0.402335 8.84837
    endloop
  endfacet
  facet normal -0.51691 0.85604 0
    outer loop
      vertex -6.09565 0.428185 8.88846
      vertex -6.16287 0.387595 0.429213
      vertex -6.16287 0.387595 8.82444
    endloop
  endfacet
  facet normal -0.51691 0.85604 0
    outer loop
      vertex -6.09565 0.428185 0.356047
      vertex -6.16287 0.387595 0.429213
      vertex -6.09565 0.428185 8.88846
    endloop
  endfacet
  facet normal -0.516636 0.856205 0.000342705
    outer loop
      vertex -6.16287 0.387595 0.429213
      vertex -6.09565 0.428185 0.356047
      vertex -6.13846 0.402335 0.401867
    endloop
  endfacet
  facet normal -0.693088 -0.720853 0
    outer loop
      vertex -5.94626 2.32636 0.672027
      vertex -5.88966 2.27194 8.68416
      vertex -5.94626 2.32636 8.61198
    endloop
  endfacet
  facet normal -0.693088 -0.720853 -0
    outer loop
      vertex -5.88966 2.27194 8.68416
      vertex -5.94626 2.32636 0.672027
      vertex -5.88966 2.27194 0.589528
    endloop
  endfacet
  facet normal -0.916942 -0.399013 -0.00250718
    outer loop
      vertex -5.63465 1.87926 0.160825
      vertex -5.66612 1.9512 0.221111
      vertex -5.65183 1.91854 0.192662
    endloop
  endfacet
  facet normal -0.916175 -0.400779 0
    outer loop
      vertex -5.66612 1.9512 0.221111
      vertex -5.63465 1.87926 0.160825
      vertex -5.63465 1.87926 9
    endloop
  endfacet
  facet normal -0.916175 -0.400779 0
    outer loop
      vertex -5.66612 1.9512 0.221111
      vertex -5.63465 1.87926 9
      vertex -5.66612 1.9512 9
    endloop
  endfacet
  facet normal -0.720832 0.69311 0
    outer loop
      vertex -5.91187 0.575027 0.163368
      vertex -5.85744 0.631634 9
      vertex -5.85744 0.631634 0.107778
    endloop
  endfacet
  facet normal -0.720832 0.69311 0
    outer loop
      vertex -5.85744 0.631634 9
      vertex -5.91187 0.575027 0.163368
      vertex -5.91187 0.575027 9
    endloop
  endfacet
  facet normal -0.875679 0.482894 0
    outer loop
      vertex -5.71793 0.821038 0
      vertex -5.68001 0.889802 9
      vertex -5.68001 0.889802 0
    endloop
  endfacet
  facet normal -0.875679 0.482894 0
    outer loop
      vertex -5.68001 0.889802 9
      vertex -5.71793 0.821038 0
      vertex -5.71793 0.821038 9
    endloop
  endfacet
  facet normal -0.976762 -0.214327 -0
    outer loop
      vertex -5.56931 1.65327 9
      vertex -5.58614 1.72997 0.058196
      vertex -5.56931 1.65327 0.0143221
    endloop
  endfacet
  facet normal -0.976762 -0.214327 0
    outer loop
      vertex -5.58614 1.72997 0.058196
      vertex -5.56931 1.65327 9
      vertex -5.58614 1.72997 9
    endloop
  endfacet
  facet normal -0.764676 0.644415 0
    outer loop
      vertex -5.85744 0.631634 0.107778
      vertex -5.80684 0.691677 9
      vertex -5.80684 0.691677 0.0569205
    endloop
  endfacet
  facet normal -0.764676 0.644415 0
    outer loop
      vertex -5.80684 0.691677 9
      vertex -5.85744 0.631634 0.107778
      vertex -5.85744 0.631634 9
    endloop
  endfacet
  facet normal -0.738699 -0.674036 0
    outer loop
      vertex -5.88966 2.27194 0.589528
      vertex -5.86433 2.24418 8.71767
      vertex -5.88966 2.27194 8.68416
    endloop
  endfacet
  facet normal -0.738712 -0.674022 -0
    outer loop
      vertex -5.83673 2.21393 8.75417
      vertex -5.88966 2.27194 0.589528
      vertex -5.83673 2.21393 0.509522
    endloop
  endfacet
  facet normal -0.738723 -0.674009 1.70454e-07
    outer loop
      vertex -5.88966 2.27194 0.589528
      vertex -5.83673 2.21393 8.75417
      vertex -5.86433 2.24418 8.71767
    endloop
  endfacet
  facet normal -0.277764 0.960649 0
    outer loop
      vertex -6.3784 0.293323 8.612
      vertex -6.45383 0.271513 0.757397
      vertex -6.45383 0.271513 8.53728
    endloop
  endfacet
  facet normal -0.277764 0.960649 0
    outer loop
      vertex -6.45383 0.271513 0.757397
      vertex -6.3784 0.293323 8.612
      vertex -6.3784 0.293323 0.672001
    endloop
  endfacet
  facet normal -0.869265 -0.494347 -0
    outer loop
      vertex -4.52023 4.61446 8.53862
      vertex -4.53985 4.64896 0.8
      vertex -4.52023 4.61446 0.755864
    endloop
  endfacet
  facet normal -0.869265 -0.494347 0
    outer loop
      vertex -4.53985 4.64896 0.8
      vertex -4.52023 4.61446 8.53862
      vertex -4.53985 4.64896 8.5
    endloop
  endfacet
  facet normal -0.899761 -0.436383 -0
    outer loop
      vertex -4.48596 4.5438 8.61365
      vertex -4.52023 4.61446 0.755864
      vertex -4.48596 4.5438 0.670111
    endloop
  endfacet
  facet normal -0.899761 -0.436383 0
    outer loop
      vertex -4.52023 4.61446 0.755864
      vertex -4.48596 4.5438 8.61365
      vertex -4.52023 4.61446 8.53862
    endloop
  endfacet
  facet normal -0.893917 0.448232 0
    outer loop
      vertex -4.52764 3.48313 0
      vertex -4.49244 3.55333 9
      vertex -4.49244 3.55333 0
    endloop
  endfacet
  facet normal -0.893917 0.448232 0
    outer loop
      vertex -4.49244 3.55333 9
      vertex -4.52764 3.48313 0
      vertex -4.52764 3.48313 9
    endloop
  endfacet
  facet normal -0.78938 0.613905 0
    outer loop
      vertex -4.65961 3.28839 0
      vertex -4.6114 3.35038 9
      vertex -4.6114 3.35038 0
    endloop
  endfacet
  facet normal -0.78938 0.613905 0
    outer loop
      vertex -4.6114 3.35038 9
      vertex -4.65961 3.28839 0
      vertex -4.65961 3.28839 9
    endloop
  endfacet
  facet normal -0.315311 0.948988 0
    outer loop
      vertex -5.16688 2.92989 9
      vertex -5.2414 2.90513 0.223065
      vertex -5.2414 2.90513 9
    endloop
  endfacet
  facet normal -0.315311 0.948988 0
    outer loop
      vertex -5.2414 2.90513 0.223065
      vertex -5.16688 2.92989 9
      vertex -5.16688 2.92989 0.161255
    endloop
  endfacet
  facet normal -0.988978 0.147225 -0.0157245
    outer loop
      vertex -4.39955 3.8525 0.0548898
      vertex -4.38879 3.93028 0.106386
      vertex -4.39883 3.85767 0.0580116
    endloop
  endfacet
  facet normal -0.990566 0.137034 0
    outer loop
      vertex -4.38879 3.93028 0.106386
      vertex -4.39955 3.8525 0.0548898
      vertex -4.39955 3.8525 9
    endloop
  endfacet
  facet normal -0.990566 0.137034 0
    outer loop
      vertex -4.38879 3.93028 0.106386
      vertex -4.39955 3.8525 9
      vertex -4.38879 3.93028 9
    endloop
  endfacet
  facet normal -0.12405 0.992276 0
    outer loop
      vertex -5.3945 2.87049 8.88607
      vertex -5.47241 2.86075 0.43211
      vertex -5.47241 2.86075 8.8219
    endloop
  endfacet
  facet normal -0.12405 0.992276 0
    outer loop
      vertex -5.47241 2.86075 0.43211
      vertex -5.3945 2.87049 8.88607
      vertex -5.3945 2.87049 0.358782
    endloop
  endfacet
  facet normal -0.436433 0.899737 0
    outer loop
      vertex -5.02348 2.99373 9
      vertex -5.09413 2.95946 0.105029
      vertex -5.09413 2.95946 9
    endloop
  endfacet
  facet normal -0.436443 0.899732 1.03611e-07
    outer loop
      vertex -5.02348 2.99373 9
      vertex -5.06296 2.97458 0.0838925
      vertex -5.09413 2.95946 0.105029
    endloop
  endfacet
  facet normal -0.436424 0.899741 0
    outer loop
      vertex -5.06296 2.97458 0.0838925
      vertex -5.02348 2.99373 9
      vertex -5.02348 2.99373 0.0571155
    endloop
  endfacet
  facet normal -0.654465 0.756092 0
    outer loop
      vertex -4.76766 3.17453 0
      vertex -4.82703 3.12314 9
      vertex -4.76766 3.17453 9
    endloop
  endfacet
  facet normal -0.654465 0.756092 0
    outer loop
      vertex -4.82703 3.12314 9
      vertex -4.76766 3.17453 0
      vertex -4.82703 3.12314 0
    endloop
  endfacet
  facet normal -0.188715 0.982032 0
    outer loop
      vertex -5.31738 2.88531 8.94712
      vertex -5.3945 2.87049 0.358782
      vertex -5.3945 2.87049 8.88607
    endloop
  endfacet
  facet normal -0.188715 0.982032 0
    outer loop
      vertex -5.3945 2.87049 0.358782
      vertex -5.31738 2.88531 8.94712
      vertex -5.31738 2.88531 0.289001
    endloop
  endfacet
  facet normal -0.376544 0.926399 0
    outer loop
      vertex -5.09413 2.95946 9
      vertex -5.16688 2.92989 0.161255
      vertex -5.16688 2.92989 9
    endloop
  endfacet
  facet normal -0.376544 0.926399 0
    outer loop
      vertex -5.09413 2.95946 0.105029
      vertex -5.16688 2.92989 0.161255
      vertex -5.09413 2.95946 9
    endloop
  endfacet
  facet normal -0.377501 0.926008 -0.00144297
    outer loop
      vertex -5.16688 2.92989 0.161255
      vertex -5.09413 2.95946 0.105029
      vertex -5.1128 2.95187 0.118571
    endloop
  endfacet
  facet normal -0.992278 -0.124035 2.69521e-17
    outer loop
      vertex -4.38725 4.16552 8.94714
      vertex -4.39699 4.24344 0.358013
      vertex -4.38762 4.16848 0.2916
    endloop
  endfacet
  facet normal -0.992278 -0.124035 -0
    outer loop
      vertex -4.38725 4.16552 8.94714
      vertex -4.38762 4.16848 0.2916
      vertex -4.38725 4.16552 0.288977
    endloop
  endfacet
  facet normal -0.992278 -0.124035 0
    outer loop
      vertex -4.39699 4.24344 0.358013
      vertex -4.38725 4.16552 8.94714
      vertex -4.39699 4.24344 8.88674
    endloop
  endfacet
  facet normal -0.998268 -0.058834 0
    outer loop
      vertex -4.38263 4.08713 9
      vertex -4.38725 4.16552 8.94714
      vertex -4.38725 4.16552 0.288977
    endloop
  endfacet
  facet normal -0.998268 -0.058834 -0
    outer loop
      vertex -4.38263 4.08713 9
      vertex -4.38725 4.16552 0.288977
      vertex -4.38263 4.08713 0.223845
    endloop
  endfacet
  facet normal -0.998321 -0.0578991 0.00139107
    outer loop
      vertex -4.38725 4.16552 8.94714
      vertex -4.38263 4.08713 9
      vertex -4.38296 4.09282 9
    endloop
  endfacet
  facet normal 0.0064942 0.999979 0
    outer loop
      vertex -5.5508 2.85613 8.75491
      vertex -5.62933 2.85664 0.588135
      vertex -5.62933 2.85664 8.68538
    endloop
  endfacet
  facet normal 0.0064942 0.999979 0
    outer loop
      vertex -5.62933 2.85664 0.588135
      vertex -5.5508 2.85613 8.75491
      vertex -5.5508 2.85613 0.50867
    endloop
  endfacet
  facet normal -0.550108 0.835094 0
    outer loop
      vertex -4.88964 3.07575 9
      vertex -4.95522 3.03255 0.0142706
      vertex -4.95522 3.03255 9
    endloop
  endfacet
  facet normal -0.550108 0.835094 0
    outer loop
      vertex -4.88964 3.07575 0
      vertex -4.95522 3.03255 0.0142706
      vertex -4.88964 3.07575 9
    endloop
  endfacet
  facet normal -0.55005 0.835132 0.00037969
    outer loop
      vertex -4.95522 3.03255 0.0142706
      vertex -4.88964 3.07575 0
      vertex -4.93033 3.04895 0
    endloop
  endfacet
  facet normal -0.494355 0.86926 0
    outer loop
      vertex -4.95522 3.03255 9
      vertex -5.02348 2.99373 0.0571155
      vertex -5.02348 2.99373 9
    endloop
  endfacet
  facet normal -0.494355 0.86926 0
    outer loop
      vertex -5.02348 2.99373 0.0571155
      vertex -4.95522 3.03255 9
      vertex -4.95522 3.03255 0.0142706
    endloop
  endfacet
  facet normal -0.926381 -0.376589 -0
    outer loop
      vertex -4.45639 4.47106 8.687
      vertex -4.48596 4.5438 0.670111
      vertex -4.45639 4.47106 0.586283
    endloop
  endfacet
  facet normal -0.926381 -0.376589 0
    outer loop
      vertex -4.48596 4.5438 0.670111
      vertex -4.45639 4.47106 8.687
      vertex -4.48596 4.5438 8.61365
    endloop
  endfacet
  facet normal -0.251863 0.967763 -0.000842313
    outer loop
      vertex -5.2414 2.90513 9
      vertex -5.31738 2.88531 8.94712
      vertex -5.24774 2.90348 9
    endloop
  endfacet
  facet normal -0.252412 0.96762 0
    outer loop
      vertex -5.2414 2.90513 9
      vertex -5.31738 2.88531 0.289001
      vertex -5.31738 2.88531 8.94712
    endloop
  endfacet
  facet normal -0.252471 0.967605 5.50531e-07
    outer loop
      vertex -5.2414 2.90513 9
      vertex -5.29335 2.89158 0.268145
      vertex -5.31738 2.88531 0.289001
    endloop
  endfacet
  facet normal -0.252384 0.967627 0
    outer loop
      vertex -5.29335 2.89158 0.268145
      vertex -5.2414 2.90513 9
      vertex -5.2414 2.90513 0.223065
    endloop
  endfacet
  facet normal -0.702443 0.71174 0
    outer loop
      vertex -4.71177 3.22969 0
      vertex -4.76766 3.17453 9
      vertex -4.71177 3.22969 9
    endloop
  endfacet
  facet normal -0.702443 0.71174 0
    outer loop
      vertex -4.76766 3.17453 9
      vertex -4.71177 3.22969 0
      vertex -4.76766 3.17453 0
    endloop
  endfacet
  facet normal -0.862784 0.505572 0
    outer loop
      vertex -4.56734 3.41538 0
      vertex -4.52764 3.48313 9
      vertex -4.52764 3.48313 0
    endloop
  endfacet
  facet normal -0.862784 0.505572 0
    outer loop
      vertex -4.52764 3.48313 9
      vertex -4.56734 3.41538 0
      vertex -4.56734 3.41538 9
    endloop
  endfacet
  facet normal -0.997409 0.0719438 0
    outer loop
      vertex -4.38879 3.93028 9
      vertex -4.38314 4.00861 0.162894
      vertex -4.38879 3.93028 0.106386
    endloop
  endfacet
  facet normal -0.997409 0.0719438 0
    outer loop
      vertex -4.38314 4.00861 0.162894
      vertex -4.38879 3.93028 9
      vertex -4.38314 4.00861 9
    endloop
  endfacet
  facet normal -0.944794 0.327666 0
    outer loop
      vertex -4.46192 3.62568 0
      vertex -4.43619 3.69987 9
      vertex -4.43619 3.69987 0
    endloop
  endfacet
  facet normal -0.944794 0.327666 0
    outer loop
      vertex -4.43619 3.69987 9
      vertex -4.46192 3.62568 0
      vertex -4.46192 3.62568 9
    endloop
  endfacet
  facet normal -0.948985 -0.31532 -9.84077e-08
    outer loop
      vertex -4.43163 4.39654 8.75673
      vertex -4.45639 4.47106 0.586283
      vertex -4.44909 4.44909 0.562246
    endloop
  endfacet
  facet normal -0.948985 -0.315321 0
    outer loop
      vertex -4.45639 4.47106 0.586283
      vertex -4.44909 4.44909 8.70804
      vertex -4.45639 4.47106 8.687
    endloop
  endfacet
  facet normal -0.94899 -0.315307 -0
    outer loop
      vertex -4.43163 4.39654 8.75673
      vertex -4.44909 4.44909 0.562246
      vertex -4.43163 4.39654 0.506596
    endloop
  endfacet
  facet normal -0.94899 -0.315307 4.1907e-08
    outer loop
      vertex -4.45639 4.47106 0.586283
      vertex -4.43163 4.39654 8.75673
      vertex -4.44909 4.44909 8.70804
    endloop
  endfacet
  facet normal -0.603519 0.797348 0
    outer loop
      vertex -4.82703 3.12314 0
      vertex -4.88964 3.07575 9
      vertex -4.82703 3.12314 9
    endloop
  endfacet
  facet normal -0.603519 0.797348 0
    outer loop
      vertex -4.88964 3.07575 9
      vertex -4.82703 3.12314 0
      vertex -4.88964 3.07575 0
    endloop
  endfacet
  facet normal -0.967628 -0.25238 -0
    outer loop
      vertex -4.41181 4.32055 8.82318
      vertex -4.43163 4.39654 0.506596
      vertex -4.41181 4.32055 0.430657
    endloop
  endfacet
  facet normal -0.967628 -0.25238 0
    outer loop
      vertex -4.43163 4.39654 0.506596
      vertex -4.41181 4.32055 8.82318
      vertex -4.43163 4.39654 8.75673
    endloop
  endfacet
  facet normal -0.982042 -0.188664 0
    outer loop
      vertex -4.41181 4.32055 0.430657
      vertex -4.39885 4.25309 8.87878
      vertex -4.41181 4.32055 8.82318
    endloop
  endfacet
  facet normal -0.982027 -0.188739 -0
    outer loop
      vertex -4.39699 4.24344 8.88674
      vertex -4.41181 4.32055 0.430657
      vertex -4.39699 4.24344 0.358013
    endloop
  endfacet
  facet normal -0.981926 -0.189266 -4.99041e-06
    outer loop
      vertex -4.41181 4.32055 0.430657
      vertex -4.39699 4.24344 8.88674
      vertex -4.39885 4.25309 8.87878
    endloop
  endfacet
  facet normal -0.058834 0.998268 0
    outer loop
      vertex -5.47241 2.86075 8.8219
      vertex -5.5508 2.85613 0.50867
      vertex -5.5508 2.85613 8.75491
    endloop
  endfacet
  facet normal -0.058834 0.998268 0
    outer loop
      vertex -5.5508 2.85613 0.50867
      vertex -5.47241 2.86075 8.8219
      vertex -5.47241 2.86075 0.43211
    endloop
  endfacet
  facet normal 0.071953 0.997408 0
    outer loop
      vertex -5.62933 2.85664 8.68538
      vertex -5.70765 2.86229 0.670164
      vertex -5.70765 2.86229 8.61361
    endloop
  endfacet
  facet normal 0.071953 0.997408 0
    outer loop
      vertex -5.70765 2.86229 0.670164
      vertex -5.62933 2.85664 8.68538
      vertex -5.62933 2.85664 0.588135
    endloop
  endfacet
  facet normal 0.201425 0.979504 0
    outer loop
      vertex -5.81163 2.87844 8.51424
      vertex -5.82617 2.88143 0.8
      vertex -5.82617 2.88143 8.5
    endloop
  endfacet
  facet normal 0.201579 0.979472 -3.03561e-07
    outer loop
      vertex -5.78544 2.87305 8.5399
      vertex -5.82617 2.88143 0.8
      vertex -5.81163 2.87844 8.51424
    endloop
  endfacet
  facet normal 0.201581 0.979472 -3.15327e-07
    outer loop
      vertex -5.78544 2.87305 8.5399
      vertex -5.79896 2.87583 0.769542
      vertex -5.82617 2.88143 0.8
    endloop
  endfacet
  facet normal 0.201408 0.979508 0
    outer loop
      vertex -5.79896 2.87583 0.769542
      vertex -5.78544 2.87305 8.5399
      vertex -5.78544 2.87305 0.754406
    endloop
  endfacet
  facet normal -0.979498 0.201452 0
    outer loop
      vertex -4.41537 3.77558 9
      vertex -4.39955 3.8525 0.0548898
      vertex -4.41537 3.77558 0.0130815
    endloop
  endfacet
  facet normal -0.979498 0.201452 0
    outer loop
      vertex -4.39955 3.8525 0.0548898
      vertex -4.41537 3.77558 9
      vertex -4.39955 3.8525 9
    endloop
  endfacet
  facet normal -0.747522 0.664237 0
    outer loop
      vertex -4.71177 3.22969 0
      vertex -4.65961 3.28839 9
      vertex -4.65961 3.28839 0
    endloop
  endfacet
  facet normal -0.747522 0.664237 0
    outer loop
      vertex -4.65961 3.28839 9
      vertex -4.71177 3.22969 0
      vertex -4.71177 3.22969 9
    endloop
  endfacet
  facet normal -0.827755 0.56109 0
    outer loop
      vertex -4.6114 3.35038 0
      vertex -4.56734 3.41538 9
      vertex -4.56734 3.41538 0
    endloop
  endfacet
  facet normal -0.827755 0.56109 0
    outer loop
      vertex -4.56734 3.41538 9
      vertex -4.6114 3.35038 0
      vertex -4.6114 3.35038 9
    endloop
  endfacet
  facet normal -0.921376 0.388672 0
    outer loop
      vertex -4.49244 3.55333 0
      vertex -4.46192 3.62568 9
      vertex -4.46192 3.62568 0
    endloop
  endfacet
  facet normal -0.921376 0.388672 0
    outer loop
      vertex -4.46192 3.62568 9
      vertex -4.49244 3.55333 0
      vertex -4.49244 3.55333 9
    endloop
  endfacet
  facet normal -0.964217 0.265115 0.000239981
    outer loop
      vertex -4.43619 3.69987 0
      vertex -4.41537 3.77558 0.0130815
      vertex -4.42283 3.74846 0
    endloop
  endfacet
  facet normal -0.964206 0.265154 0
    outer loop
      vertex -4.43619 3.69987 9
      vertex -4.41537 3.77558 0.0130815
      vertex -4.43619 3.69987 0
    endloop
  endfacet
  facet normal -0.964206 0.265154 0
    outer loop
      vertex -4.41537 3.77558 0.0130815
      vertex -4.43619 3.69987 9
      vertex -4.41537 3.77558 9
    endloop
  endfacet
  facet normal 0.137017 0.990569 0
    outer loop
      vertex -5.70765 2.86229 8.61361
      vertex -5.78544 2.87305 0.754406
      vertex -5.78544 2.87305 8.5399
    endloop
  endfacet
  facet normal 0.137017 0.990569 0
    outer loop
      vertex -5.78544 2.87305 0.754406
      vertex -5.70765 2.86229 8.61361
      vertex -5.70765 2.86229 0.670164
    endloop
  endfacet
  facet normal -0.999979 0.00649502 0
    outer loop
      vertex -4.38314 4.00861 9
      vertex -4.38263 4.08713 0.223845
      vertex -4.38314 4.00861 0.162894
    endloop
  endfacet
  facet normal -0.999979 0.00649502 0
    outer loop
      vertex -4.38263 4.08713 0.223845
      vertex -4.38314 4.00861 9
      vertex -4.38263 4.08713 9
    endloop
  endfacet
  facet normal -0.162871 0.986647 0
    outer loop
      vertex -3.21589 4.79863 9
      vertex -3.29337 4.78584 0.0132351
      vertex -3.29337 4.78584 9
    endloop
  endfacet
  facet normal -0.162871 0.986647 0
    outer loop
      vertex -3.21589 4.79863 0
      vertex -3.29337 4.78584 0.0132351
      vertex -3.21589 4.79863 9
    endloop
  endfacet
  facet normal -0.162912 0.986641 -0.000249645
    outer loop
      vertex -3.29337 4.78584 0.0132351
      vertex -3.21589 4.79863 0
      vertex -3.26755 4.7901 0
    endloop
  endfacet
  facet normal -0.995185 0.0980107 0
    outer loop
      vertex -2.25257 5.89709 0.589683
      vertex -2.25517 5.87069 8.70783
      vertex -2.25257 5.89709 8.68403
    endloop
  endfacet
  facet normal -0.995181 0.0980537 0
    outer loop
      vertex -2.26027 5.81894 8.75449
      vertex -2.25257 5.89709 0.589683
      vertex -2.26027 5.81894 0.50915
    endloop
  endfacet
  facet normal -0.995179 0.0980758 2.13822e-07
    outer loop
      vertex -2.25257 5.89709 0.589683
      vertex -2.26027 5.81894 8.75449
      vertex -2.25517 5.87069 8.70783
    endloop
  endfacet
  facet normal -0.471348 0.881947 0
    outer loop
      vertex -2.85 4.93634 0
      vertex -2.91925 4.89933 9
      vertex -2.85 4.93634 9
    endloop
  endfacet
  facet normal -0.471348 0.881947 0
    outer loop
      vertex -2.91925 4.89933 9
      vertex -2.85 4.93634 0
      vertex -2.91925 4.89933 0
    endloop
  endfacet
  facet normal -0.352254 0.935905 0
    outer loop
      vertex -2.99078 4.86692 0
      vertex -3.06427 4.83926 9
      vertex -2.99078 4.86692 9
    endloop
  endfacet
  facet normal -0.352254 0.935905 0
    outer loop
      vertex -3.06427 4.83926 9
      vertex -2.99078 4.86692 0
      vertex -3.06427 4.83926 0
    endloop
  endfacet
  facet normal -0.683615 0.729843 0
    outer loop
      vertex -2.60147 5.12705 0
      vertex -2.65878 5.07337 9
      vertex -2.60147 5.12705 9
    endloop
  endfacet
  facet normal -0.683615 0.729843 0
    outer loop
      vertex -2.65878 5.07337 9
      vertex -2.60147 5.12705 0
      vertex -2.65878 5.07337 0
    endloop
  endfacet
  facet normal -0.0980537 0.995181 0
    outer loop
      vertex -3.29337 4.78584 9
      vertex -3.37152 4.77814 0.0581309
      vertex -3.37152 4.77814 9
    endloop
  endfacet
  facet normal -0.0980537 0.995181 0
    outer loop
      vertex -3.37152 4.77814 0.0581309
      vertex -3.29337 4.78584 9
      vertex -3.29337 4.78584 0.0132351
    endloop
  endfacet
  facet normal 0.163222 0.986589 -0.000434626
    outer loop
      vertex -3.60663 4.78584 9
      vertex -3.68183 4.79826 8.95193
      vertex -3.61479 4.78719 9
    endloop
  endfacet
  facet normal 0.177115 0.983925 -0.0228566
    outer loop
      vertex -3.60663 4.78584 9
      vertex -3.68411 4.79863 8.95019
      vertex -3.68183 4.79826 8.95193
    endloop
  endfacet
  facet normal 0.162871 0.986647 0
    outer loop
      vertex -3.60663 4.78584 9
      vertex -3.68411 4.79863 0.285493
      vertex -3.68411 4.79863 8.95019
    endloop
  endfacet
  facet normal 0.162871 0.986647 -0
    outer loop
      vertex -3.60663 4.78584 0.221882
      vertex -3.68411 4.79863 0.285493
      vertex -3.60663 4.78584 9
    endloop
  endfacet
  facet normal 0.207199 0.976695 0.0559942
    outer loop
      vertex -3.68411 4.79863 0.285493
      vertex -3.60663 4.78584 0.221882
      vertex -3.68183 4.79826 0.28351
    endloop
  endfacet
  facet normal -0.582478 0.812846 0
    outer loop
      vertex -2.71949 5.02355 0
      vertex -2.78332 4.97781 9
      vertex -2.71949 5.02355 9
    endloop
  endfacet
  facet normal -0.582478 0.812846 0
    outer loop
      vertex -2.78332 4.97781 9
      vertex -2.71949 5.02355 0
      vertex -2.78332 4.97781 0
    endloop
  endfacet
  facet normal -0.999464 -0.0327255 -0
    outer loop
      vertex -2.25 5.97557 8.61144
      vertex -2.25257 6.05406 0.757667
      vertex -2.25 5.97557 0.672639
    endloop
  endfacet
  facet normal -0.999464 -0.0327255 0
    outer loop
      vertex -2.25257 6.05406 0.757667
      vertex -2.25 5.97557 8.61144
      vertex -2.25257 6.05406 8.53704
    endloop
  endfacet
  facet normal -0.956953 0.290244 0
    outer loop
      vertex -2.31368 5.58985 8.95019
      vertex -2.29089 5.66499 0.35673
      vertex -2.31368 5.58985 0.285493
    endloop
  endfacet
  facet normal -0.956953 0.290244 0
    outer loop
      vertex -2.29089 5.66499 0.35673
      vertex -2.31368 5.58985 8.95019
      vertex -2.29089 5.66499 8.88786
    endloop
  endfacet
  facet normal -0.0327297 0.999464 0
    outer loop
      vertex -3.37152 4.77814 9
      vertex -3.45 4.77557 0.108017
      vertex -3.45 4.77557 9
    endloop
  endfacet
  facet normal -0.0327297 0.999464 0
    outer loop
      vertex -3.45 4.77557 0.108017
      vertex -3.37152 4.77814 9
      vertex -3.37152 4.77814 0.0581309
    endloop
  endfacet
  facet normal -0.995176 -0.0981086 -0
    outer loop
      vertex -2.25257 6.05406 8.53704
      vertex -2.25633 6.0922 0.8
      vertex -2.25257 6.05406 0.757667
    endloop
  endfacet
  facet normal -0.995176 -0.0981086 0
    outer loop
      vertex -2.25633 6.0922 0.8
      vertex -2.25257 6.05406 8.53704
      vertex -2.25633 6.0922 8.5
    endloop
  endfacet
  facet normal -0.812846 0.582478 0
    outer loop
      vertex -2.49798 5.24506 9
      vertex -2.45224 5.30889 0.0581309
      vertex -2.49798 5.24506 0.0132348
    endloop
  endfacet
  facet normal -0.812846 0.582478 0
    outer loop
      vertex -2.45224 5.30889 0.0581309
      vertex -2.49798 5.24506 9
      vertex -2.45224 5.30889 9
    endloop
  endfacet
  facet normal -0.729843 0.683615 0
    outer loop
      vertex -2.60147 5.12705 0
      vertex -2.54779 5.18436 9
      vertex -2.54779 5.18436 0
    endloop
  endfacet
  facet normal -0.729843 0.683615 0
    outer loop
      vertex -2.54779 5.18436 9
      vertex -2.60147 5.12705 0
      vertex -2.60147 5.12705 9
    endloop
  endfacet
  facet normal 0.0980537 0.995181 0
    outer loop
      vertex -3.52848 4.77814 9
      vertex -3.60663 4.78584 0.221882
      vertex -3.60663 4.78584 9
    endloop
  endfacet
  facet normal 0.0979226 0.995194 1.17803e-06
    outer loop
      vertex -3.52848 4.77814 9
      vertex -3.5487 4.78014 0.177996
      vertex -3.60663 4.78584 0.221882
    endloop
  endfacet
  facet normal 0.0984316 0.995144 0
    outer loop
      vertex -3.5487 4.78014 0.177996
      vertex -3.52848 4.77814 9
      vertex -3.52848 4.77814 0.162678
    endloop
  endfacet
  facet normal 0.352254 0.935905 0
    outer loop
      vertex -3.83573 4.83926 8.82254
      vertex -3.90922 4.86692 0.509151
      vertex -3.90922 4.86692 8.75449
    endloop
  endfacet
  facet normal 0.352254 0.935905 0
    outer loop
      vertex -3.90922 4.86692 0.509151
      vertex -3.83573 4.83926 8.82254
      vertex -3.83573 4.83926 0.431388
    endloop
  endfacet
  facet normal -0.52812 0.84917 0
    outer loop
      vertex -2.78332 4.97781 0
      vertex -2.85 4.93634 9
      vertex -2.78332 4.97781 9
    endloop
  endfacet
  facet normal -0.52812 0.84917 0
    outer loop
      vertex -2.85 4.93634 9
      vertex -2.78332 4.97781 0
      vertex -2.85 4.93634 0
    endloop
  endfacet
  facet normal -0.973884 0.227044 0
    outer loop
      vertex -2.29089 5.66499 8.88786
      vertex -2.27306 5.74147 0.431389
      vertex -2.29089 5.66499 0.35673
    endloop
  endfacet
  facet normal -0.973884 0.227044 0
    outer loop
      vertex -2.27306 5.74147 0.431389
      vertex -2.29089 5.66499 8.88786
      vertex -2.27306 5.74147 8.82253
    endloop
  endfacet
  facet normal 0.290325 0.956928 0
    outer loop
      vertex -3.76058 4.81646 8.88786
      vertex -3.83573 4.83926 0.431388
      vertex -3.83573 4.83926 8.82254
    endloop
  endfacet
  facet normal 0.290325 0.956928 0
    outer loop
      vertex -3.83573 4.83926 0.431388
      vertex -3.76058 4.81646 8.88786
      vertex -3.76058 4.81646 0.356729
    endloop
  endfacet
  facet normal -0.999464 0.0327297 0
    outer loop
      vertex -2.25257 5.89709 8.68403
      vertex -2.25 5.97557 0.672639
      vertex -2.25257 5.89709 0.589683
    endloop
  endfacet
  facet normal -0.999464 0.0327297 0
    outer loop
      vertex -2.25 5.97557 0.672639
      vertex -2.25257 5.89709 8.68403
      vertex -2.25 5.97557 8.61144
    endloop
  endfacet
  facet normal -0.634367 0.773032 0
    outer loop
      vertex -2.65878 5.07337 0
      vertex -2.71949 5.02355 9
      vertex -2.65878 5.07337 9
    endloop
  endfacet
  facet normal -0.634367 0.773032 0
    outer loop
      vertex -2.71949 5.02355 9
      vertex -2.65878 5.07337 0
      vertex -2.71949 5.02355 0
    endloop
  endfacet
  facet normal -0.412709 0.910863 0
    outer loop
      vertex -2.91925 4.89933 0
      vertex -2.99078 4.86692 9
      vertex -2.91925 4.89933 9
    endloop
  endfacet
  facet normal -0.412709 0.910863 0
    outer loop
      vertex -2.99078 4.86692 9
      vertex -2.91925 4.89933 0
      vertex -2.99078 4.86692 0
    endloop
  endfacet
  facet normal -0.987163 0.159719 -3.03626e-05
    outer loop
      vertex -2.27306 5.74147 8.82253
      vertex -2.26027 5.81894 0.50915
      vertex -2.26038 5.81826 0.508468
    endloop
  endfacet
  facet normal -0.986639 0.162919 0
    outer loop
      vertex -2.27306 5.74147 8.82253
      vertex -2.26038 5.81826 0.508468
      vertex -2.27306 5.74147 0.431389
    endloop
  endfacet
  facet normal -0.986644 0.162891 0
    outer loop
      vertex -2.26027 5.81894 0.50915
      vertex -2.27306 5.74147 8.82253
      vertex -2.26027 5.81894 8.75449
    endloop
  endfacet
  facet normal 0.227073 0.973878 0
    outer loop
      vertex -3.68411 4.79863 8.95019
      vertex -3.76058 4.81646 0.356729
      vertex -3.76058 4.81646 8.88786
    endloop
  endfacet
  facet normal 0.227073 0.973878 0
    outer loop
      vertex -3.76058 4.81646 0.356729
      vertex -3.68411 4.79863 8.95019
      vertex -3.68411 4.79863 0.285493
    endloop
  endfacet
  facet normal 0.471348 0.881947 0
    outer loop
      vertex -3.98075 4.89933 8.68403
      vertex -4.05 4.93634 0.672639
      vertex -4.05 4.93634 8.61144
    endloop
  endfacet
  facet normal 0.471348 0.881947 0
    outer loop
      vertex -4.05 4.93634 0.672639
      vertex -3.98075 4.89933 8.68403
      vertex -3.98075 4.89933 0.589682
    endloop
  endfacet
  facet normal -0.849205 0.528063 0
    outer loop
      vertex -2.45224 5.30889 9
      vertex -2.41077 5.37558 0.108017
      vertex -2.45224 5.30889 0.0581309
    endloop
  endfacet
  facet normal -0.849205 0.528063 0
    outer loop
      vertex -2.41077 5.37558 0.108017
      vertex -2.45224 5.30889 9
      vertex -2.41077 5.37558 9
    endloop
  endfacet
  facet normal 0.52812 0.84917 0
    outer loop
      vertex -4.05 4.93634 8.61144
      vertex -4.11668 4.97781 0.757666
      vertex -4.11668 4.97781 8.53704
    endloop
  endfacet
  facet normal 0.52812 0.84917 0
    outer loop
      vertex -4.11668 4.97781 0.757666
      vertex -4.05 4.93634 8.61144
      vertex -4.05 4.93634 0.672639
    endloop
  endfacet
  facet normal -0.290325 0.956928 0
    outer loop
      vertex -3.06427 4.83926 0
      vertex -3.13942 4.81646 9
      vertex -3.06427 4.83926 9
    endloop
  endfacet
  facet normal -0.290325 0.956928 0
    outer loop
      vertex -3.13942 4.81646 9
      vertex -3.06427 4.83926 0
      vertex -3.13942 4.81646 0
    endloop
  endfacet
  facet normal -0.93592 0.352212 0
    outer loop
      vertex -2.34134 5.51635 9
      vertex -2.31368 5.58985 8.95019
      vertex -2.31368 5.58985 0.285493
    endloop
  endfacet
  facet normal -0.95018 0.305938 0.0596683
    outer loop
      vertex -2.34134 5.51635 0.221882
      vertex -2.31368 5.58985 0.285493
      vertex -2.3145 5.58769 0.28351
    endloop
  endfacet
  facet normal -0.940963 0.337637 -0.0243069
    outer loop
      vertex -2.31368 5.58985 8.95019
      vertex -2.34134 5.51635 9
      vertex -2.3145 5.58769 8.95193
    endloop
  endfacet
  facet normal -0.935929 0.352189 0.000101062
    outer loop
      vertex -2.3145 5.58769 8.95193
      vertex -2.34134 5.51635 9
      vertex -2.3257 5.55792 8.97443
    endloop
  endfacet
  facet normal -0.93592 0.352212 0
    outer loop
      vertex -2.31368 5.58985 0.285493
      vertex -2.34134 5.51635 0.221882
      vertex -2.34134 5.51635 9
    endloop
  endfacet
  facet normal -0.93618 0.35152 -0.00113995
    outer loop
      vertex -2.3257 5.55792 8.97443
      vertex -2.34134 5.51635 9
      vertex -2.33843 5.5241 9
    endloop
  endfacet
  facet normal 0.582496 0.812834 0
    outer loop
      vertex -4.11668 4.97781 8.53704
      vertex -4.14784 5.00014 0.8
      vertex -4.14784 5.00014 8.5
    endloop
  endfacet
  facet normal 0.582496 0.812834 0
    outer loop
      vertex -4.14784 5.00014 0.8
      vertex -4.11668 4.97781 8.53704
      vertex -4.11668 4.97781 0.757666
    endloop
  endfacet
  facet normal -0.773037 0.634361 -5.2391e-05
    outer loop
      vertex -2.54779 5.18436 0
      vertex -2.49798 5.24506 0.0132348
      vertex -2.51458 5.22483 0
    endloop
  endfacet
  facet normal -0.773043 0.634354 0
    outer loop
      vertex -2.54779 5.18436 9
      vertex -2.49798 5.24506 0.0132348
      vertex -2.54779 5.18436 0
    endloop
  endfacet
  facet normal -0.773043 0.634354 0
    outer loop
      vertex -2.49798 5.24506 0.0132348
      vertex -2.54779 5.18436 9
      vertex -2.49798 5.24506 9
    endloop
  endfacet
  facet normal -0.910841 0.412757 0
    outer loop
      vertex -2.37375 5.44483 9
      vertex -2.34134 5.51635 0.221882
      vertex -2.37375 5.44483 0.162678
    endloop
  endfacet
  facet normal -0.910841 0.412757 0
    outer loop
      vertex -2.34134 5.51635 0.221882
      vertex -2.37375 5.44483 9
      vertex -2.34134 5.51635 9
    endloop
  endfacet
  facet normal 0.412809 0.910818 0
    outer loop
      vertex -3.95659 4.88838 8.70783
      vertex -3.98075 4.89933 0.589682
      vertex -3.98075 4.89933 8.68403
    endloop
  endfacet
  facet normal 0.412658 0.910886 5.41406e-07
    outer loop
      vertex -3.90922 4.86692 8.75449
      vertex -3.98075 4.89933 0.589682
      vertex -3.95659 4.88838 8.70783
    endloop
  endfacet
  facet normal 0.412709 0.910863 0
    outer loop
      vertex -3.98075 4.89933 0.589682
      vertex -3.90922 4.86692 8.75449
      vertex -3.90922 4.86692 0.509151
    endloop
  endfacet
  facet normal -0.227073 0.973878 0
    outer loop
      vertex -3.13942 4.81646 0
      vertex -3.21589 4.79863 9
      vertex -3.13942 4.81646 9
    endloop
  endfacet
  facet normal -0.227073 0.973878 0
    outer loop
      vertex -3.21589 4.79863 9
      vertex -3.13942 4.81646 0
      vertex -3.21589 4.79863 0
    endloop
  endfacet
  facet normal 0.0327297 0.999464 0
    outer loop
      vertex -3.45 4.77557 9
      vertex -3.52848 4.77814 0.162678
      vertex -3.52848 4.77814 9
    endloop
  endfacet
  facet normal 0.0327297 0.999464 0
    outer loop
      vertex -3.52848 4.77814 0.162678
      vertex -3.45 4.77557 9
      vertex -3.45 4.77557 0.108017
    endloop
  endfacet
  facet normal -0.881894 0.471447 0
    outer loop
      vertex -2.41077 5.37558 9
      vertex -2.37375 5.44483 0.162678
      vertex -2.41077 5.37558 0.108017
    endloop
  endfacet
  facet normal -0.881894 0.471447 0
    outer loop
      vertex -2.37375 5.44483 0.162678
      vertex -2.41077 5.37558 9
      vertex -2.37375 5.44483 9
    endloop
  endfacet
  facet normal -0.899761 0.436383 0
    outer loop
      vertex 0.340738 6.30346 8.68538
      vertex 0.375008 6.37412 0.670165
      vertex 0.340738 6.30346 0.588135
    endloop
  endfacet
  facet normal -0.899761 0.436383 0
    outer loop
      vertex 0.375008 6.37412 0.670165
      vertex 0.340738 6.30346 8.68538
      vertex 0.375008 6.37412 8.61361
    endloop
  endfacet
  facet normal -0.265134 0.964212 0
    outer loop
      vertex -0.365396 5.71618 0
      vertex -0.441112 5.69536 9
      vertex -0.365396 5.71618 9
    endloop
  endfacet
  facet normal -0.265134 0.964212 0
    outer loop
      vertex -0.441112 5.69536 9
      vertex -0.365396 5.71618 0
      vertex -0.441112 5.69536 0
    endloop
  endfacet
  facet normal 0.188725 0.98203 -0
    outer loop
      vertex -0.908967 5.67697 0
      vertex -0.986083 5.69179 9
      vertex -0.908967 5.67697 9
    endloop
  endfacet
  facet normal 0.188725 0.98203 0
    outer loop
      vertex -0.986083 5.69179 9
      vertex -0.908967 5.67697 0
      vertex -0.986083 5.69179 0
    endloop
  endfacet
  facet normal -0.949027 0.315196 0
    outer loop
      vertex 0.404583 6.44686 8.53989
      vertex 0.417692 6.48633 0.8
      vertex 0.404583 6.44686 0.754407
    endloop
  endfacet
  facet normal -0.949027 0.315196 0
    outer loop
      vertex 0.417692 6.48633 0.8
      vertex 0.404583 6.44686 8.53989
      vertex 0.417692 6.48633 8.5
    endloop
  endfacet
  facet normal -0.926358 0.376643 0
    outer loop
      vertex 0.375008 6.37412 8.61361
      vertex 0.404583 6.44686 0.754407
      vertex 0.375008 6.37412 0.670165
    endloop
  endfacet
  facet normal -0.926358 0.376643 0
    outer loop
      vertex 0.404583 6.44686 0.754407
      vertex 0.375008 6.37412 8.61361
      vertex 0.404583 6.44686 8.53989
    endloop
  endfacet
  facet normal -0.00662203 0.999978 0
    outer loop
      vertex -0.674134 5.66313 0
      vertex -0.752658 5.66261 9
      vertex -0.674134 5.66313 9
    endloop
  endfacet
  facet normal -0.00662203 0.999978 0
    outer loop
      vertex -0.752658 5.66261 9
      vertex -0.674134 5.66313 0
      vertex -0.752658 5.66261 0
    endloop
  endfacet
  facet normal -0.560972 0.827835 0
    outer loop
      vertex -0.0159035 5.89138 0.10503
      vertex -0.0809088 5.84733 9
      vertex -0.0159035 5.89138 9
    endloop
  endfacet
  facet normal -0.560972 0.827835 0
    outer loop
      vertex -0.0809088 5.84733 9
      vertex -0.0159035 5.89138 0.10503
      vertex -0.0809088 5.84733 0.057116
    endloop
  endfacet
  facet normal 0.654329 0.75621 0
    outer loop
      vertex -1.47643 5.92963 8.88674
      vertex -1.53581 5.98101 0.430656
      vertex -1.53581 5.98101 8.82318
    endloop
  endfacet
  facet normal 0.654329 0.75621 0
    outer loop
      vertex -1.53581 5.98101 0.430656
      vertex -1.47643 5.92963 8.88674
      vertex -1.47643 5.92963 0.358013
    endloop
  endfacet
  facet normal -0.505688 0.862716 0
    outer loop
      vertex -0.0809088 5.84733 0.057116
      vertex -0.148655 5.80762 9
      vertex -0.0809088 5.84733 9
    endloop
  endfacet
  facet normal -0.505688 0.862716 0
    outer loop
      vertex -0.148655 5.80762 9
      vertex -0.0809088 5.84733 0.057116
      vertex -0.148655 5.80762 0.014271
    endloop
  endfacet
  facet normal 0.550646 0.834738 -0.000959432
    outer loop
      vertex -1.34824 5.83903 9
      vertex -1.41382 5.88223 8.94714
      vertex -1.353 5.84217 9
    endloop
  endfacet
  facet normal 0.550108 0.835094 0
    outer loop
      vertex -1.34824 5.83903 9
      vertex -1.41382 5.88223 0.288978
      vertex -1.41382 5.88223 8.94714
    endloop
  endfacet
  facet normal 0.550108 0.835094 0
    outer loop
      vertex -1.41382 5.88223 0.288978
      vertex -1.34824 5.83903 9
      vertex -1.34824 5.83903 0.223845
    endloop
  endfacet
  facet normal -0.756523 0.653967 -5.17058e-06
    outer loop
      vertex 0.15994 6.04764 8.94712
      vertex 0.211329 6.10702 0.358783
      vertex 0.210041 6.10553 0.357035
    endloop
  endfacet
  facet normal -0.756144 0.654406 0
    outer loop
      vertex 0.15994 6.04764 8.94712
      vertex 0.210041 6.10553 0.357035
      vertex 0.15994 6.04764 0.289001
    endloop
  endfacet
  facet normal -0.756153 0.654395 0
    outer loop
      vertex 0.211329 6.10702 0.358783
      vertex 0.15994 6.04764 8.94712
      vertex 0.211329 6.10702 8.88606
    endloop
  endfacet
  facet normal 0.702507 0.711677 0
    outer loop
      vertex -1.53581 5.98101 8.82318
      vertex -1.59169 6.03617 0.506595
      vertex -1.59169 6.03617 8.75673
    endloop
  endfacet
  facet normal 0.702507 0.711677 0
    outer loop
      vertex -1.59169 6.03617 0.506595
      vertex -1.53581 5.98101 8.82318
      vertex -1.53581 5.98101 0.430656
    endloop
  endfacet
  facet normal -0.0718244 0.997417 0
    outer loop
      vertex -0.595812 5.66877 0
      vertex -0.674134 5.66313 9
      vertex -0.595812 5.66877 9
    endloop
  endfacet
  facet normal -0.0718244 0.997417 0
    outer loop
      vertex -0.674134 5.66313 9
      vertex -0.595812 5.66877 0
      vertex -0.674134 5.66313 0
    endloop
  endfacet
  facet normal -0.869276 0.494326 0
    outer loop
      vertex 0.301921 6.2352 8.75491
      vertex 0.340738 6.30346 0.588135
      vertex 0.301921 6.2352 0.508671
    endloop
  endfacet
  facet normal -0.869276 0.494326 0
    outer loop
      vertex 0.340738 6.30346 0.588135
      vertex 0.301921 6.2352 8.75491
      vertex 0.340738 6.30346 8.68538
    endloop
  endfacet
  facet normal -0.327544 0.944836 0
    outer loop
      vertex -0.291204 5.7419 0
      vertex -0.365396 5.71618 9
      vertex -0.291204 5.7419 9
    endloop
  endfacet
  facet normal -0.327544 0.944836 0
    outer loop
      vertex -0.365396 5.71618 9
      vertex -0.291204 5.7419 0
      vertex -0.365396 5.71618 0
    endloop
  endfacet
  facet normal -0.613948 0.789347 0
    outer loop
      vertex 0.0460796 5.93959 0.161257
      vertex -0.0159035 5.89138 9
      vertex 0.0460796 5.93959 9
    endloop
  endfacet
  facet normal -0.614137 0.7892 0.000334098
    outer loop
      vertex -0.0159035 5.89138 0.10503
      vertex 0.0460796 5.93959 0.161257
      vertex 0 5.90375 0.118572
    endloop
  endfacet
  facet normal -0.613948 0.789347 0
    outer loop
      vertex 0.0460796 5.93959 0.161257
      vertex -0.0159035 5.89138 0.10503
      vertex -0.0159035 5.89138 9
    endloop
  endfacet
  facet normal -0.797736 0.603007 0
    outer loop
      vertex 0.258723 6.16963 0.43211
      vertex 0.255775 6.16573 8.8259
      vertex 0.258723 6.16963 8.8219
    endloop
  endfacet
  facet normal -0.797324 0.603552 0
    outer loop
      vertex 0.211329 6.10702 8.88606
      vertex 0.258723 6.16963 0.43211
      vertex 0.211329 6.10702 0.358783
    endloop
  endfacet
  facet normal -0.797296 0.603588 4.24608e-07
    outer loop
      vertex 0.258723 6.16963 0.43211
      vertex 0.211329 6.10702 8.88606
      vertex 0.255775 6.16573 8.8259
    endloop
  endfacet
  facet normal 0.058834 0.998268 -0
    outer loop
      vertex -0.752658 5.66261 0
      vertex -0.831048 5.66723 9
      vertex -0.752658 5.66261 9
    endloop
  endfacet
  facet normal 0.058834 0.998268 0
    outer loop
      vertex -0.831048 5.66723 9
      vertex -0.752658 5.66261 0
      vertex -0.831048 5.66723 0
    endloop
  endfacet
  facet normal -0.711727 0.702456 0
    outer loop
      vertex 0.104778 5.99175 9
      vertex 0.15994 6.04764 8.94712
      vertex 0.15994 6.04764 0.289001
    endloop
  endfacet
  facet normal -0.711727 0.702456 0
    outer loop
      vertex 0.104778 5.99175 9
      vertex 0.15994 6.04764 0.289001
      vertex 0.104778 5.99175 0.223065
    endloop
  endfacet
  facet normal -0.711892 0.702289 -0.000349706
    outer loop
      vertex 0.15994 6.04764 8.94712
      vertex 0.104778 5.99175 9
      vertex 0.109385 5.99642 9
    endloop
  endfacet
  facet normal 0.6036 0.797287 0
    outer loop
      vertex -1.41382 5.88223 8.94714
      vertex -1.47643 5.92963 0.358013
      vertex -1.47643 5.92963 8.88674
    endloop
  endfacet
  facet normal 0.603615 0.797276 -1.74291e-07
    outer loop
      vertex -1.41382 5.88223 8.94714
      vertex -1.4162 5.88403 0.2916
      vertex -1.47643 5.92963 0.358013
    endloop
  endfacet
  facet normal 0.603212 0.797581 0
    outer loop
      vertex -1.4162 5.88403 0.2916
      vertex -1.41382 5.88223 8.94714
      vertex -1.41382 5.88223 0.288978
    endloop
  endfacet
  facet normal -0.448135 0.893966 0
    outer loop
      vertex -0.148655 5.80762 0.014271
      vertex -0.218854 5.77243 9
      vertex -0.148655 5.80762 9
    endloop
  endfacet
  facet normal -0.448117 0.893975 -0.000115548
    outer loop
      vertex -0.218854 5.77243 0
      vertex -0.148655 5.80762 0.014271
      vertex -0.175304 5.79426 0
    endloop
  endfacet
  facet normal -0.448135 0.893966 0
    outer loop
      vertex -0.148655 5.80762 0.014271
      vertex -0.218854 5.77243 0
      vertex -0.218854 5.77243 9
    endloop
  endfacet
  facet normal -0.664247 0.747513 0
    outer loop
      vertex 0.104778 5.99175 0.223065
      vertex 0.0460796 5.93959 9
      vertex 0.104778 5.99175 9
    endloop
  endfacet
  facet normal -0.664247 0.747513 0
    outer loop
      vertex 0.0460796 5.93959 9
      vertex 0.104778 5.99175 0.223065
      vertex 0.0460796 5.93959 0.161257
    endloop
  endfacet
  facet normal 0.78938 0.613905 0
    outer loop
      vertex -1.64386 6.09487 8.687
      vertex -1.69207 6.15686 0.670111
      vertex -1.69207 6.15686 8.61365
    endloop
  endfacet
  facet normal 0.78938 0.613905 0
    outer loop
      vertex -1.69207 6.15686 0.670111
      vertex -1.64386 6.09487 8.687
      vertex -1.64386 6.09487 0.586282
    endloop
  endfacet
  facet normal 0.376698 0.926336 0
    outer loop
      vertex -1.13659 5.73637 9
      vertex -1.20933 5.76595 0.106387
      vertex -1.20933 5.76595 9
    endloop
  endfacet
  facet normal 0.376698 0.926336 -0
    outer loop
      vertex -1.13659 5.73637 0.0548903
      vertex -1.20933 5.76595 0.106387
      vertex -1.13659 5.73637 9
    endloop
  endfacet
  facet normal 0.379997 0.924972 0.00544312
    outer loop
      vertex -1.20933 5.76595 0.106387
      vertex -1.13659 5.73637 0.0548903
      vertex -1.14143 5.73834 0.0580117
    endloop
  endfacet
  facet normal -0.137023 0.990568 0
    outer loop
      vertex -0.518026 5.67953 0
      vertex -0.595812 5.66877 9
      vertex -0.518026 5.67953 9
    endloop
  endfacet
  facet normal -0.137023 0.990568 0
    outer loop
      vertex -0.595812 5.66877 9
      vertex -0.518026 5.67953 0
      vertex -0.595812 5.66877 0
    endloop
  endfacet
  facet normal 0.124036 0.992278 -0
    outer loop
      vertex -0.831048 5.66723 0
      vertex -0.908967 5.67697 9
      vertex -0.831048 5.66723 9
    endloop
  endfacet
  facet normal 0.124036 0.992278 0
    outer loop
      vertex -0.908967 5.67697 9
      vertex -0.831048 5.66723 0
      vertex -0.908967 5.67697 0
    endloop
  endfacet
  facet normal 0.747362 0.664417 0
    outer loop
      vertex -1.62848 6.07757 8.70804
      vertex -1.64386 6.09487 0.586282
      vertex -1.64386 6.09487 8.687
    endloop
  endfacet
  facet normal 0.747499 0.664263 -5.90603e-07
    outer loop
      vertex -1.59169 6.03617 8.75673
      vertex -1.64386 6.09487 0.586282
      vertex -1.62848 6.07757 8.70804
    endloop
  endfacet
  facet normal 0.747363 0.664416 1.3873e-06
    outer loop
      vertex -1.64386 6.09487 0.586282
      vertex -1.59169 6.03617 8.75673
      vertex -1.62848 6.07757 0.562244
    endloop
  endfacet
  facet normal 0.747499 0.664263 0
    outer loop
      vertex -1.62848 6.07757 0.562244
      vertex -1.59169 6.03617 8.75673
      vertex -1.59169 6.03617 0.506595
    endloop
  endfacet
  facet normal 0.494259 0.869315 0
    outer loop
      vertex -1.27998 5.80022 9
      vertex -1.34824 5.83903 0.223845
      vertex -1.34824 5.83903 9
    endloop
  endfacet
  facet normal 0.494259 0.869315 0
    outer loop
      vertex -1.34824 5.83903 0.223845
      vertex -1.27998 5.80022 9
      vertex -1.27998 5.80022 0.162895
    endloop
  endfacet
  facet normal 0.436433 0.899737 0
    outer loop
      vertex -1.20933 5.76595 9
      vertex -1.27998 5.80022 0.162895
      vertex -1.27998 5.80022 9
    endloop
  endfacet
  facet normal 0.436433 0.899737 0
    outer loop
      vertex -1.27998 5.80022 0.162895
      vertex -1.20933 5.76595 9
      vertex -1.20933 5.76595 0.106387
    endloop
  endfacet
  facet normal -0.201589 0.97947 0
    outer loop
      vertex -0.441112 5.69536 0
      vertex -0.518026 5.67953 9
      vertex -0.441112 5.69536 9
    endloop
  endfacet
  facet normal -0.201589 0.97947 0
    outer loop
      vertex -0.518026 5.67953 9
      vertex -0.441112 5.69536 0
      vertex -0.518026 5.67953 0
    endloop
  endfacet
  facet normal -0.835067 0.550148 0
    outer loop
      vertex 0.258723 6.16963 8.8219
      vertex 0.301921 6.2352 0.508671
      vertex 0.258723 6.16963 0.43211
    endloop
  endfacet
  facet normal -0.835067 0.550148 0
    outer loop
      vertex 0.301921 6.2352 0.508671
      vertex 0.258723 6.16963 8.8219
      vertex 0.301921 6.2352 8.75491
    endloop
  endfacet
  facet normal 0.315158 0.949039 0
    outer loop
      vertex -1.06206 5.71162 9
      vertex -1.13659 5.73637 0.0548903
      vertex -1.13659 5.73637 9
    endloop
  endfacet
  facet normal 0.315158 0.949039 0
    outer loop
      vertex -1.13659 5.73637 0.0548903
      vertex -1.06206 5.71162 9
      vertex -1.06206 5.71162 0.0130814
    endloop
  endfacet
  facet normal 0.827781 0.561051 0
    outer loop
      vertex -1.71721 6.19396 8.57082
      vertex -1.73612 6.22186 0.755863
      vertex -1.73612 6.22186 8.53862
    endloop
  endfacet
  facet normal 0.827839 0.560966 -4.44396e-07
    outer loop
      vertex -1.69207 6.15686 8.61365
      vertex -1.73612 6.22186 0.755863
      vertex -1.71721 6.19396 8.57082
    endloop
  endfacet
  facet normal 0.827814 0.561003 0
    outer loop
      vertex -1.73612 6.22186 0.755863
      vertex -1.69207 6.15686 8.61365
      vertex -1.69207 6.15686 0.670111
    endloop
  endfacet
  facet normal 0.25254 0.967586 0
    outer loop
      vertex -0.986083 5.69179 9
      vertex -1.06206 5.71162 0.0130814
      vertex -1.06206 5.71162 9
    endloop
  endfacet
  facet normal 0.25254 0.967586 -0
    outer loop
      vertex -0.986083 5.69179 0
      vertex -1.06206 5.71162 0.0130814
      vertex -0.986083 5.69179 9
    endloop
  endfacet
  facet normal 0.252388 0.967626 -0.000943705
    outer loop
      vertex -1.06206 5.71162 0.0130814
      vertex -0.986083 5.69179 0
      vertex -1.03485 5.70451 0
    endloop
  endfacet
  facet normal -0.38878 0.921331 0
    outer loop
      vertex -0.218854 5.77243 0
      vertex -0.291204 5.7419 9
      vertex -0.218854 5.77243 9
    endloop
  endfacet
  facet normal -0.38878 0.921331 0
    outer loop
      vertex -0.291204 5.7419 9
      vertex -0.218854 5.77243 0
      vertex -0.291204 5.7419 0
    endloop
  endfacet
  facet normal 0.862781 0.505577 0
    outer loop
      vertex -1.73612 6.22186 8.53862
      vertex -1.75619 6.25611 0.8
      vertex -1.75619 6.25611 8.5
    endloop
  endfacet
  facet normal 0.862781 0.505577 0
    outer loop
      vertex -1.75619 6.25611 0.8
      vertex -1.73612 6.22186 8.53862
      vertex -1.73612 6.22186 0.755863
    endloop
  endfacet
  facet normal 0.571889 0.820331 -0
    outer loop
      vertex 1.47865 5.55588 0
      vertex 1.41423 5.60079 9
      vertex 1.47865 5.55588 9
    endloop
  endfacet
  facet normal 0.571889 0.820331 0
    outer loop
      vertex 1.41423 5.60079 9
      vertex 1.47865 5.55588 0
      vertex 1.41423 5.60079 0
    endloop
  endfacet
  facet normal 0.340004 0.940424 -0
    outer loop
      vertex 1.7614 5.42102 0
      vertex 1.68755 5.44772 9
      vertex 1.7614 5.42102 9
    endloop
  endfacet
  facet normal 0.340004 0.940424 0
    outer loop
      vertex 1.68755 5.44772 9
      vertex 1.7614 5.42102 0
      vertex 1.68755 5.44772 0
    endloop
  endfacet
  facet normal 0.400732 0.916195 -0
    outer loop
      vertex 1.68755 5.44772 0
      vertex 1.6156 5.47919 9
      vertex 1.68755 5.44772 9
    endloop
  endfacet
  facet normal 0.400732 0.916195 0
    outer loop
      vertex 1.6156 5.47919 9
      vertex 1.68755 5.44772 0
      vertex 1.6156 5.47919 0
    endloop
  endfacet
  facet normal 0.674022 0.738712 0
    outer loop
      vertex 1.35288 5.6498 9
      vertex 1.29487 5.70273 0.0581968
      vertex 1.29487 5.70273 9
    endloop
  endfacet
  facet normal 0.674022 0.738712 0
    outer loop
      vertex 1.29487 5.70273 0.0581968
      vertex 1.35288 5.6498 9
      vertex 1.35288 5.6498 0.0143222
    endloop
  endfacet
  facet normal 0.459752 0.888047 -0
    outer loop
      vertex 1.6156 5.47919 0
      vertex 1.54587 5.51529 9
      vertex 1.6156 5.47919 9
    endloop
  endfacet
  facet normal 0.459752 0.888047 0
    outer loop
      vertex 1.54587 5.51529 9
      vertex 1.6156 5.47919 0
      vertex 1.54587 5.51529 0
    endloop
  endfacet
  facet normal -0.364761 0.931101 -0.000448447
    outer loop
      vertex 2.60591 5.45974 8.9482
      vertex 2.53279 5.43112 9
      vertex 2.53861 5.4334 9
    endloop
  endfacet
  facet normal -0.364486 0.931209 0
    outer loop
      vertex 2.60591 5.45974 0.287768
      vertex 2.53279 5.43112 9
      vertex 2.60591 5.45974 8.9482
    endloop
  endfacet
  facet normal -0.364422 0.931234 6.16959e-07
    outer loop
      vertex 2.54269 5.435 0.23216
      vertex 2.53279 5.43112 9
      vertex 2.60591 5.45974 0.287768
    endloop
  endfacet
  facet normal -0.364896 0.931048 0
    outer loop
      vertex 2.53279 5.43112 9
      vertex 2.54269 5.435 0.23216
      vertex 2.53279 5.43112 0.223451
    endloop
  endfacet
  facet normal -0.539205 0.842174 0
    outer loop
      vertex 2.8119 5.57334 0.507556
      vertex 2.74577 5.531 8.82444
      vertex 2.8119 5.57334 8.75589
    endloop
  endfacet
  facet normal -0.539205 0.842174 0
    outer loop
      vertex 2.74577 5.531 8.82444
      vertex 2.8119 5.57334 0.507556
      vertex 2.74577 5.531 0.429213
    endloop
  endfacet
  facet normal 0.624151 0.781303 0
    outer loop
      vertex 1.41423 5.60079 9
      vertex 1.35288 5.6498 0.0143222
      vertex 1.35288 5.6498 9
    endloop
  endfacet
  facet normal 0.624151 0.781303 -0
    outer loop
      vertex 1.41423 5.60079 0
      vertex 1.35288 5.6498 0.0143222
      vertex 1.41423 5.60079 9
    endloop
  endfacet
  facet normal 0.624127 0.781323 -0.000167671
    outer loop
      vertex 1.35288 5.6498 0.0143222
      vertex 1.41423 5.60079 0
      vertex 1.37561 5.63164 0
    endloop
  endfacet
  facet normal 0.720789 0.693155 0
    outer loop
      vertex 1.29487 5.70273 9
      vertex 1.24044 5.75933 0.107101
      vertex 1.24044 5.75933 9
    endloop
  endfacet
  facet normal 0.720789 0.693155 0
    outer loop
      vertex 1.24044 5.75933 0.107101
      vertex 1.29487 5.70273 9
      vertex 1.29487 5.70273 0.0581968
    endloop
  endfacet
  facet normal 0.149885 0.988703 -0
    outer loop
      vertex 1.99117 5.37061 0
      vertex 1.91353 5.38238 9
      vertex 1.99117 5.37061 9
    endloop
  endfacet
  facet normal 0.149885 0.988703 0
    outer loop
      vertex 1.91353 5.38238 9
      vertex 1.99117 5.37061 0
      vertex 1.91353 5.38238 0
    endloop
  endfacet
  facet normal -0.302788 0.953058 0
    outer loop
      vertex 2.53279 5.43112 0.223451
      vertex 2.45794 5.40734 9
      vertex 2.53279 5.43112 9
    endloop
  endfacet
  facet normal -0.302788 0.953058 0
    outer loop
      vertex 2.45794 5.40734 9
      vertex 2.53279 5.43112 0.223451
      vertex 2.45794 5.40734 0.163368
    endloop
  endfacet
  facet normal 0.277764 0.960649 -0
    outer loop
      vertex 1.83683 5.39921 0
      vertex 1.7614 5.42102 9
      vertex 1.83683 5.39921 9
    endloop
  endfacet
  facet normal 0.277764 0.960649 0
    outer loop
      vertex 1.7614 5.42102 9
      vertex 1.83683 5.39921 0
      vertex 1.7614 5.42102 0
    endloop
  endfacet
  facet normal 0.905401 0.424558 0
    outer loop
      vertex 1.06301 6.0175 8.88644
      vertex 1.02967 6.0886 0.432355
      vertex 1.02967 6.0886 8.82169
    endloop
  endfacet
  facet normal 0.906176 0.4229 -1.70013e-05
    outer loop
      vertex 1.02967 6.0886 0.432355
      vertex 1.06301 6.0175 8.88644
      vertex 1.03114 6.08545 0.429078
    endloop
  endfacet
  facet normal 0.905365 0.424635 0
    outer loop
      vertex 1.03114 6.08545 0.429078
      vertex 1.06301 6.0175 8.88644
      vertex 1.06301 6.0175 0.358355
    endloop
  endfacet
  facet normal 0.953049 0.302815 0
    outer loop
      vertex 0.988648 6.20075 8.71766
      vertex 0.97727 6.23656 0.589527
      vertex 0.97727 6.23656 8.68416
    endloop
  endfacet
  facet normal 0.953043 0.302835 9.73756e-08
    outer loop
      vertex 1.00105 6.16172 8.75417
      vertex 0.97727 6.23656 0.589527
      vertex 0.988648 6.20075 8.71766
    endloop
  endfacet
  facet normal 0.953046 0.302825 0
    outer loop
      vertex 0.97727 6.23656 0.589527
      vertex 1.00105 6.16172 8.75417
      vertex 1.00105 6.16172 0.509522
    endloop
  endfacet
  facet normal 0.993816 0.111039 0
    outer loop
      vertex 0.944635 6.3901 8.53792
      vertex 0.940263 6.42923 0.8
      vertex 0.940263 6.42923 8.5
    endloop
  endfacet
  facet normal 0.993816 0.111039 0
    outer loop
      vertex 0.940263 6.42923 0.8
      vertex 0.944635 6.3901 8.53792
      vertex 0.944635 6.3901 0.756669
    endloop
  endfacet
  facet normal 0.214327 0.976762 -0
    outer loop
      vertex 1.91353 5.38238 0
      vertex 1.83683 5.39921 9
      vertex 1.91353 5.38238 9
    endloop
  endfacet
  facet normal 0.214327 0.976762 0
    outer loop
      vertex 1.83683 5.39921 9
      vertex 1.91353 5.38238 0
      vertex 1.83683 5.39921 0
    endloop
  endfacet
  facet normal -0.73875 0.673979 0
    outer loop
      vertex 2.99178 5.72494 8.53728
      vertex 3.01769 5.75334 0.8
      vertex 2.99178 5.72494 0.757398
    endloop
  endfacet
  facet normal -0.73875 0.673979 0
    outer loop
      vertex 3.01769 5.75334 0.8
      vertex 2.99178 5.72494 8.53728
      vertex 3.01769 5.75334 8.5
    endloop
  endfacet
  facet normal -0.175747 0.984435 0
    outer loop
      vertex 2.38171 5.38851 0.107779
      vertex 2.30441 5.37471 9
      vertex 2.38171 5.38851 9
    endloop
  endfacet
  facet normal -0.175747 0.984435 0
    outer loop
      vertex 2.30441 5.37471 9
      vertex 2.38171 5.38851 0.107779
      vertex 2.30441 5.37471 0.0569206
    endloop
  endfacet
  facet normal -0.0458409 0.998949 0
    outer loop
      vertex 2.22637 5.36599 0.0110105
      vertex 2.14792 5.36239 9
      vertex 2.22637 5.36599 9
    endloop
  endfacet
  facet normal -0.0461791 0.99893 0.00241599
    outer loop
      vertex 2.14792 5.36239 0
      vertex 2.22637 5.36599 0.0110105
      vertex 2.22259 5.36582 0.00904905
    endloop
  endfacet
  facet normal -0.0458803 0.998947 -5.61557e-05
    outer loop
      vertex 2.14792 5.36239 0
      vertex 2.22259 5.36582 0.00904905
      vertex 2.20257 5.3649 0
    endloop
  endfacet
  facet normal -0.0458409 0.998949 0
    outer loop
      vertex 2.22637 5.36599 0.0110105
      vertex 2.14792 5.36239 0
      vertex 2.14792 5.36239 9
    endloop
  endfacet
  facet normal -0.239808 0.97082 0
    outer loop
      vertex 2.45794 5.40734 0.163368
      vertex 2.38171 5.38851 9
      vertex 2.45794 5.40734 9
    endloop
  endfacet
  facet normal -0.239808 0.97082 0
    outer loop
      vertex 2.38171 5.38851 9
      vertex 2.45794 5.40734 0.163368
      vertex 2.38171 5.38851 0.107779
    endloop
  endfacet
  facet normal -0.483412 0.875393 -0.000695121
    outer loop
      vertex 2.74577 5.531 8.82444
      vertex 2.67701 5.49308 8.88846
      vertex 2.7208 5.51723 8.84837
    endloop
  endfacet
  facet normal -0.482916 0.875667 0
    outer loop
      vertex 2.74577 5.531 0.429213
      vertex 2.67701 5.49308 8.88846
      vertex 2.74577 5.531 8.82444
    endloop
  endfacet
  facet normal -0.483413 0.875392 0.000609542
    outer loop
      vertex 2.67701 5.49308 0.356047
      vertex 2.74577 5.531 0.429213
      vertex 2.7208 5.51723 0.401866
    endloop
  endfacet
  facet normal -0.482916 0.875667 0
    outer loop
      vertex 2.74577 5.531 0.429213
      vertex 2.67701 5.49308 0.356047
      vertex 2.67701 5.49308 8.88846
    endloop
  endfacet
  facet normal 0.984424 0.175808 0
    outer loop
      vertex 0.95844 6.3128 8.61198
      vertex 0.944635 6.3901 0.756669
      vertex 0.944635 6.3901 8.53792
    endloop
  endfacet
  facet normal 0.984424 0.175808 0
    outer loop
      vertex 0.944635 6.3901 0.756669
      vertex 0.95844 6.3128 8.61198
      vertex 0.95844 6.3128 0.672027
    endloop
  endfacet
  facet normal 0.764713 0.644371 0
    outer loop
      vertex 1.24044 5.75933 9
      vertex 1.18984 5.81938 0.160826
      vertex 1.18984 5.81938 9
    endloop
  endfacet
  facet normal 0.764713 0.644371 0
    outer loop
      vertex 1.18984 5.81938 0.160826
      vertex 1.24044 5.75933 9
      vertex 1.24044 5.75933 0.107101
    endloop
  endfacet
  facet normal 0.51691 0.85604 -0
    outer loop
      vertex 1.54587 5.51529 0
      vertex 1.47865 5.55588 9
      vertex 1.54587 5.51529 9
    endloop
  endfacet
  facet normal 0.51691 0.85604 0
    outer loop
      vertex 1.47865 5.55588 9
      vertex 1.54587 5.51529 0
      vertex 1.47865 5.55588 0
    endloop
  endfacet
  facet normal 0.805136 0.59309 0
    outer loop
      vertex 1.18984 5.81938 9
      vertex 1.14327 5.8826 0.221111
      vertex 1.14327 5.8826 9
    endloop
  endfacet
  facet normal 0.805136 0.59309 -0
    outer loop
      vertex 1.18984 5.81938 0.160826
      vertex 1.14327 5.8826 0.221111
      vertex 1.18984 5.81938 9
    endloop
  endfacet
  facet normal 0.802123 0.597123 -0.00655657
    outer loop
      vertex 1.14327 5.8826 0.221111
      vertex 1.18984 5.81938 0.160826
      vertex 1.16441 5.85389 0.192662
    endloop
  endfacet
  facet normal 0.0196116 0.999808 -0
    outer loop
      vertex 2.14792 5.36239 0
      vertex 2.06941 5.36393 9
      vertex 2.14792 5.36239 9
    endloop
  endfacet
  facet normal 0.0196116 0.999808 0
    outer loop
      vertex 2.06941 5.36393 9
      vertex 2.14792 5.36239 0
      vertex 2.06941 5.36393 0
    endloop
  endfacet
  facet normal -0.424558 0.905401 0
    outer loop
      vertex 2.67701 5.49308 0.356047
      vertex 2.60591 5.45974 8.9482
      vertex 2.67701 5.49308 8.88846
    endloop
  endfacet
  facet normal -0.424558 0.905401 0
    outer loop
      vertex 2.60591 5.45974 8.9482
      vertex 2.67701 5.49308 0.356047
      vertex 2.60591 5.45974 0.287768
    endloop
  endfacet
  facet normal 0.0850688 0.996375 -0
    outer loop
      vertex 2.06941 5.36393 0
      vertex 1.99117 5.37061 9
      vertex 2.06941 5.36393 9
    endloop
  endfacet
  facet normal 0.0850688 0.996375 0
    outer loop
      vertex 1.99117 5.37061 9
      vertex 2.06941 5.36393 0
      vertex 1.99117 5.37061 0
    endloop
  endfacet
  facet normal 0.842065 0.539377 0.000411637
    outer loop
      vertex 1.14327 5.8826 9
      vertex 1.10093 5.94874 8.94814
      vertex 1.13853 5.89 9
    endloop
  endfacet
  facet normal 0.842211 0.539148 0
    outer loop
      vertex 1.10093 5.94874 8.94814
      vertex 1.14327 5.8826 9
      vertex 1.10093 5.94874 0.28784
    endloop
  endfacet
  facet normal 0.842211 0.539148 0
    outer loop
      vertex 1.10093 5.94874 0.28784
      vertex 1.14327 5.8826 9
      vertex 1.14327 5.8826 0.221111
    endloop
  endfacet
  facet normal -0.59303 0.805181 0
    outer loop
      vertex 2.87513 5.61991 0.588601
      vertex 2.8119 5.57334 8.75589
      vertex 2.87513 5.61991 8.68497
    endloop
  endfacet
  facet normal -0.59303 0.805181 0
    outer loop
      vertex 2.8119 5.57334 8.75589
      vertex 2.87513 5.61991 0.588601
      vertex 2.8119 5.57334 0.507556
    endloop
  endfacet
  facet normal 0.970828 0.239778 0
    outer loop
      vertex 0.97727 6.23656 8.68416
      vertex 0.95844 6.3128 0.672027
      vertex 0.95844 6.3128 8.61198
    endloop
  endfacet
  facet normal 0.970828 0.239778 0
    outer loop
      vertex 0.95844 6.3128 0.672027
      vertex 0.97727 6.23656 8.68416
      vertex 0.97727 6.23656 0.589527
    endloop
  endfacet
  facet normal -0.693025 0.720914 0
    outer loop
      vertex 2.99178 5.72494 0.757398
      vertex 2.93517 5.67052 8.612
      vertex 2.99178 5.72494 8.53728
    endloop
  endfacet
  facet normal -0.693025 0.720914 0
    outer loop
      vertex 2.93517 5.67052 8.612
      vertex 2.99178 5.72494 0.757398
      vertex 2.93517 5.67052 0.672001
    endloop
  endfacet
  facet normal 0.931209 0.364486 0
    outer loop
      vertex 1.02967 6.0886 8.82169
      vertex 1.00105 6.16172 0.509522
      vertex 1.00105 6.16172 8.75417
    endloop
  endfacet
  facet normal 0.931209 0.364486 0
    outer loop
      vertex 1.00105 6.16172 0.509522
      vertex 1.02967 6.0886 8.82169
      vertex 1.02967 6.0886 0.432355
    endloop
  endfacet
  facet normal 0.875667 0.482916 0
    outer loop
      vertex 1.10093 5.94874 8.94814
      vertex 1.06301 6.0175 0.358355
      vertex 1.06301 6.0175 8.88644
    endloop
  endfacet
  facet normal 0.875667 0.482916 0
    outer loop
      vertex 1.06301 6.0175 0.358355
      vertex 1.10093 5.94874 8.94814
      vertex 1.10093 5.94874 0.28784
    endloop
  endfacet
  facet normal -0.644611 0.76451 0
    outer loop
      vertex 2.93517 5.67052 0.672001
      vertex 2.91043 5.64966 8.64207
      vertex 2.93517 5.67052 8.612
    endloop
  endfacet
  facet normal -0.644435 0.764659 9.35764e-07
    outer loop
      vertex 2.93517 5.67052 0.672001
      vertex 2.87513 5.61991 8.68497
      vertex 2.91043 5.64966 8.64207
    endloop
  endfacet
  facet normal -0.644498 0.764606 1.28206e-07
    outer loop
      vertex 2.88125 5.62507 0.597099
      vertex 2.87513 5.61991 8.68497
      vertex 2.93517 5.67052 0.672001
    endloop
  endfacet
  facet normal -0.644597 0.764522 0
    outer loop
      vertex 2.87513 5.61991 8.68497
      vertex 2.88125 5.62507 0.597099
      vertex 2.87513 5.61991 0.588601
    endloop
  endfacet
  facet normal -0.111046 0.993815 0
    outer loop
      vertex 2.30441 5.37471 0.0569206
      vertex 2.22637 5.36599 9
      vertex 2.30441 5.37471 9
    endloop
  endfacet
  facet normal -0.111046 0.993815 0
    outer loop
      vertex 2.22637 5.36599 9
      vertex 2.30441 5.37471 0.0569206
      vertex 2.22637 5.36599 0.0110105
    endloop
  endfacet
  facet normal 0.984468 -0.175566 0
    outer loop
      vertex 3.43754 5.34534 8.64207
      vertex 3.44322 5.37719 0.672
      vertex 3.44322 5.37719 8.612
    endloop
  endfacet
  facet normal 0.984413 -0.175874 -1.27118e-06
    outer loop
      vertex 3.42942 5.29989 8.68497
      vertex 3.44322 5.37719 0.672
      vertex 3.43754 5.34534 8.64207
    endloop
  endfacet
  facet normal 0.984443 -0.175703 4.36129e-07
    outer loop
      vertex 3.44322 5.37719 0.672
      vertex 3.42942 5.29989 8.68497
      vertex 3.43083 5.30777 0.5971
    endloop
  endfacet
  facet normal 0.984366 -0.176137 0
    outer loop
      vertex 3.43083 5.30777 0.5971
      vertex 3.42942 5.29989 8.68497
      vertex 3.42942 5.29989 0.588601
    endloop
  endfacet
  facet normal -0.340004 0.940424 0
    outer loop
      vertex 5.06167 4.01313 0.756668
      vertex 4.98782 3.98643 8.61198
      vertex 5.06167 4.01313 8.53792
    endloop
  endfacet
  facet normal -0.340004 0.940424 0
    outer loop
      vertex 4.98782 3.98643 8.61198
      vertex 5.06167 4.01313 0.756668
      vertex 4.98782 3.98643 0.672027
    endloop
  endfacet
  facet normal 0.539148 0.842211 -0
    outer loop
      vertex 4.00345 4.09641 0
      vertex 3.93731 4.13875 9
      vertex 4.00345 4.09641 9
    endloop
  endfacet
  facet normal 0.539148 0.842211 0
    outer loop
      vertex 3.93731 4.13875 9
      vertex 4.00345 4.09641 0
      vertex 3.93731 4.13875 0
    endloop
  endfacet
  facet normal 0.239778 0.970828 -0
    outer loop
      vertex 4.36751 3.95392 0.1071
      vertex 4.29127 3.97275 9
      vertex 4.36751 3.95392 9
    endloop
  endfacet
  facet normal 0.239778 0.970828 0
    outer loop
      vertex 4.29127 3.97275 9
      vertex 4.36751 3.95392 0.1071
      vertex 4.29127 3.97275 0.0581962
    endloop
  endfacet
  facet normal -0.27773 0.960659 0
    outer loop
      vertex 4.98782 3.98643 0.672027
      vertex 4.91238 3.96462 8.68416
      vertex 4.98782 3.98643 8.61198
    endloop
  endfacet
  facet normal -0.27773 0.960659 0
    outer loop
      vertex 4.91238 3.96462 8.68416
      vertex 4.98782 3.98643 0.672027
      vertex 4.91238 3.96462 0.589527
    endloop
  endfacet
  facet normal 0.820391 0.571803 0
    outer loop
      vertex 3.6555 4.40971 9
      vertex 3.6106 4.47413 0
      vertex 3.6106 4.47413 9
    endloop
  endfacet
  facet normal 0.820391 0.571803 0
    outer loop
      vertex 3.6106 4.47413 0
      vertex 3.6555 4.40971 9
      vertex 3.6555 4.40971 0
    endloop
  endfacet
  facet normal -0.68198 0.252135 -0.686536
    outer loop
      vertex 4.91238 3.96462 8.68416
      vertex 4.83568 3.94779 8.75417
      vertex 4.87568 3.95657 8.71766
    endloop
  endfacet
  facet normal -0.214327 0.976762 0
    outer loop
      vertex 4.91238 3.96462 0.589527
      vertex 4.83568 3.94779 8.75417
      vertex 4.91238 3.96462 8.68416
    endloop
  endfacet
  facet normal -0.214327 0.976762 0
    outer loop
      vertex 4.83568 3.94779 8.75417
      vertex 4.91238 3.96462 0.589527
      vertex 4.83568 3.94779 0.509522
    endloop
  endfacet
  facet normal -0.085058 0.996376 0
    outer loop
      vertex 4.75805 3.93602 0.432354
      vertex 4.6798 3.92934 8.88644
      vertex 4.75805 3.93602 8.82169
    endloop
  endfacet
  facet normal -0.0861247 0.996284 -9.94533e-06
    outer loop
      vertex 4.75458 3.93572 0.429078
      vertex 4.6798 3.92934 8.88644
      vertex 4.75805 3.93602 0.432354
    endloop
  endfacet
  facet normal -0.0850081 0.99638 0
    outer loop
      vertex 4.6798 3.92934 8.88644
      vertex 4.75458 3.93572 0.429078
      vertex 4.6798 3.92934 0.358355
    endloop
  endfacet
  facet normal 0.175747 0.984435 -0
    outer loop
      vertex 4.44481 3.94012 0.160825
      vertex 4.36751 3.95392 9
      vertex 4.44481 3.94012 9
    endloop
  endfacet
  facet normal 0.175747 0.984435 0
    outer loop
      vertex 4.36751 3.95392 9
      vertex 4.44481 3.94012 0.160825
      vertex 4.36751 3.95392 0.1071
    endloop
  endfacet
  facet normal 0.482916 0.875667 -0
    outer loop
      vertex 4.07221 4.05849 0
      vertex 4.00345 4.09641 9
      vertex 4.07221 4.05849 9
    endloop
  endfacet
  facet normal 0.482916 0.875667 0
    outer loop
      vertex 4.00345 4.09641 9
      vertex 4.07221 4.05849 0
      vertex 4.00345 4.09641 0
    endloop
  endfacet
  facet normal 0.960649 0.277764 0
    outer loop
      vertex 3.47573 4.75688 9
      vertex 3.45392 4.83231 0.163367
      vertex 3.45392 4.83231 9
    endloop
  endfacet
  facet normal 0.960649 0.277764 0
    outer loop
      vertex 3.45392 4.83231 0.163367
      vertex 3.47573 4.75688 9
      vertex 3.47573 4.75688 0.107779
    endloop
  endfacet
  facet normal 0.999825 0.0186951 -0.00112432
    outer loop
      vertex 3.41864 5.0649 8.88846
      vertex 3.4171 5.14341 8.82444
      vertex 3.41766 5.1149 8.84837
    endloop
  endfacet
  facet normal 0.999808 0.0196116 0
    outer loop
      vertex 3.4171 5.14341 8.82444
      vertex 3.41864 5.0649 8.88846
      vertex 3.4171 5.14341 0.429213
    endloop
  endfacet
  facet normal 0.999808 0.0196116 -0
    outer loop
      vertex 3.41864 5.0649 0.356047
      vertex 3.4171 5.14341 0.429213
      vertex 3.41864 5.0649 8.88846
    endloop
  endfacet
  facet normal 0.999821 0.0189207 0.000741624
    outer loop
      vertex 3.4171 5.14341 0.429213
      vertex 3.41864 5.0649 0.356047
      vertex 3.41766 5.11489 0.401865
    endloop
  endfacet
  facet normal 0.364486 0.931209 -0
    outer loop
      vertex 4.21643 3.99653 0.0143216
      vertex 4.14331 4.02515 9
      vertex 4.21643 3.99653 9
    endloop
  endfacet
  facet normal 0.364544 0.931186 -0.00034438
    outer loop
      vertex 4.14331 4.02515 0
      vertex 4.21643 3.99653 0.0143216
      vertex 4.18934 4.00713 0
    endloop
  endfacet
  facet normal 0.364486 0.931209 0
    outer loop
      vertex 4.21643 3.99653 0.0143216
      vertex 4.14331 4.02515 0
      vertex 4.14331 4.02515 9
    endloop
  endfacet
  facet normal 0.976768 0.214301 0
    outer loop
      vertex 3.45392 4.83231 9
      vertex 3.43709 4.90902 0.223451
      vertex 3.43709 4.90902 9
    endloop
  endfacet
  facet normal 0.976768 0.214301 0
    outer loop
      vertex 3.43709 4.90902 0.223451
      vertex 3.45392 4.83231 9
      vertex 3.45392 4.83231 0.163367
    endloop
  endfacet
  facet normal 0.424558 0.905401 -0
    outer loop
      vertex 4.14331 4.02515 0
      vertex 4.07221 4.05849 9
      vertex 4.14331 4.02515 9
    endloop
  endfacet
  facet normal 0.424558 0.905401 0
    outer loop
      vertex 4.07221 4.05849 9
      vertex 4.14331 4.02515 0
      vertex 4.07221 4.05849 0
    endloop
  endfacet
  facet normal 0.888022 0.4598 0
    outer loop
      vertex 3.57001 4.54135 9
      vertex 3.5339 4.61109 0.0110101
      vertex 3.5339 4.61109 9
    endloop
  endfacet
  facet normal 0.888022 0.4598 -0
    outer loop
      vertex 3.57001 4.54135 0
      vertex 3.5339 4.61109 0.0110101
      vertex 3.57001 4.54135 9
    endloop
  endfacet
  facet normal 0.888 0.459843 -0.000344665
    outer loop
      vertex 3.53757 4.604 0.00715329
      vertex 3.5339 4.61109 0.0110101
      vertex 3.57001 4.54135 0
    endloop
  endfacet
  facet normal 0.889186 0.457519 0.00505736
    outer loop
      vertex 3.5339 4.61109 0.0110101
      vertex 3.53757 4.604 0.00715329
      vertex 3.53564 4.60773 0.00904842
    endloop
  endfacet
  facet normal 0.887975 0.45989 -0.000865727
    outer loop
      vertex 3.53757 4.604 0.00715329
      vertex 3.57001 4.54135 0
      vertex 3.54485 4.58993 0
    endloop
  endfacet
  facet normal 0.916175 0.400779 0
    outer loop
      vertex 3.5339 4.61109 9
      vertex 3.50243 4.68303 0.0569198
      vertex 3.50243 4.68303 9
    endloop
  endfacet
  facet normal 0.916157 0.400819 3.822e-07
    outer loop
      vertex 3.50243 4.68303 0.0569198
      vertex 3.5339 4.61109 9
      vertex 3.53218 4.61503 0.0135241
    endloop
  endfacet
  facet normal 0.916477 0.400087 0
    outer loop
      vertex 3.53218 4.61503 0.0135241
      vertex 3.5339 4.61109 9
      vertex 3.5339 4.61109 0.0110101
    endloop
  endfacet
  facet normal -0.0196116 0.999808 0
    outer loop
      vertex 4.6798 3.92934 0.358355
      vertex 4.60129 3.9278 8.94814
      vertex 4.6798 3.92934 8.88644
    endloop
  endfacet
  facet normal -0.0196116 0.999808 0
    outer loop
      vertex 4.60129 3.9278 8.94814
      vertex 4.6798 3.92934 0.358355
      vertex 4.60129 3.9278 0.28784
    endloop
  endfacet
  facet normal 0.302825 0.953046 -0
    outer loop
      vertex 4.29127 3.97275 0.0581962
      vertex 4.21643 3.99653 9
      vertex 4.29127 3.97275 9
    endloop
  endfacet
  facet normal 0.302825 0.953046 0
    outer loop
      vertex 4.21643 3.99653 9
      vertex 4.29127 3.97275 0.0581962
      vertex 4.21643 3.99653 0.0143216
    endloop
  endfacet
  facet normal 0.693155 0.720789 -0
    outer loop
      vertex 3.81404 4.23592 0
      vertex 3.75744 4.29035 9
      vertex 3.81404 4.23592 9
    endloop
  endfacet
  facet normal 0.693155 0.720789 0
    outer loop
      vertex 3.75744 4.29035 9
      vertex 3.81404 4.23592 0
      vertex 3.75744 4.29035 0
    endloop
  endfacet
  facet normal 0.970828 -0.239778 0
    outer loop
      vertex 3.44322 5.37719 8.612
      vertex 3.46205 5.45343 0.757397
      vertex 3.46205 5.45343 8.53728
    endloop
  endfacet
  facet normal 0.970828 -0.239778 0
    outer loop
      vertex 3.46205 5.45343 0.757397
      vertex 3.44322 5.37719 8.612
      vertex 3.44322 5.37719 0.672
    endloop
  endfacet
  facet normal 0.940424 0.340004 0
    outer loop
      vertex 3.50243 4.68303 9
      vertex 3.47573 4.75688 0.107779
      vertex 3.47573 4.75688 9
    endloop
  endfacet
  facet normal 0.940424 0.340004 0
    outer loop
      vertex 3.47573 4.75688 0.107779
      vertex 3.50243 4.68303 9
      vertex 3.50243 4.68303 0.0569198
    endloop
  endfacet
  facet normal -0.149903 0.988701 0
    outer loop
      vertex 4.83568 3.94779 0.509522
      vertex 4.75805 3.93602 8.82169
      vertex 4.83568 3.94779 8.75417
    endloop
  endfacet
  facet normal -0.149903 0.988701 0
    outer loop
      vertex 4.75805 3.93602 8.82169
      vertex 4.83568 3.94779 0.509522
      vertex 4.75805 3.93602 0.432354
    endloop
  endfacet
  facet normal 0.953038 -0.302849 0
    outer loop
      vertex 3.46205 5.45343 8.53728
      vertex 3.47369 5.49006 0.8
      vertex 3.47369 5.49006 8.5
    endloop
  endfacet
  facet normal 0.953038 -0.302849 0
    outer loop
      vertex 3.47369 5.49006 0.8
      vertex 3.46205 5.45343 8.53728
      vertex 3.46205 5.45343 0.757397
    endloop
  endfacet
  facet normal 0.781303 0.624151 0
    outer loop
      vertex 3.70451 4.34836 9
      vertex 3.6555 4.40971 0
      vertex 3.6555 4.40971 9
    endloop
  endfacet
  facet normal 0.781303 0.624151 0
    outer loop
      vertex 3.6555 4.40971 0
      vertex 3.70451 4.34836 9
      vertex 3.70451 4.34836 0
    endloop
  endfacet
  facet normal -0.400806 0.916163 0
    outer loop
      vertex 5.09774 4.02891 0.8
      vertex 5.06167 4.01313 8.53792
      vertex 5.09774 4.02891 8.5
    endloop
  endfacet
  facet normal -0.400806 0.916163 0
    outer loop
      vertex 5.06167 4.01313 8.53792
      vertex 5.09774 4.02891 0.8
      vertex 5.06167 4.01313 0.756668
    endloop
  endfacet
  facet normal 0.996381 0.0849984 0
    outer loop
      vertex 3.42307 5.01297 8.92811
      vertex 3.41864 5.0649 0.356047
      vertex 3.41864 5.0649 8.88846
    endloop
  endfacet
  facet normal 0.996366 0.0851765 1.08655e-06
    outer loop
      vertex 3.42532 4.98665 8.9482
      vertex 3.41864 5.0649 0.356047
      vertex 3.42307 5.01297 8.92811
    endloop
  endfacet
  facet normal 0.996376 0.085058 0
    outer loop
      vertex 3.41864 5.0649 0.356047
      vertex 3.42532 4.98665 8.9482
      vertex 3.42532 4.98665 0.287769
    endloop
  endfacet
  facet normal 0.85604 0.51691 0
    outer loop
      vertex 3.6106 4.47413 9
      vertex 3.57001 4.54135 0
      vertex 3.57001 4.54135 9
    endloop
  endfacet
  facet normal 0.85604 0.51691 0
    outer loop
      vertex 3.57001 4.54135 0
      vertex 3.6106 4.47413 9
      vertex 3.6106 4.47413 0
    endloop
  endfacet
  facet normal 0.993815 -0.111046 0
    outer loop
      vertex 3.4207 5.22185 8.75589
      vertex 3.42942 5.29989 0.588601
      vertex 3.42942 5.29989 8.68497
    endloop
  endfacet
  facet normal 0.993815 -0.111046 0
    outer loop
      vertex 3.42942 5.29989 0.588601
      vertex 3.4207 5.22185 8.75589
      vertex 3.4207 5.22185 0.507556
    endloop
  endfacet
  facet normal 0.111046 0.993815 -0
    outer loop
      vertex 4.52285 3.9314 0.221112
      vertex 4.44481 3.94012 9
      vertex 4.52285 3.9314 9
    endloop
  endfacet
  facet normal 0.111032 0.993817 1.90053e-05
    outer loop
      vertex 4.44481 3.94012 0.160825
      vertex 4.52285 3.9314 0.221112
      vertex 4.48741 3.93536 0.192662
    endloop
  endfacet
  facet normal 0.111046 0.993815 0
    outer loop
      vertex 4.52285 3.9314 0.221112
      vertex 4.44481 3.94012 0.160825
      vertex 4.44481 3.94012 9
    endloop
  endfacet
  facet normal 0.988864 0.14881 -0.0016764
    outer loop
      vertex 3.43709 4.90902 9
      vertex 3.42532 4.98665 8.9482
      vertex 3.43616 4.9152 9
    endloop
  endfacet
  facet normal 0.988701 0.149903 0
    outer loop
      vertex 3.42532 4.98665 8.9482
      vertex 3.43709 4.90902 9
      vertex 3.42532 4.98665 0.287769
    endloop
  endfacet
  facet normal 0.988701 0.149903 0
    outer loop
      vertex 3.42532 4.98665 0.287769
      vertex 3.43709 4.90902 9
      vertex 3.43709 4.90902 0.223451
    endloop
  endfacet
  facet normal 0.738712 0.674022 0
    outer loop
      vertex 3.75744 4.29035 9
      vertex 3.70451 4.34836 0
      vertex 3.70451 4.34836 9
    endloop
  endfacet
  facet normal 0.738712 0.674022 0
    outer loop
      vertex 3.70451 4.34836 0
      vertex 3.75744 4.29035 9
      vertex 3.75744 4.29035 0
    endloop
  endfacet
  facet normal 0.0455627 0.998961 -0.0004305
    outer loop
      vertex 4.60129 3.9278 8.94814
      vertex 4.52285 3.9314 9
      vertex 4.53162 3.931 9
    endloop
  endfacet
  facet normal 0.0458467 0.998948 -0
    outer loop
      vertex 4.60129 3.9278 0.28784
      vertex 4.52285 3.9314 9
      vertex 4.60129 3.9278 8.94814
    endloop
  endfacet
  facet normal 0.0458467 0.998948 0
    outer loop
      vertex 4.52285 3.9314 9
      vertex 4.60129 3.9278 0.28784
      vertex 4.52285 3.9314 0.221112
    endloop
  endfacet
  facet normal 0.59309 0.805136 -0
    outer loop
      vertex 3.93731 4.13875 0
      vertex 3.87409 4.18532 9
      vertex 3.93731 4.13875 9
    endloop
  endfacet
  facet normal 0.59309 0.805136 0
    outer loop
      vertex 3.87409 4.18532 9
      vertex 3.93731 4.13875 0
      vertex 3.87409 4.18532 0
    endloop
  endfacet
  facet normal 0.998948 -0.0458467 0
    outer loop
      vertex 3.4171 5.14341 8.82444
      vertex 3.4207 5.22185 0.507556
      vertex 3.4207 5.22185 8.75589
    endloop
  endfacet
  facet normal 0.998948 -0.0458467 0
    outer loop
      vertex 3.4207 5.22185 0.507556
      vertex 3.4171 5.14341 8.82444
      vertex 3.4171 5.14341 0.429213
    endloop
  endfacet
  facet normal 0.644371 0.764713 -0
    outer loop
      vertex 3.87409 4.18532 0
      vertex 3.81404 4.23592 9
      vertex 3.87409 4.18532 9
    endloop
  endfacet
  facet normal 0.644371 0.764713 0
    outer loop
      vertex 3.81404 4.23592 9
      vertex 3.87409 4.18532 0
      vertex 3.81404 4.23592 0
    endloop
  endfacet
  facet normal 0.964206 -0.265154 0
    outer loop
      vertex 5.13662 3.08662 9
      vertex 5.15744 3.16233 0.289001
      vertex 5.15744 3.16233 8.94712
    endloop
  endfacet
  facet normal 0.964127 -0.26544 -0.000441385
    outer loop
      vertex 5.13662 3.08662 9
      vertex 5.15744 3.16233 8.94712
      vertex 5.13836 3.09294 9
    endloop
  endfacet
  facet normal 0.964167 -0.265296 -1.3297e-06
    outer loop
      vertex 5.15744 3.16233 0.289001
      vertex 5.13662 3.08662 9
      vertex 5.15085 3.13838 0.268143
    endloop
  endfacet
  facet normal 0.964224 -0.265087 0
    outer loop
      vertex 5.15085 3.13838 0.268143
      vertex 5.13662 3.08662 9
      vertex 5.13662 3.08662 0.223065
    endloop
  endfacet
  facet normal 0.893968 -0.44813 0
    outer loop
      vertex 5.21369 3.30887 8.8219
      vertex 5.24888 3.37907 0.50867
      vertex 5.24888 3.37907 8.75491
    endloop
  endfacet
  facet normal 0.893968 -0.44813 0
    outer loop
      vertex 5.24888 3.37907 0.50867
      vertex 5.21369 3.30887 8.8219
      vertex 5.21369 3.30887 0.43211
    endloop
  endfacet
  facet normal 0.137017 0.990569 -0
    outer loop
      vertex 6.17803 1.61306 0.670111
      vertex 6.10024 1.62382 8.687
      vertex 6.17803 1.61306 8.61365
    endloop
  endfacet
  facet normal 0.137017 0.990569 0
    outer loop
      vertex 6.10024 1.62382 8.687
      vertex 6.17803 1.61306 0.670111
      vertex 6.10024 1.62382 0.586283
    endloop
  endfacet
  facet normal 0.99826 0.0589609 0
    outer loop
      vertex 5.1085 2.69668 9
      vertex 5.10387 2.77507 0.0142704
      vertex 5.10387 2.77507 9
    endloop
  endfacet
  facet normal 0.99826 0.0589609 -0
    outer loop
      vertex 5.1085 2.69668 0
      vertex 5.10387 2.77507 0.0142704
      vertex 5.1085 2.69668 9
    endloop
  endfacet
  facet normal 0.998263 0.0589146 0.000255474
    outer loop
      vertex 5.10387 2.77507 0.0142704
      vertex 5.1085 2.69668 0
      vertex 5.10563 2.74531 0
    endloop
  endfacet
  facet normal 0.664237 0.747522 -0
    outer loop
      vertex 5.53614 1.88387 0.0548902
      vertex 5.47744 1.93603 9
      vertex 5.53614 1.88387 9
    endloop
  endfacet
  facet normal 0.664076 0.747665 -1.89126e-06
    outer loop
      vertex 5.52004 1.89817 0.0434278
      vertex 5.47744 1.93603 9
      vertex 5.53614 1.88387 0.0548902
    endloop
  endfacet
  facet normal 0.664298 0.747467 0
    outer loop
      vertex 5.47744 1.93603 9
      vertex 5.52004 1.89817 0.0434278
      vertex 5.47744 1.93603 0.013082
    endloop
  endfacet
  facet normal 0.797287 0.6036 0
    outer loop
      vertex 5.37089 2.0513 9
      vertex 5.32349 2.11391 0
      vertex 5.32349 2.11391 9
    endloop
  endfacet
  facet normal 0.797287 0.6036 0
    outer loop
      vertex 5.32349 2.11391 0
      vertex 5.37089 2.0513 9
      vertex 5.37089 2.0513 0
    endloop
  endfacet
  facet normal 0.999978 -0.00662237 0
    outer loop
      vertex 5.10387 2.77507 9
      vertex 5.10439 2.85359 0.0571152
      vertex 5.10439 2.85359 9
    endloop
  endfacet
  facet normal 0.999978 -0.00662237 0
    outer loop
      vertex 5.10439 2.85359 0.0571152
      vertex 5.10387 2.77507 9
      vertex 5.10387 2.77507 0.0142704
    endloop
  endfacet
  facet normal 0.265121 0.964215 -0
    outer loop
      vertex 6.02333 1.63964 0.506596
      vertex 5.94761 1.66046 8.82318
      vertex 6.02333 1.63964 8.75673
    endloop
  endfacet
  facet normal 0.265121 0.964215 0
    outer loop
      vertex 5.94761 1.66046 8.82318
      vertex 6.02333 1.63964 0.506596
      vertex 5.94761 1.66046 0.430657
    endloop
  endfacet
  facet normal 0.899761 0.436383 0
    outer loop
      vertex 5.24148 2.24774 9
      vertex 5.20721 2.3184 0
      vertex 5.20721 2.3184 9
    endloop
  endfacet
  facet normal 0.899761 0.436383 0
    outer loop
      vertex 5.20721 2.3184 0
      vertex 5.24148 2.24774 9
      vertex 5.24148 2.24774 0
    endloop
  endfacet
  facet normal 0.926336 0.376698 0
    outer loop
      vertex 5.20721 2.3184 9
      vertex 5.17763 2.39114 0
      vertex 5.17763 2.39114 9
    endloop
  endfacet
  facet normal 0.926336 0.376698 0
    outer loop
      vertex 5.17763 2.39114 0
      vertex 5.20721 2.3184 9
      vertex 5.20721 2.3184 0
    endloop
  endfacet
  facet normal 0.990566 -0.137034 0
    outer loop
      vertex 5.11004 2.93192 9
      vertex 5.1208 3.0097 0.161256
      vertex 5.1208 3.0097 9
    endloop
  endfacet
  facet normal 0.990566 -0.137034 0
    outer loop
      vertex 5.11004 2.93192 0.105029
      vertex 5.1208 3.0097 0.161256
      vertex 5.11004 2.93192 9
    endloop
  endfacet
  facet normal 0.990551 -0.137145 0.000156508
    outer loop
      vertex 5.1208 3.0097 0.161256
      vertex 5.11004 2.93192 0.105029
      vertex 5.1128 2.95187 0.118572
    endloop
  endfacet
  facet normal 0.86926 0.494355 0
    outer loop
      vertex 5.2803 2.17948 9
      vertex 5.24148 2.24774 0
      vertex 5.24148 2.24774 9
    endloop
  endfacet
  facet normal 0.86926 0.494355 0
    outer loop
      vertex 5.24148 2.24774 0
      vertex 5.2803 2.17948 9
      vertex 5.2803 2.17948 0
    endloop
  endfacet
  facet normal 0.827814 -0.561003 0
    outer loop
      vertex 5.28859 3.44682 8.68538
      vertex 5.33264 3.51182 0.670164
      vertex 5.33264 3.51182 8.61361
    endloop
  endfacet
  facet normal 0.827814 -0.561003 0
    outer loop
      vertex 5.33264 3.51182 0.670164
      vertex 5.28859 3.44682 8.68538
      vertex 5.28859 3.44682 0.588134
    endloop
  endfacet
  facet normal 0.921376 -0.388672 0
    outer loop
      vertex 5.18317 3.23652 8.88607
      vertex 5.21369 3.30887 0.43211
      vertex 5.21369 3.30887 8.8219
    endloop
  endfacet
  facet normal 0.921376 -0.388672 0
    outer loop
      vertex 5.21369 3.30887 0.43211
      vertex 5.18317 3.23652 8.88607
      vertex 5.18317 3.23652 0.358782
    endloop
  endfacet
  facet normal 0.949027 0.315196 0
    outer loop
      vertex 5.17763 2.39114 9
      vertex 5.15288 2.46566 0
      vertex 5.15288 2.46566 9
    endloop
  endfacet
  facet normal 0.949027 0.315196 0
    outer loop
      vertex 5.15288 2.46566 0
      vertex 5.17763 2.39114 9
      vertex 5.17763 2.39114 0
    endloop
  endfacet
  facet normal 0.613967 0.789332 -0
    outer loop
      vertex 5.59812 1.83566 0.106386
      vertex 5.53614 1.88387 9
      vertex 5.59812 1.83566 9
    endloop
  endfacet
  facet normal 0.62105 0.783648 -0.0138463
    outer loop
      vertex 5.53614 1.88387 0.0548902
      vertex 5.59812 1.83566 0.106386
      vertex 5.54026 1.88066 0.0580114
    endloop
  endfacet
  facet normal 0.613967 0.789332 0
    outer loop
      vertex 5.59812 1.83566 0.106386
      vertex 5.53614 1.88387 0.0548902
      vertex 5.53614 1.88387 9
    endloop
  endfacet
  facet normal 0.388672 0.921376 -0
    outer loop
      vertex 5.87342 1.68619 0.358013
      vertex 5.80107 1.71671 8.94715
      vertex 5.87342 1.68619 8.88674
    endloop
  endfacet
  facet normal 0.388672 0.921376 6.11591e-09
    outer loop
      vertex 5.80382 1.71555 0.291599
      vertex 5.80107 1.71671 8.94715
      vertex 5.87342 1.68619 0.358013
    endloop
  endfacet
  facet normal 0.388656 0.921383 0
    outer loop
      vertex 5.80107 1.71671 8.94715
      vertex 5.80382 1.71555 0.291599
      vertex 5.80107 1.71671 0.288977
    endloop
  endfacet
  facet normal 0.756147 0.654402 0
    outer loop
      vertex 5.42228 1.99192 9
      vertex 5.37089 2.0513 0
      vertex 5.37089 2.0513 9
    endloop
  endfacet
  facet normal 0.756147 0.654402 0
    outer loop
      vertex 5.37089 2.0513 0
      vertex 5.42228 1.99192 9
      vertex 5.42228 1.99192 0
    endloop
  endfacet
  facet normal 0.327666 0.944794 -0
    outer loop
      vertex 5.94761 1.66046 0.430657
      vertex 5.87342 1.68619 8.88674
      vertex 5.94761 1.66046 8.82318
    endloop
  endfacet
  facet normal 0.327666 0.944794 0
    outer loop
      vertex 5.87342 1.68619 8.88674
      vertex 5.94761 1.66046 0.430657
      vertex 5.87342 1.68619 0.358013
    endloop
  endfacet
  facet normal 0.560944 0.827854 -0
    outer loop
      vertex 5.66313 1.79161 0.162894
      vertex 5.59812 1.83566 9
      vertex 5.66313 1.79161 9
    endloop
  endfacet
  facet normal 0.560944 0.827854 0
    outer loop
      vertex 5.59812 1.83566 9
      vertex 5.66313 1.79161 0.162894
      vertex 5.59812 1.83566 0.106386
    endloop
  endfacet
  facet normal 0.982051 0.188616 0
    outer loop
      vertex 5.13305 2.54165 9
      vertex 5.11824 2.61876 0
      vertex 5.11824 2.61876 9
    endloop
  endfacet
  facet normal 0.982051 0.188616 0
    outer loop
      vertex 5.11824 2.61876 0
      vertex 5.13305 2.54165 9
      vertex 5.13305 2.54165 0
    endloop
  endfacet
  facet normal 0.447213 0.894426 -0.00152315
    outer loop
      vertex 5.80107 1.71671 8.94715
      vertex 5.73087 1.7519 9
      vertex 5.73597 1.74935 9
    endloop
  endfacet
  facet normal 0.44813 0.893968 -0
    outer loop
      vertex 5.80107 1.71671 0.288977
      vertex 5.73087 1.7519 9
      vertex 5.80107 1.71671 8.94715
    endloop
  endfacet
  facet normal 0.44813 0.893968 0
    outer loop
      vertex 5.73087 1.7519 9
      vertex 5.80107 1.71671 0.288977
      vertex 5.73087 1.7519 0.223845
    endloop
  endfacet
  facet normal 0.944794 -0.327666 0
    outer loop
      vertex 5.15744 3.16233 8.94712
      vertex 5.18317 3.23652 0.358782
      vertex 5.18317 3.23652 8.88607
    endloop
  endfacet
  facet normal 0.944794 -0.327666 0
    outer loop
      vertex 5.18317 3.23652 0.358782
      vertex 5.15744 3.16233 8.94712
      vertex 5.15744 3.16233 0.289001
    endloop
  endfacet
  facet normal 0.675326 0.275308 0.684207
    outer loop
      vertex 6.25635 1.60741 8.53862
      vertex 6.17803 1.61306 8.61365
      vertex 6.22274 1.60983 8.57082
    endloop
  endfacet
  facet normal 0.071953 0.997408 -0
    outer loop
      vertex 6.25635 1.60741 0.755864
      vertex 6.17803 1.61306 8.61365
      vertex 6.25635 1.60741 8.53862
    endloop
  endfacet
  facet normal 0.071953 0.997408 0
    outer loop
      vertex 6.17803 1.61306 8.61365
      vertex 6.25635 1.60741 0.755864
      vertex 6.17803 1.61306 0.670111
    endloop
  endfacet
  facet normal 0.206902 0.978342 0.00624552
    outer loop
      vertex 6.10024 1.62382 8.687
      vertex 6.02333 1.63964 8.75673
      vertex 6.07757 1.62848 8.70804
    endloop
  endfacet
  facet normal 0.201477 0.979493 -0
    outer loop
      vertex 6.10024 1.62382 0.586283
      vertex 6.02333 1.63964 8.75673
      vertex 6.10024 1.62382 8.687
    endloop
  endfacet
  facet normal 0.201349 0.979519 -1.25036e-06
    outer loop
      vertex 6.07757 1.62848 0.562245
      vertex 6.02333 1.63964 8.75673
      vertex 6.10024 1.62382 0.586283
    endloop
  endfacet
  facet normal 0.201531 0.979482 0
    outer loop
      vertex 6.02333 1.63964 8.75673
      vertex 6.07757 1.62848 0.562245
      vertex 6.02333 1.63964 0.506596
    endloop
  endfacet
  facet normal 0.992278 0.124035 0
    outer loop
      vertex 5.11824 2.61876 9
      vertex 5.1085 2.69668 0
      vertex 5.1085 2.69668 9
    endloop
  endfacet
  facet normal 0.992278 0.124035 0
    outer loop
      vertex 5.1085 2.69668 0
      vertex 5.11824 2.61876 9
      vertex 5.11824 2.61876 0
    endloop
  endfacet
  facet normal 0.00654898 0.999979 -0
    outer loop
      vertex 6.29605 1.60715 0.8
      vertex 6.25635 1.60741 8.53862
      vertex 6.29605 1.60715 8.5
    endloop
  endfacet
  facet normal 0.00654898 0.999979 0
    outer loop
      vertex 6.25635 1.60741 8.53862
      vertex 6.29605 1.60715 0.8
      vertex 6.25635 1.60741 0.755864
    endloop
  endfacet
  facet normal 0.835114 0.550077 0
    outer loop
      vertex 5.32349 2.11391 9
      vertex 5.2803 2.17948 0
      vertex 5.2803 2.17948 9
    endloop
  endfacet
  facet normal 0.835114 0.550077 0
    outer loop
      vertex 5.2803 2.17948 0
      vertex 5.32349 2.11391 9
      vertex 5.32349 2.11391 0
    endloop
  endfacet
  facet normal 0.979498 -0.201452 0
    outer loop
      vertex 5.1208 3.0097 9
      vertex 5.13662 3.08662 0.223065
      vertex 5.13662 3.08662 9
    endloop
  endfacet
  facet normal 0.979498 -0.201452 0
    outer loop
      vertex 5.13662 3.08662 0.223065
      vertex 5.1208 3.0097 9
      vertex 5.1208 3.0097 0.161256
    endloop
  endfacet
  facet normal 0.967597 0.2525 0
    outer loop
      vertex 5.15288 2.46566 9
      vertex 5.13305 2.54165 0
      vertex 5.13305 2.54165 9
    endloop
  endfacet
  facet normal 0.967597 0.2525 0
    outer loop
      vertex 5.13305 2.54165 0
      vertex 5.15288 2.46566 9
      vertex 5.15288 2.46566 0
    endloop
  endfacet
  facet normal 0.747632 -0.664113 0
    outer loop
      vertex 5.39862 3.5938 8.51424
      vertex 5.40848 3.6049 0.8
      vertex 5.40848 3.6049 8.5
    endloop
  endfacet
  facet normal 0.747388 -0.664388 -7.06976e-07
    outer loop
      vertex 5.38085 3.57381 8.5399
      vertex 5.40848 3.6049 0.8
      vertex 5.39862 3.5938 8.51424
    endloop
  endfacet
  facet normal 0.747627 -0.664119 1.22336e-06
    outer loop
      vertex 5.40848 3.6049 0.8
      vertex 5.38085 3.57381 8.5399
      vertex 5.39003 3.58413 0.769546
    endloop
  endfacet
  facet normal 0.74717 -0.664633 0
    outer loop
      vertex 5.39003 3.58413 0.769546
      vertex 5.38085 3.57381 8.5399
      vertex 5.38085 3.57381 0.754406
    endloop
  endfacet
  facet normal 0.862729 -0.505667 0
    outer loop
      vertex 5.24888 3.37907 8.75491
      vertex 5.28859 3.44682 0.588134
      vertex 5.28859 3.44682 8.68538
    endloop
  endfacet
  facet normal 0.862729 -0.505667 0
    outer loop
      vertex 5.28859 3.44682 0.588134
      vertex 5.24888 3.37907 8.75491
      vertex 5.24888 3.37907 0.50867
    endloop
  endfacet
  facet normal 0.505723 0.862696 -0
    outer loop
      vertex 5.73087 1.7519 0.223845
      vertex 5.66313 1.79161 9
      vertex 5.73087 1.7519 9
    endloop
  endfacet
  facet normal 0.505723 0.862696 0
    outer loop
      vertex 5.66313 1.79161 9
      vertex 5.73087 1.7519 0.223845
      vertex 5.66313 1.79161 0.162894
    endloop
  endfacet
  facet normal 0.71174 0.702443 0
    outer loop
      vertex 5.47744 1.93603 0.013082
      vertex 5.42228 1.99192 0
      vertex 5.42228 1.99192 9
    endloop
  endfacet
  facet normal 0.71174 0.702443 -0
    outer loop
      vertex 5.47744 1.93603 0.013082
      vertex 5.42228 1.99192 9
      vertex 5.47744 1.93603 9
    endloop
  endfacet
  facet normal 0.711754 0.702428 -0.000126197
    outer loop
      vertex 5.42228 1.99192 0
      vertex 5.47744 1.93603 0.013082
      vertex 5.45768 1.95605 0
    endloop
  endfacet
  facet normal 0.997409 -0.0719438 0
    outer loop
      vertex 5.10439 2.85359 9
      vertex 5.11004 2.93192 0.105029
      vertex 5.11004 2.93192 9
    endloop
  endfacet
  facet normal 0.997392 -0.072169 -1.99332e-06
    outer loop
      vertex 5.11004 2.93192 0.105029
      vertex 5.10439 2.85359 9
      vertex 5.10754 2.89737 0.0838924
    endloop
  endfacet
  facet normal 0.997422 -0.0717651 0
    outer loop
      vertex 5.10754 2.89737 0.0838924
      vertex 5.10439 2.85359 9
      vertex 5.10439 2.85359 0.0571152
    endloop
  endfacet
  facet normal 0.78938 -0.613905 0
    outer loop
      vertex 5.33264 3.51182 8.61361
      vertex 5.38085 3.57381 0.754406
      vertex 5.38085 3.57381 8.5399
    endloop
  endfacet
  facet normal 0.78938 -0.613905 0
    outer loop
      vertex 5.38085 3.57381 0.754406
      vertex 5.33264 3.51182 8.61361
      vertex 5.33264 3.51182 0.670164
    endloop
  endfacet
  facet normal -0.980791 0.195064 0
    outer loop
      vertex 3.15407 -0.105237 8.86395
      vertex 3.175 0 2.49
      vertex 3.15407 -0.105237 2.49
    endloop
  endfacet
  facet normal -0.980791 0.195064 0
    outer loop
      vertex 3.175 0 2.49
      vertex 3.15407 -0.105237 8.86395
      vertex 3.175 0 8.88187
    endloop
  endfacet
  facet normal -0.195094 -0.980784 0
    outer loop
      vertex 3.00524 0.254066 2.49
      vertex 2.9 0.275 8.61491
      vertex 2.9 0.275 2.49
    endloop
  endfacet
  facet normal -0.195094 -0.980784 0
    outer loop
      vertex 2.9 0.275 8.61491
      vertex 3.00524 0.254066 2.49
      vertex 3.00524 0.254066 8.72022
    endloop
  endfacet
  facet normal 0.195129 0.980778 -0
    outer loop
      vertex 2.9 -0.275 2.49
      vertex 2.88567 -0.272149 8.6
      vertex 2.9 -0.275 8.61491
    endloop
  endfacet
  facet normal 0.195129 0.980778 0
    outer loop
      vertex 2.88567 -0.272149 8.6
      vertex 2.9 -0.275 2.49
      vertex 2.88567 -0.272149 2.49
    endloop
  endfacet
  facet normal -0.555595 -0.831453 0
    outer loop
      vertex 3.09445 0.194454 2.49
      vertex 3.00524 0.254066 8.72022
      vertex 3.00524 0.254066 2.49
    endloop
  endfacet
  facet normal -0.555585 -0.83146 1.93215e-07
    outer loop
      vertex 3.00524 0.254066 8.72022
      vertex 3.09445 0.194454 2.49
      vertex 3.08305 0.202073 8.79441
    endloop
  endfacet
  facet normal -0.555659 -0.83141 0
    outer loop
      vertex 3.08305 0.202073 8.79441
      vertex 3.09445 0.194454 2.49
      vertex 3.09445 0.194454 8.80584
    endloop
  endfacet
  facet normal -0.831367 0.555724 0
    outer loop
      vertex 3.15407 -0.105237 2.49
      vertex 3.13729 -0.13034 8.8476
      vertex 3.15407 -0.105237 8.86395
    endloop
  endfacet
  facet normal -0.831439 0.555616 0
    outer loop
      vertex 3.09445 -0.194454 8.80584
      vertex 3.15407 -0.105237 2.49
      vertex 3.09445 -0.194454 2.49
    endloop
  endfacet
  facet normal -0.831467 0.555574 -8.55355e-07
    outer loop
      vertex 3.15407 -0.105237 2.49
      vertex 3.09445 -0.194454 8.80584
      vertex 3.13729 -0.13034 8.8476
    endloop
  endfacet
  facet normal -0.555659 0.83141 0
    outer loop
      vertex 3.09445 -0.194454 2.49
      vertex 3.08305 -0.202073 8.79441
      vertex 3.09445 -0.194454 8.80584
    endloop
  endfacet
  facet normal -0.555585 0.83146 1.93215e-07
    outer loop
      vertex 3.09445 -0.194454 2.49
      vertex 3.00524 -0.254066 8.72022
      vertex 3.08305 -0.202073 8.79441
    endloop
  endfacet
  facet normal -0.555595 0.831453 0
    outer loop
      vertex 3.00524 -0.254066 8.72022
      vertex 3.09445 -0.194454 2.49
      vertex 3.00524 -0.254066 2.49
    endloop
  endfacet
  facet normal -0.195094 0.980784 0
    outer loop
      vertex 3.00524 -0.254066 2.49
      vertex 2.9 -0.275 8.61491
      vertex 3.00524 -0.254066 8.72022
    endloop
  endfacet
  facet normal -0.195094 0.980784 0
    outer loop
      vertex 2.9 -0.275 8.61491
      vertex 3.00524 -0.254066 2.49
      vertex 2.9 -0.275 2.49
    endloop
  endfacet
  facet normal -0.831439 -0.555616 0
    outer loop
      vertex 3.15407 0.105237 2.49
      vertex 3.09445 0.194454 8.80584
      vertex 3.09445 0.194454 2.49
    endloop
  endfacet
  facet normal -0.831467 -0.555574 -8.55355e-07
    outer loop
      vertex 3.09445 0.194454 8.80584
      vertex 3.15407 0.105237 2.49
      vertex 3.13729 0.13034 8.8476
    endloop
  endfacet
  facet normal -0.831367 -0.555724 0
    outer loop
      vertex 3.13729 0.13034 8.8476
      vertex 3.15407 0.105237 2.49
      vertex 3.15407 0.105237 8.86395
    endloop
  endfacet
  facet normal 0 0 1
    outer loop
      vertex -0.345846 3.08121 2.49
      vertex -0.233067 2.88952 2.49
      vertex -0.271646 3.0037 2.49
    endloop
  endfacet
  facet normal 0 0 1
    outer loop
      vertex -0.271646 3.0037 2.49
      vertex -0.233067 2.88952 2.49
      vertex -0.232758 2.9037 2.49
    endloop
  endfacet
  facet normal 0 0 1
    outer loop
      vertex 0 2.9 2.49
      vertex 0.233067 2.88952 2.49
      vertex 0.189669 2.89379 2.49
    endloop
  endfacet
  facet normal 0 0 1
    outer loop
      vertex 0.233067 2.88952 2.49
      vertex 0 2.9 2.49
      vertex 0.233067 -2.88952 2.49
    endloop
  endfacet
  facet normal 0 0 1
    outer loop
      vertex 0 -2.9 2.49
      vertex 0.233067 -2.88952 2.49
      vertex 0 2.9 2.49
    endloop
  endfacet
  facet normal 0 0 1
    outer loop
      vertex 0.233067 -2.88952 2.49
      vertex 0 -2.9 2.49
      vertex 0.189669 -2.89379 2.49
    endloop
  endfacet
  facet normal 0 0 1
    outer loop
      vertex -0.233067 2.88952 2.49
      vertex 0 2.9 2.49
      vertex -0.189669 2.89379 2.49
    endloop
  endfacet
  facet normal 0 0 1
    outer loop
      vertex 0 2.9 2.49
      vertex -0.233067 2.88952 2.49
      vertex 0 -2.9 2.49
    endloop
  endfacet
  facet normal -0 0 1
    outer loop
      vertex -0.233067 -2.88952 2.49
      vertex 0 -2.9 2.49
      vertex -0.233067 2.88952 2.49
    endloop
  endfacet
  facet normal 0 0 1
    outer loop
      vertex 0 -2.9 2.49
      vertex -0.233067 -2.88952 2.49
      vertex -0.189669 -2.89379 2.49
    endloop
  endfacet
  facet normal 0 0 1
    outer loop
      vertex 0.769451 -2.79546 2.49
      vertex 0.233067 -2.88952 2.49
      vertex 0.271646 -3.0037 2.49
    endloop
  endfacet
  facet normal 0 0 1
    outer loop
      vertex 0.271646 -3.0037 2.49
      vertex 0.233067 -2.88952 2.49
      vertex 0.232758 -2.9037 2.49
    endloop
  endfacet
  facet normal 0 0 1
    outer loop
      vertex 0.77206 2.91546 2.49
      vertex 0.769451 2.79546 2.49
      vertex 0.774402 2.80819 2.49
    endloop
  endfacet
  facet normal -0 0 1
    outer loop
      vertex 0.233067 2.88952 2.49
      vertex 0.769451 2.79546 2.49
      vertex 0.728846 3.01368 2.49
    endloop
  endfacet
  facet normal 0 0 1
    outer loop
      vertex 0.728846 3.01368 2.49
      vertex 0.769451 2.79546 2.49
      vertex 0.77206 2.91546 2.49
    endloop
  endfacet
  facet normal 0 0 1
    outer loop
      vertex 1.67852 2.36299 2.49
      vertex 1.72265 2.47558 2.49
      vertex 1.71563 2.58265 2.49
    endloop
  endfacet
  facet normal 0 0 1
    outer loop
      vertex 1.72265 2.47558 2.49
      vertex 1.67852 2.36299 2.49
      vertex 1.68816 2.37397 2.49
    endloop
  endfacet
  facet normal -0 0 1
    outer loop
      vertex 1.20714 2.63513 2.49
      vertex 1.67852 2.36299 2.49
      vertex 1.66817 2.67888 2.49
    endloop
  endfacet
  facet normal 0 0 1
    outer loop
      vertex 1.66817 2.67888 2.49
      vertex 1.67852 2.36299 2.49
      vertex 1.71563 2.58265 2.49
    endloop
  endfacet
  facet normal 0 0 1
    outer loop
      vertex 2.38586 1.6466 2.49
      vertex 2.49548 1.84012 2.49
      vertex 2.4838 1.94678 2.49
    endloop
  endfacet
  facet normal 0 0 1
    outer loop
      vertex 2.38586 1.6466 2.49
      vertex 2.4838 1.94678 2.49
      vertex 2.43219 2.04085 2.49
    endloop
  endfacet
  facet normal 0 0 1
    outer loop
      vertex 2.49548 1.84012 2.49
      vertex 2.38586 1.6466 2.49
      vertex 2.46546 1.7371 2.49
    endloop
  endfacet
  facet normal 0 0 1
    outer loop
      vertex 2.46546 1.7371 2.49
      vertex 2.38586 1.6466 2.49
      vertex 2.3983 1.65342 2.49
    endloop
  endfacet
  facet normal -0 0 1
    outer loop
      vertex 2.03621 2.06409 2.49
      vertex 2.38586 1.6466 2.49
      vertex 2.34851 2.10801 2.49
    endloop
  endfacet
  facet normal 0 0 1
    outer loop
      vertex 2.34851 2.10801 2.49
      vertex 2.38586 1.6466 2.49
      vertex 2.43219 2.04085 2.49
    endloop
  endfacet
  facet normal 0 0 1
    outer loop
      vertex 2.98352 1.08591 2.49
      vertex 2.97434 0.875638 2.49
      vertex 2.99985 0.979862 2.49
    endloop
  endfacet
  facet normal 0 0 1
    outer loop
      vertex 2.92786 1.17765 2.49
      vertex 2.97434 0.875638 2.49
      vertex 2.98352 1.08591 2.49
    endloop
  endfacet
  facet normal 0 0 1
    outer loop
      vertex 2.80566 0.731364 2.49
      vertex 2.97434 0.875638 2.49
      vertex 2.92786 1.17765 2.49
    endloop
  endfacet
  facet normal 0 0 1
    outer loop
      vertex 2.80566 0.731364 2.49
      vertex 2.92786 1.17765 2.49
      vertex 2.84133 1.24109 2.49
    endloop
  endfacet
  facet normal 0 0 1
    outer loop
      vertex 2.97434 0.875638 2.49
      vertex 2.80566 0.731364 2.49
      vertex 2.9109 0.789106 2.49
    endloop
  endfacet
  facet normal 0 0 1
    outer loop
      vertex 2.9109 0.789106 2.49
      vertex 2.80566 0.731364 2.49
      vertex 2.81916 0.733442 2.49
    endloop
  endfacet
  facet normal 0 0 1
    outer loop
      vertex 2.84133 1.24109 2.49
      vertex 2.61893 1.24292 2.49
      vertex 2.80566 0.731364 2.49
    endloop
  endfacet
  facet normal -0 0 1
    outer loop
      vertex 2.61893 1.24292 2.49
      vertex 2.84133 1.24109 2.49
      vertex 2.7371 1.2666 2.49
    endloop
  endfacet
  facet normal 0 0 1
    outer loop
      vertex 3.15407 0.105237 2.49
      vertex 3.15407 -0.105237 2.49
      vertex 3.175 0 2.49
    endloop
  endfacet
  facet normal 0 0 1
    outer loop
      vertex 3.09445 0.194454 2.49
      vertex 3.15407 -0.105237 2.49
      vertex 3.15407 0.105237 2.49
    endloop
  endfacet
  facet normal 0 0 1
    outer loop
      vertex 3.09445 0.194454 2.49
      vertex 3.09445 -0.194454 2.49
      vertex 3.15407 -0.105237 2.49
    endloop
  endfacet
  facet normal 0 0 1
    outer loop
      vertex 2.88567 0.272149 2.49
      vertex 3.09445 0.194454 2.49
      vertex 3.00524 0.254066 2.49
    endloop
  endfacet
  facet normal 0 0 1
    outer loop
      vertex 3.09445 0.194454 2.49
      vertex 2.88567 0.272149 2.49
      vertex 3.09445 -0.194454 2.49
    endloop
  endfacet
  facet normal -0 0 1
    outer loop
      vertex 2.88567 0.272149 2.49
      vertex 3.00524 0.254066 2.49
      vertex 2.9 0.275 2.49
    endloop
  endfacet
  facet normal 0 0 1
    outer loop
      vertex 2.88567 -0.272149 2.49
      vertex 3.09445 -0.194454 2.49
      vertex 2.88567 0.272149 2.49
    endloop
  endfacet
  facet normal 0 0 1
    outer loop
      vertex 3.09445 -0.194454 2.49
      vertex 2.88567 -0.272149 2.49
      vertex 3.00524 -0.254066 2.49
    endloop
  endfacet
  facet normal 0 0 1
    outer loop
      vertex 3.00524 -0.254066 2.49
      vertex 2.88567 -0.272149 2.49
      vertex 2.9 -0.275 2.49
    endloop
  endfacet
  facet normal 0 0 1
    outer loop
      vertex 2.84428 0.565762 2.49
      vertex 2.88567 0.272149 2.49
      vertex 2.87519 0.378526 2.49
    endloop
  endfacet
  facet normal 0 0 1
    outer loop
      vertex 2.88567 0.272149 2.49
      vertex 2.84428 0.565762 2.49
      vertex 2.88567 -0.272149 2.49
    endloop
  endfacet
  facet normal 0 0 1
    outer loop
      vertex 2.84428 -0.565762 2.49
      vertex 2.88567 -0.272149 2.49
      vertex 2.84428 0.565762 2.49
    endloop
  endfacet
  facet normal 0 0 1
    outer loop
      vertex 2.88567 -0.272149 2.49
      vertex 2.84428 -0.565762 2.49
      vertex 2.87519 -0.378526 2.49
    endloop
  endfacet
  facet normal 0 0 1
    outer loop
      vertex 2.80566 0.731364 2.49
      vertex 2.84428 -0.565762 2.49
      vertex 2.84428 0.565762 2.49
    endloop
  endfacet
  facet normal 0 0 1
    outer loop
      vertex 2.84428 -0.565762 2.49
      vertex 2.80566 0.731364 2.49
      vertex 2.80566 -0.731364 2.49
    endloop
  endfacet
  facet normal 0 0 1
    outer loop
      vertex 2.97434 -0.875638 2.49
      vertex 2.98352 -1.08591 2.49
      vertex 2.99985 -0.979862 2.49
    endloop
  endfacet
  facet normal 0 0 1
    outer loop
      vertex 2.97434 -0.875638 2.49
      vertex 2.92786 -1.17765 2.49
      vertex 2.98352 -1.08591 2.49
    endloop
  endfacet
  facet normal 0 0 1
    outer loop
      vertex 2.80566 -0.731364 2.49
      vertex 2.97434 -0.875638 2.49
      vertex 2.9109 -0.789106 2.49
    endloop
  endfacet
  facet normal 0 0 1
    outer loop
      vertex 2.97434 -0.875638 2.49
      vertex 2.80566 -0.731364 2.49
      vertex 2.92786 -1.17765 2.49
    endloop
  endfacet
  facet normal 0 0 1
    outer loop
      vertex 2.80566 -0.731364 2.49
      vertex 2.9109 -0.789106 2.49
      vertex 2.81916 -0.733442 2.49
    endloop
  endfacet
  facet normal 0 0 1
    outer loop
      vertex 2.92786 -1.17765 2.49
      vertex 2.80566 -0.731364 2.49
      vertex 2.84133 -1.24109 2.49
    endloop
  endfacet
  facet normal 0 0 1
    outer loop
      vertex 2.61893 -1.24292 2.49
      vertex 2.84133 -1.24109 2.49
      vertex 2.80566 -0.731364 2.49
    endloop
  endfacet
  facet normal 0 0 1
    outer loop
      vertex 2.80566 0.731364 2.49
      vertex 2.61893 1.24292 2.49
      vertex 2.80566 -0.731364 2.49
    endloop
  endfacet
  facet normal 0 0 1
    outer loop
      vertex 2.61893 1.24292 2.49
      vertex 2.7371 1.2666 2.49
      vertex 2.63105 1.25027 2.49
    endloop
  endfacet
  facet normal 0 0 1
    outer loop
      vertex 2.61893 -1.24292 2.49
      vertex 2.80566 -0.731364 2.49
      vertex 2.61893 1.24292 2.49
    endloop
  endfacet
  facet normal 0 0 1
    outer loop
      vertex 2.84133 -1.24109 2.49
      vertex 2.61893 -1.24292 2.49
      vertex 2.7371 -1.2666 2.49
    endloop
  endfacet
  facet normal 0 0 1
    outer loop
      vertex 2.7371 -1.2666 2.49
      vertex 2.61893 -1.24292 2.49
      vertex 2.63105 -1.25027 2.49
    endloop
  endfacet
  facet normal 0 0 1
    outer loop
      vertex 2.51147 1.45 2.49
      vertex 2.61893 1.24292 2.49
      vertex 2.60093 1.28264 2.49
    endloop
  endfacet
  facet normal 0 0 1
    outer loop
      vertex 2.61893 1.24292 2.49
      vertex 2.51147 1.45 2.49
      vertex 2.61893 -1.24292 2.49
    endloop
  endfacet
  facet normal 0 0 1
    outer loop
      vertex 2.51147 -1.45 2.49
      vertex 2.61893 -1.24292 2.49
      vertex 2.51147 1.45 2.49
    endloop
  endfacet
  facet normal 0 0 1
    outer loop
      vertex 2.61893 -1.24292 2.49
      vertex 2.51147 -1.45 2.49
      vertex 2.60093 -1.28264 2.49
    endloop
  endfacet
  facet normal 0 0 1
    outer loop
      vertex 2.38586 1.6466 2.49
      vertex 2.51147 1.45 2.49
      vertex 2.41126 1.61115 2.49
    endloop
  endfacet
  facet normal 0 0 1
    outer loop
      vertex 2.51147 1.45 2.49
      vertex 2.38586 1.6466 2.49
      vertex 2.51147 -1.45 2.49
    endloop
  endfacet
  facet normal 0 0 1
    outer loop
      vertex 2.38586 -1.6466 2.49
      vertex 2.51147 -1.45 2.49
      vertex 2.38586 1.6466 2.49
    endloop
  endfacet
  facet normal 0 0 1
    outer loop
      vertex 2.51147 -1.45 2.49
      vertex 2.38586 -1.6466 2.49
      vertex 2.41126 -1.61115 2.49
    endloop
  endfacet
  facet normal 0 0 1
    outer loop
      vertex 2.38586 -1.6466 2.49
      vertex 2.49548 -1.84012 2.49
      vertex 2.46546 -1.7371 2.49
    endloop
  endfacet
  facet normal 0 0 1
    outer loop
      vertex 2.49548 -1.84012 2.49
      vertex 2.38586 -1.6466 2.49
      vertex 2.4838 -1.94678 2.49
    endloop
  endfacet
  facet normal 0 0 1
    outer loop
      vertex 2.38586 -1.6466 2.49
      vertex 2.46546 -1.7371 2.49
      vertex 2.3983 -1.65342 2.49
    endloop
  endfacet
  facet normal 0 0 1
    outer loop
      vertex 2.4838 -1.94678 2.49
      vertex 2.38586 -1.6466 2.49
      vertex 2.43219 -2.04085 2.49
    endloop
  endfacet
  facet normal 0 0 1
    outer loop
      vertex 2.38586 -1.6466 2.49
      vertex 2.34851 -2.10801 2.49
      vertex 2.43219 -2.04085 2.49
    endloop
  endfacet
  facet normal 0 0 1
    outer loop
      vertex 2.38586 1.6466 2.49
      vertex 2.03621 2.06409 2.49
      vertex 2.38586 -1.6466 2.49
    endloop
  endfacet
  facet normal 0 0 1
    outer loop
      vertex 2.03621 2.06409 2.49
      vertex 2.34851 2.10801 2.49
      vertex 2.2455 2.13804 2.49
    endloop
  endfacet
  facet normal 0 0 1
    outer loop
      vertex 2.03621 -2.06409 2.49
      vertex 2.38586 -1.6466 2.49
      vertex 2.03621 2.06409 2.49
    endloop
  endfacet
  facet normal 0 0 1
    outer loop
      vertex 2.03621 2.06409 2.49
      vertex 2.2455 2.13804 2.49
      vertex 2.13883 2.12636 2.49
    endloop
  endfacet
  facet normal 0 0 1
    outer loop
      vertex 2.38586 -1.6466 2.49
      vertex 2.03621 -2.06409 2.49
      vertex 2.34851 -2.10801 2.49
    endloop
  endfacet
  facet normal 0 0 1
    outer loop
      vertex 2.03621 2.06409 2.49
      vertex 2.13883 2.12636 2.49
      vertex 2.04476 2.07475 2.49
    endloop
  endfacet
  facet normal 0 0 1
    outer loop
      vertex 2.34851 -2.10801 2.49
      vertex 2.03621 -2.06409 2.49
      vertex 2.2455 -2.13804 2.49
    endloop
  endfacet
  facet normal 0 0 1
    outer loop
      vertex 2.2455 -2.13804 2.49
      vertex 2.03621 -2.06409 2.49
      vertex 2.13883 -2.12636 2.49
    endloop
  endfacet
  facet normal 0 0 1
    outer loop
      vertex 2.13883 -2.12636 2.49
      vertex 2.03621 -2.06409 2.49
      vertex 2.04476 -2.07475 2.49
    endloop
  endfacet
  facet normal 0 0 1
    outer loop
      vertex 1.9121 2.18034 2.49
      vertex 2.03621 -2.06409 2.49
      vertex 2.03621 2.06409 2.49
    endloop
  endfacet
  facet normal 0 0 1
    outer loop
      vertex 1.9121 2.18034 2.49
      vertex 1.9121 -2.18034 2.49
      vertex 2.03621 -2.06409 2.49
    endloop
  endfacet
  facet normal 0 0 1
    outer loop
      vertex 1.67852 2.36299 2.49
      vertex 1.9121 2.18034 2.49
      vertex 1.76541 2.30072 2.49
    endloop
  endfacet
  facet normal 0 0 1
    outer loop
      vertex 1.9121 2.18034 2.49
      vertex 1.67852 2.36299 2.49
      vertex 1.9121 -2.18034 2.49
    endloop
  endfacet
  facet normal 0 0 1
    outer loop
      vertex 1.67852 -2.36299 2.49
      vertex 1.9121 -2.18034 2.49
      vertex 1.67852 2.36299 2.49
    endloop
  endfacet
  facet normal 0 0 1
    outer loop
      vertex 1.9121 -2.18034 2.49
      vertex 1.67852 -2.36299 2.49
      vertex 1.76541 -2.30072 2.49
    endloop
  endfacet
  facet normal 0 0 1
    outer loop
      vertex 1.67852 -2.36299 2.49
      vertex 1.72265 -2.47558 2.49
      vertex 1.68816 -2.37397 2.49
    endloop
  endfacet
  facet normal 0 0 1
    outer loop
      vertex 1.72265 -2.47558 2.49
      vertex 1.67852 -2.36299 2.49
      vertex 1.71563 -2.58265 2.49
    endloop
  endfacet
  facet normal 0 0 1
    outer loop
      vertex 1.67852 -2.36299 2.49
      vertex 1.66817 -2.67888 2.49
      vertex 1.71563 -2.58265 2.49
    endloop
  endfacet
  facet normal 0 0 1
    outer loop
      vertex 1.67852 2.36299 2.49
      vertex 1.20714 2.63513 2.49
      vertex 1.67852 -2.36299 2.49
    endloop
  endfacet
  facet normal 0 0 1
    outer loop
      vertex 1.20714 2.63513 2.49
      vertex 1.66817 2.67888 2.49
      vertex 1.5875 2.74963 2.49
    endloop
  endfacet
  facet normal 0 0 1
    outer loop
      vertex 1.20714 -2.63513 2.49
      vertex 1.67852 -2.36299 2.49
      vertex 1.20714 2.63513 2.49
    endloop
  endfacet
  facet normal 0 0 1
    outer loop
      vertex 1.20714 2.63513 2.49
      vertex 1.5875 2.74963 2.49
      vertex 1.48589 2.78412 2.49
    endloop
  endfacet
  facet normal 0 0 1
    outer loop
      vertex 1.67852 -2.36299 2.49
      vertex 1.20714 -2.63513 2.49
      vertex 1.66817 -2.67888 2.49
    endloop
  endfacet
  facet normal 0 0 1
    outer loop
      vertex 1.20714 2.63513 2.49
      vertex 1.48589 2.78412 2.49
      vertex 1.37882 2.7771 2.49
    endloop
  endfacet
  facet normal 0 0 1
    outer loop
      vertex 1.66817 -2.67888 2.49
      vertex 1.20714 -2.63513 2.49
      vertex 1.5875 -2.74963 2.49
    endloop
  endfacet
  facet normal 0 0 1
    outer loop
      vertex 1.20714 2.63513 2.49
      vertex 1.37882 2.7771 2.49
      vertex 1.28259 2.72965 2.49
    endloop
  endfacet
  facet normal 0 0 1
    outer loop
      vertex 1.5875 -2.74963 2.49
      vertex 1.20714 -2.63513 2.49
      vertex 1.48589 -2.78412 2.49
    endloop
  endfacet
  facet normal 0 0 1
    outer loop
      vertex 1.20714 2.63513 2.49
      vertex 1.28259 2.72965 2.49
      vertex 1.21184 2.64897 2.49
    endloop
  endfacet
  facet normal 0 0 1
    outer loop
      vertex 1.48589 -2.78412 2.49
      vertex 1.20714 -2.63513 2.49
      vertex 1.37882 -2.7771 2.49
    endloop
  endfacet
  facet normal 0 0 1
    outer loop
      vertex 1.37882 -2.7771 2.49
      vertex 1.20714 -2.63513 2.49
      vertex 1.28259 -2.72965 2.49
    endloop
  endfacet
  facet normal 0 0 1
    outer loop
      vertex 1.28259 -2.72965 2.49
      vertex 1.20714 -2.63513 2.49
      vertex 1.21184 -2.64897 2.49
    endloop
  endfacet
  facet normal 0 0 1
    outer loop
      vertex 0.932174 2.7461 2.49
      vertex 1.20714 2.63513 2.49
      vertex 1.10978 2.67925 2.49
    endloop
  endfacet
  facet normal 0 0 1
    outer loop
      vertex 1.20714 2.63513 2.49
      vertex 0.932174 2.7461 2.49
      vertex 1.20714 -2.63513 2.49
    endloop
  endfacet
  facet normal 0 0 1
    outer loop
      vertex 0.932174 -2.7461 2.49
      vertex 1.20714 -2.63513 2.49
      vertex 0.932174 2.7461 2.49
    endloop
  endfacet
  facet normal 0 0 1
    outer loop
      vertex 1.20714 -2.63513 2.49
      vertex 0.932174 -2.7461 2.49
      vertex 1.10978 -2.67925 2.49
    endloop
  endfacet
  facet normal 0 0 1
    outer loop
      vertex 0.769451 2.79546 2.49
      vertex 0.932174 -2.7461 2.49
      vertex 0.932174 2.7461 2.49
    endloop
  endfacet
  facet normal 0 0 1
    outer loop
      vertex 0.932174 -2.7461 2.49
      vertex 0.769451 2.79546 2.49
      vertex 0.769451 -2.79546 2.49
    endloop
  endfacet
  facet normal 0 0 1
    outer loop
      vertex 0.769451 -2.79546 2.49
      vertex 0.77206 -2.91546 2.49
      vertex 0.774402 -2.80819 2.49
    endloop
  endfacet
  facet normal 0 0 1
    outer loop
      vertex 0.769451 -2.79546 2.49
      vertex 0.728846 -3.01368 2.49
      vertex 0.77206 -2.91546 2.49
    endloop
  endfacet
  facet normal 0 0 1
    outer loop
      vertex 0.769451 2.79546 2.49
      vertex 0.233067 2.88952 2.49
      vertex 0.769451 -2.79546 2.49
    endloop
  endfacet
  facet normal 0 0 1
    outer loop
      vertex 0.233067 2.88952 2.49
      vertex 0.728846 3.01368 2.49
      vertex 0.651337 3.08787 2.49
    endloop
  endfacet
  facet normal 0 0 1
    outer loop
      vertex 0.233067 -2.88952 2.49
      vertex 0.769451 -2.79546 2.49
      vertex 0.233067 2.88952 2.49
    endloop
  endfacet
  facet normal 0 0 1
    outer loop
      vertex 0.233067 2.88952 2.49
      vertex 0.651337 3.08787 2.49
      vertex 0.551332 3.12676 2.49
    endloop
  endfacet
  facet normal 0 0 1
    outer loop
      vertex 0.769451 -2.79546 2.49
      vertex 0.271646 -3.0037 2.49
      vertex 0.728846 -3.01368 2.49
    endloop
  endfacet
  facet normal 0 0 1
    outer loop
      vertex 0.233067 2.88952 2.49
      vertex 0.551332 3.12676 2.49
      vertex 0.444058 3.12442 2.49
    endloop
  endfacet
  facet normal 0 0 1
    outer loop
      vertex 0.728846 -3.01368 2.49
      vertex 0.271646 -3.0037 2.49
      vertex 0.651337 -3.08787 2.49
    endloop
  endfacet
  facet normal 0 0 1
    outer loop
      vertex 0.233067 2.88952 2.49
      vertex 0.444058 3.12442 2.49
      vertex 0.345846 3.08121 2.49
    endloop
  endfacet
  facet normal 0 0 1
    outer loop
      vertex 0.651337 -3.08787 2.49
      vertex 0.271646 -3.0037 2.49
      vertex 0.551332 -3.12676 2.49
    endloop
  endfacet
  facet normal 0 0 1
    outer loop
      vertex 0.233067 2.88952 2.49
      vertex 0.345846 3.08121 2.49
      vertex 0.271646 3.0037 2.49
    endloop
  endfacet
  facet normal 0 0 1
    outer loop
      vertex 0.551332 -3.12676 2.49
      vertex 0.271646 -3.0037 2.49
      vertex 0.444058 -3.12442 2.49
    endloop
  endfacet
  facet normal 0 0 1
    outer loop
      vertex 0.444058 -3.12442 2.49
      vertex 0.271646 -3.0037 2.49
      vertex 0.345846 -3.08121 2.49
    endloop
  endfacet
  facet normal 0 -0 1
    outer loop
      vertex 0.233067 2.88952 2.49
      vertex 0.271646 3.0037 2.49
      vertex 0.232758 2.9037 2.49
    endloop
  endfacet
  facet normal 0 0 1
    outer loop
      vertex -0.233067 -2.88952 2.49
      vertex -0.271646 -3.0037 2.49
      vertex -0.232758 -2.9037 2.49
    endloop
  endfacet
  facet normal 0 0 1
    outer loop
      vertex -0.233067 2.88952 2.49
      vertex -0.769451 2.79546 2.49
      vertex -0.233067 -2.88952 2.49
    endloop
  endfacet
  facet normal 0 0 1
    outer loop
      vertex -0.233067 2.88952 2.49
      vertex -0.345846 3.08121 2.49
      vertex -0.769451 2.79546 2.49
    endloop
  endfacet
  facet normal -0 0 1
    outer loop
      vertex -0.769451 -2.79546 2.49
      vertex -0.233067 -2.88952 2.49
      vertex -0.769451 2.79546 2.49
    endloop
  endfacet
  facet normal 0 0 1
    outer loop
      vertex -0.769451 2.79546 2.49
      vertex -0.345846 3.08121 2.49
      vertex -0.444058 3.12442 2.49
    endloop
  endfacet
  facet normal 0 -0 1
    outer loop
      vertex -0.345846 -3.08121 2.49
      vertex -0.233067 -2.88952 2.49
      vertex -0.769451 -2.79546 2.49
    endloop
  endfacet
  facet normal 0 0 1
    outer loop
      vertex -0.769451 2.79546 2.49
      vertex -0.444058 3.12442 2.49
      vertex -0.551332 3.12676 2.49
    endloop
  endfacet
  facet normal 0 0 1
    outer loop
      vertex -0.233067 -2.88952 2.49
      vertex -0.345846 -3.08121 2.49
      vertex -0.271646 -3.0037 2.49
    endloop
  endfacet
  facet normal 0 0 1
    outer loop
      vertex -0.769451 2.79546 2.49
      vertex -0.551332 3.12676 2.49
      vertex -0.651337 3.08787 2.49
    endloop
  endfacet
  facet normal 0 0 1
    outer loop
      vertex -0.345846 -3.08121 2.49
      vertex -0.769451 -2.79546 2.49
      vertex -0.444058 -3.12442 2.49
    endloop
  endfacet
  facet normal 0 0 1
    outer loop
      vertex -0.769451 2.79546 2.49
      vertex -0.651337 3.08787 2.49
      vertex -0.728846 3.01368 2.49
    endloop
  endfacet
  facet normal 0 0 1
    outer loop
      vertex -0.444058 -3.12442 2.49
      vertex -0.769451 -2.79546 2.49
      vertex -0.551332 -3.12676 2.49
    endloop
  endfacet
  facet normal 0 0 1
    outer loop
      vertex -0.551332 -3.12676 2.49
      vertex -0.769451 -2.79546 2.49
      vertex -0.651337 -3.08787 2.49
    endloop
  endfacet
  facet normal -0 0 1
    outer loop
      vertex -0.77206 2.91546 2.49
      vertex -0.769451 2.79546 2.49
      vertex -0.728846 3.01368 2.49
    endloop
  endfacet
  facet normal 0 0 1
    outer loop
      vertex -0.769451 2.79546 2.49
      vertex -0.77206 2.91546 2.49
      vertex -0.774402 2.80819 2.49
    endloop
  endfacet
  facet normal -0 0 1
    outer loop
      vertex -2.84428 0.565762 2.49
      vertex -2.80566 -0.731364 2.49
      vertex -2.80566 0.731364 2.49
    endloop
  endfacet
  facet normal 0 0 1
    outer loop
      vertex -2.84428 0.565762 2.49
      vertex -2.84428 -0.565762 2.49
      vertex -2.80566 -0.731364 2.49
    endloop
  endfacet
  facet normal 0 0 1
    outer loop
      vertex -2.88567 0.272149 2.49
      vertex -2.84428 0.565762 2.49
      vertex -2.87519 0.378526 2.49
    endloop
  endfacet
  facet normal 0 0 1
    outer loop
      vertex -2.84428 0.565762 2.49
      vertex -2.88567 0.272149 2.49
      vertex -2.84428 -0.565762 2.49
    endloop
  endfacet
  facet normal -0 0 1
    outer loop
      vertex -2.88567 -0.272149 2.49
      vertex -2.84428 -0.565762 2.49
      vertex -2.88567 0.272149 2.49
    endloop
  endfacet
  facet normal 0 0 1
    outer loop
      vertex -2.84428 -0.565762 2.49
      vertex -2.88567 -0.272149 2.49
      vertex -2.87519 -0.378526 2.49
    endloop
  endfacet
  facet normal 0 0 1
    outer loop
      vertex -3.00524 0.254066 2.49
      vertex -2.88567 0.272149 2.49
      vertex -2.9 0.275 2.49
    endloop
  endfacet
  facet normal 0 0 1
    outer loop
      vertex -3.09445 0.194454 2.49
      vertex -2.88567 0.272149 2.49
      vertex -3.00524 0.254066 2.49
    endloop
  endfacet
  facet normal 0 0 1
    outer loop
      vertex -2.88567 0.272149 2.49
      vertex -3.09445 0.194454 2.49
      vertex -2.88567 -0.272149 2.49
    endloop
  endfacet
  facet normal 0 0 1
    outer loop
      vertex -2.88567 -0.272149 2.49
      vertex -3.00524 -0.254066 2.49
      vertex -2.9 -0.275 2.49
    endloop
  endfacet
  facet normal -0 0 1
    outer loop
      vertex -3.09445 -0.194454 2.49
      vertex -2.88567 -0.272149 2.49
      vertex -3.09445 0.194454 2.49
    endloop
  endfacet
  facet normal 0 0 1
    outer loop
      vertex -2.88567 -0.272149 2.49
      vertex -3.09445 -0.194454 2.49
      vertex -3.00524 -0.254066 2.49
    endloop
  endfacet
  facet normal -0 0 1
    outer loop
      vertex -3.15407 0.105237 2.49
      vertex -3.09445 -0.194454 2.49
      vertex -3.09445 0.194454 2.49
    endloop
  endfacet
  facet normal 0 0 1
    outer loop
      vertex -3.15407 0.105237 2.49
      vertex -3.15407 -0.105237 2.49
      vertex -3.09445 -0.194454 2.49
    endloop
  endfacet
  facet normal 0 -0 1
    outer loop
      vertex -3.15407 -0.105237 2.49
      vertex -3.15407 0.105237 2.49
      vertex -3.175 0 2.49
    endloop
  endfacet
  facet normal 0 0 1
    outer loop
      vertex -2.51147 1.45 2.49
      vertex -2.38586 1.6466 2.49
      vertex -2.41126 1.61115 2.49
    endloop
  endfacet
  facet normal 0 0 1
    outer loop
      vertex -2.38586 1.6466 2.49
      vertex -2.51147 1.45 2.49
      vertex -2.38586 -1.6466 2.49
    endloop
  endfacet
  facet normal -0 0 1
    outer loop
      vertex -2.51147 -1.45 2.49
      vertex -2.38586 -1.6466 2.49
      vertex -2.51147 1.45 2.49
    endloop
  endfacet
  facet normal 0 0 1
    outer loop
      vertex -2.38586 -1.6466 2.49
      vertex -2.51147 -1.45 2.49
      vertex -2.41126 -1.61115 2.49
    endloop
  endfacet
  facet normal 0 0 1
    outer loop
      vertex -2.61893 1.24292 2.49
      vertex -2.51147 1.45 2.49
      vertex -2.60093 1.28264 2.49
    endloop
  endfacet
  facet normal 0 0 1
    outer loop
      vertex -2.51147 1.45 2.49
      vertex -2.61893 1.24292 2.49
      vertex -2.51147 -1.45 2.49
    endloop
  endfacet
  facet normal -0 0 1
    outer loop
      vertex -2.61893 -1.24292 2.49
      vertex -2.51147 -1.45 2.49
      vertex -2.61893 1.24292 2.49
    endloop
  endfacet
  facet normal 0 0 1
    outer loop
      vertex -2.51147 -1.45 2.49
      vertex -2.61893 -1.24292 2.49
      vertex -2.60093 -1.28264 2.49
    endloop
  endfacet
  facet normal 0 0 1
    outer loop
      vertex -2.7371 1.2666 2.49
      vertex -2.61893 1.24292 2.49
      vertex -2.63105 1.25027 2.49
    endloop
  endfacet
  facet normal 0 0 1
    outer loop
      vertex -2.61893 1.24292 2.49
      vertex -2.80566 0.731364 2.49
      vertex -2.61893 -1.24292 2.49
    endloop
  endfacet
  facet normal 0 0 1
    outer loop
      vertex -2.84133 1.24109 2.49
      vertex -2.61893 1.24292 2.49
      vertex -2.7371 1.2666 2.49
    endloop
  endfacet
  facet normal -0 0 1
    outer loop
      vertex -2.80566 -0.731364 2.49
      vertex -2.61893 -1.24292 2.49
      vertex -2.80566 0.731364 2.49
    endloop
  endfacet
  facet normal -0 0 1
    outer loop
      vertex -2.84133 -1.24109 2.49
      vertex -2.61893 -1.24292 2.49
      vertex -2.80566 -0.731364 2.49
    endloop
  endfacet
  facet normal 0 0 1
    outer loop
      vertex -2.61893 1.24292 2.49
      vertex -2.84133 1.24109 2.49
      vertex -2.80566 0.731364 2.49
    endloop
  endfacet
  facet normal -0 0 1
    outer loop
      vertex -2.92786 1.17765 2.49
      vertex -2.80566 0.731364 2.49
      vertex -2.84133 1.24109 2.49
    endloop
  endfacet
  facet normal 0 0 1
    outer loop
      vertex -2.80566 0.731364 2.49
      vertex -2.9109 0.789106 2.49
      vertex -2.81916 0.733442 2.49
    endloop
  endfacet
  facet normal -0 0 1
    outer loop
      vertex -2.97434 0.875638 2.49
      vertex -2.80566 0.731364 2.49
      vertex -2.92786 1.17765 2.49
    endloop
  endfacet
  facet normal 0 0 1
    outer loop
      vertex -2.80566 0.731364 2.49
      vertex -2.97434 0.875638 2.49
      vertex -2.9109 0.789106 2.49
    endloop
  endfacet
  facet normal -0 0 1
    outer loop
      vertex -2.98352 1.08591 2.49
      vertex -2.97434 0.875638 2.49
      vertex -2.92786 1.17765 2.49
    endloop
  endfacet
  facet normal 0 0 1
    outer loop
      vertex -2.97434 0.875638 2.49
      vertex -2.98352 1.08591 2.49
      vertex -2.99985 0.979862 2.49
    endloop
  endfacet
  facet normal 0 0 1
    outer loop
      vertex -1.9121 2.18034 2.49
      vertex -1.67852 2.36299 2.49
      vertex -1.76541 2.30072 2.49
    endloop
  endfacet
  facet normal 0 0 1
    outer loop
      vertex -1.67852 2.36299 2.49
      vertex -1.9121 2.18034 2.49
      vertex -1.67852 -2.36299 2.49
    endloop
  endfacet
  facet normal -0 0 1
    outer loop
      vertex -1.9121 -2.18034 2.49
      vertex -1.67852 -2.36299 2.49
      vertex -1.9121 2.18034 2.49
    endloop
  endfacet
  facet normal 0 0 1
    outer loop
      vertex -1.67852 -2.36299 2.49
      vertex -1.9121 -2.18034 2.49
      vertex -1.76541 -2.30072 2.49
    endloop
  endfacet
  facet normal -0 0 1
    outer loop
      vertex -2.03621 2.06409 2.49
      vertex -1.9121 -2.18034 2.49
      vertex -1.9121 2.18034 2.49
    endloop
  endfacet
  facet normal 0 0 1
    outer loop
      vertex -2.03621 2.06409 2.49
      vertex -2.03621 -2.06409 2.49
      vertex -1.9121 -2.18034 2.49
    endloop
  endfacet
  facet normal 0 0 1
    outer loop
      vertex -2.13883 2.12636 2.49
      vertex -2.03621 2.06409 2.49
      vertex -2.04476 2.07475 2.49
    endloop
  endfacet
  facet normal 0 0 1
    outer loop
      vertex -2.03621 2.06409 2.49
      vertex -2.38586 1.6466 2.49
      vertex -2.03621 -2.06409 2.49
    endloop
  endfacet
  facet normal 0 0 1
    outer loop
      vertex -2.2455 2.13804 2.49
      vertex -2.03621 2.06409 2.49
      vertex -2.13883 2.12636 2.49
    endloop
  endfacet
  facet normal -0 0 1
    outer loop
      vertex -2.38586 -1.6466 2.49
      vertex -2.03621 -2.06409 2.49
      vertex -2.38586 1.6466 2.49
    endloop
  endfacet
  facet normal 0 0 1
    outer loop
      vertex -2.03621 2.06409 2.49
      vertex -2.2455 2.13804 2.49
      vertex -2.38586 1.6466 2.49
    endloop
  endfacet
  facet normal 0 -0 1
    outer loop
      vertex -2.2455 -2.13804 2.49
      vertex -2.03621 -2.06409 2.49
      vertex -2.38586 -1.6466 2.49
    endloop
  endfacet
  facet normal 0 0 1
    outer loop
      vertex -2.38586 1.6466 2.49
      vertex -2.2455 2.13804 2.49
      vertex -2.34851 2.10801 2.49
    endloop
  endfacet
  facet normal 0 0 1
    outer loop
      vertex -2.03621 -2.06409 2.49
      vertex -2.13883 -2.12636 2.49
      vertex -2.04476 -2.07475 2.49
    endloop
  endfacet
  facet normal 0 0 1
    outer loop
      vertex -2.03621 -2.06409 2.49
      vertex -2.2455 -2.13804 2.49
      vertex -2.13883 -2.12636 2.49
    endloop
  endfacet
  facet normal -0 0 1
    outer loop
      vertex -2.43219 2.04085 2.49
      vertex -2.38586 1.6466 2.49
      vertex -2.34851 2.10801 2.49
    endloop
  endfacet
  facet normal -0 0 1
    outer loop
      vertex -2.4838 1.94678 2.49
      vertex -2.38586 1.6466 2.49
      vertex -2.43219 2.04085 2.49
    endloop
  endfacet
  facet normal 0 0 1
    outer loop
      vertex -2.38586 1.6466 2.49
      vertex -2.46546 1.7371 2.49
      vertex -2.3983 1.65342 2.49
    endloop
  endfacet
  facet normal -0 0 1
    outer loop
      vertex -2.49548 1.84012 2.49
      vertex -2.38586 1.6466 2.49
      vertex -2.4838 1.94678 2.49
    endloop
  endfacet
  facet normal 0 0 1
    outer loop
      vertex -2.38586 1.6466 2.49
      vertex -2.49548 1.84012 2.49
      vertex -2.46546 1.7371 2.49
    endloop
  endfacet
  facet normal -0 0 1
    outer loop
      vertex -0.932174 2.7461 2.49
      vertex -0.769451 -2.79546 2.49
      vertex -0.769451 2.79546 2.49
    endloop
  endfacet
  facet normal 0 0 1
    outer loop
      vertex -0.932174 2.7461 2.49
      vertex -0.932174 -2.7461 2.49
      vertex -0.769451 -2.79546 2.49
    endloop
  endfacet
  facet normal 0 0 1
    outer loop
      vertex -1.20714 2.63513 2.49
      vertex -0.932174 2.7461 2.49
      vertex -1.10978 2.67925 2.49
    endloop
  endfacet
  facet normal 0 0 1
    outer loop
      vertex -0.932174 2.7461 2.49
      vertex -1.20714 2.63513 2.49
      vertex -0.932174 -2.7461 2.49
    endloop
  endfacet
  facet normal -0 0 1
    outer loop
      vertex -1.20714 -2.63513 2.49
      vertex -0.932174 -2.7461 2.49
      vertex -1.20714 2.63513 2.49
    endloop
  endfacet
  facet normal 0 0 1
    outer loop
      vertex -0.932174 -2.7461 2.49
      vertex -1.20714 -2.63513 2.49
      vertex -1.10978 -2.67925 2.49
    endloop
  endfacet
  facet normal 0 0 1
    outer loop
      vertex -1.28259 2.72965 2.49
      vertex -1.20714 2.63513 2.49
      vertex -1.21184 2.64897 2.49
    endloop
  endfacet
  facet normal 0 0 1
    outer loop
      vertex -1.20714 2.63513 2.49
      vertex -1.67852 2.36299 2.49
      vertex -1.20714 -2.63513 2.49
    endloop
  endfacet
  facet normal 0 0 1
    outer loop
      vertex -1.37882 2.7771 2.49
      vertex -1.20714 2.63513 2.49
      vertex -1.28259 2.72965 2.49
    endloop
  endfacet
  facet normal -0 0 1
    outer loop
      vertex -1.67852 -2.36299 2.49
      vertex -1.20714 -2.63513 2.49
      vertex -1.67852 2.36299 2.49
    endloop
  endfacet
  facet normal 0 0 1
    outer loop
      vertex -1.20714 2.63513 2.49
      vertex -1.37882 2.7771 2.49
      vertex -1.67852 2.36299 2.49
    endloop
  endfacet
  facet normal 0 -0 1
    outer loop
      vertex -1.37882 -2.7771 2.49
      vertex -1.20714 -2.63513 2.49
      vertex -1.67852 -2.36299 2.49
    endloop
  endfacet
  facet normal 0 0 1
    outer loop
      vertex -1.67852 2.36299 2.49
      vertex -1.37882 2.7771 2.49
      vertex -1.48589 2.78412 2.49
    endloop
  endfacet
  facet normal 0 0 1
    outer loop
      vertex -1.20714 -2.63513 2.49
      vertex -1.28259 -2.72965 2.49
      vertex -1.21184 -2.64897 2.49
    endloop
  endfacet
  facet normal 0 0 1
    outer loop
      vertex -1.67852 2.36299 2.49
      vertex -1.48589 2.78412 2.49
      vertex -1.5875 2.74963 2.49
    endloop
  endfacet
  facet normal 0 0 1
    outer loop
      vertex -1.20714 -2.63513 2.49
      vertex -1.37882 -2.7771 2.49
      vertex -1.28259 -2.72965 2.49
    endloop
  endfacet
  facet normal 0 0 1
    outer loop
      vertex -1.67852 2.36299 2.49
      vertex -1.5875 2.74963 2.49
      vertex -1.66817 2.67888 2.49
    endloop
  endfacet
  facet normal 0 0 1
    outer loop
      vertex -1.37882 -2.7771 2.49
      vertex -1.67852 -2.36299 2.49
      vertex -1.48589 -2.78412 2.49
    endloop
  endfacet
  facet normal 0 0 1
    outer loop
      vertex -1.48589 -2.78412 2.49
      vertex -1.67852 -2.36299 2.49
      vertex -1.5875 -2.74963 2.49
    endloop
  endfacet
  facet normal -0 0 1
    outer loop
      vertex -1.71563 2.58265 2.49
      vertex -1.67852 2.36299 2.49
      vertex -1.66817 2.67888 2.49
    endloop
  endfacet
  facet normal -0 0 1
    outer loop
      vertex -1.72265 2.47558 2.49
      vertex -1.67852 2.36299 2.49
      vertex -1.71563 2.58265 2.49
    endloop
  endfacet
  facet normal 0 0 1
    outer loop
      vertex -1.67852 2.36299 2.49
      vertex -1.72265 2.47558 2.49
      vertex -1.68816 2.37397 2.49
    endloop
  endfacet
  facet normal 0 0 1
    outer loop
      vertex -0.651337 -3.08787 2.49
      vertex -0.769451 -2.79546 2.49
      vertex -0.728846 -3.01368 2.49
    endloop
  endfacet
  facet normal 0 0 1
    outer loop
      vertex -0.769451 -2.79546 2.49
      vertex -0.77206 -2.91546 2.49
      vertex -0.728846 -3.01368 2.49
    endloop
  endfacet
  facet normal 0 -0 1
    outer loop
      vertex -0.77206 -2.91546 2.49
      vertex -0.769451 -2.79546 2.49
      vertex -0.774402 -2.80819 2.49
    endloop
  endfacet
  facet normal 0 0 1
    outer loop
      vertex -1.5875 -2.74963 2.49
      vertex -1.67852 -2.36299 2.49
      vertex -1.66817 -2.67888 2.49
    endloop
  endfacet
  facet normal 0 0 1
    outer loop
      vertex -1.72265 -2.47558 2.49
      vertex -1.67852 -2.36299 2.49
      vertex -1.68816 -2.37397 2.49
    endloop
  endfacet
  facet normal 0 0 1
    outer loop
      vertex -1.67852 -2.36299 2.49
      vertex -1.71563 -2.58265 2.49
      vertex -1.66817 -2.67888 2.49
    endloop
  endfacet
  facet normal 0 0 1
    outer loop
      vertex -1.67852 -2.36299 2.49
      vertex -1.72265 -2.47558 2.49
      vertex -1.71563 -2.58265 2.49
    endloop
  endfacet
  facet normal 0 0 1
    outer loop
      vertex -2.2455 -2.13804 2.49
      vertex -2.38586 -1.6466 2.49
      vertex -2.34851 -2.10801 2.49
    endloop
  endfacet
  facet normal 0 0 1
    outer loop
      vertex -2.46546 -1.7371 2.49
      vertex -2.38586 -1.6466 2.49
      vertex -2.3983 -1.65342 2.49
    endloop
  endfacet
  facet normal 0 0 1
    outer loop
      vertex -2.38586 -1.6466 2.49
      vertex -2.43219 -2.04085 2.49
      vertex -2.34851 -2.10801 2.49
    endloop
  endfacet
  facet normal 0 0 1
    outer loop
      vertex -2.49548 -1.84012 2.49
      vertex -2.38586 -1.6466 2.49
      vertex -2.46546 -1.7371 2.49
    endloop
  endfacet
  facet normal 0 0 1
    outer loop
      vertex -2.38586 -1.6466 2.49
      vertex -2.4838 -1.94678 2.49
      vertex -2.43219 -2.04085 2.49
    endloop
  endfacet
  facet normal 0 0 1
    outer loop
      vertex -2.38586 -1.6466 2.49
      vertex -2.49548 -1.84012 2.49
      vertex -2.4838 -1.94678 2.49
    endloop
  endfacet
  facet normal 0 0 1
    outer loop
      vertex -2.61893 -1.24292 2.49
      vertex -2.7371 -1.2666 2.49
      vertex -2.63105 -1.25027 2.49
    endloop
  endfacet
  facet normal 0 0 1
    outer loop
      vertex -2.9109 -0.789106 2.49
      vertex -2.80566 -0.731364 2.49
      vertex -2.81916 -0.733442 2.49
    endloop
  endfacet
  facet normal 0 0 1
    outer loop
      vertex -2.61893 -1.24292 2.49
      vertex -2.84133 -1.24109 2.49
      vertex -2.7371 -1.2666 2.49
    endloop
  endfacet
  facet normal 0 0 1
    outer loop
      vertex -2.97434 -0.875638 2.49
      vertex -2.80566 -0.731364 2.49
      vertex -2.9109 -0.789106 2.49
    endloop
  endfacet
  facet normal 0 0 1
    outer loop
      vertex -2.80566 -0.731364 2.49
      vertex -2.92786 -1.17765 2.49
      vertex -2.84133 -1.24109 2.49
    endloop
  endfacet
  facet normal 0 0 1
    outer loop
      vertex -2.80566 -0.731364 2.49
      vertex -2.97434 -0.875638 2.49
      vertex -2.92786 -1.17765 2.49
    endloop
  endfacet
  facet normal 0 0 1
    outer loop
      vertex -2.97434 -0.875638 2.49
      vertex -2.98352 -1.08591 2.49
      vertex -2.92786 -1.17765 2.49
    endloop
  endfacet
  facet normal 0 -0 1
    outer loop
      vertex -2.98352 -1.08591 2.49
      vertex -2.97434 -0.875638 2.49
      vertex -2.99985 -0.979862 2.49
    endloop
  endfacet
  facet normal 0.195129 -0.980778 0
    outer loop
      vertex 2.9 0.275 2.49
      vertex 2.88567 0.272149 8.6
      vertex 2.88567 0.272149 2.49
    endloop
  endfacet
  facet normal 0.195129 -0.980778 0
    outer loop
      vertex 2.88567 0.272149 8.6
      vertex 2.9 0.275 2.49
      vertex 2.9 0.275 8.61491
    endloop
  endfacet
  facet normal -0.980791 -0.195064 0
    outer loop
      vertex 3.175 0 2.49
      vertex 3.15407 0.105237 8.86395
      vertex 3.15407 0.105237 2.49
    endloop
  endfacet
  facet normal -0.980791 -0.195064 0
    outer loop
      vertex 3.15407 0.105237 8.86395
      vertex 3.175 0 2.49
      vertex 3.175 0 8.88187
    endloop
  endfacet
  facet normal -0.85495 0.518711 0
    outer loop
      vertex 2.92786 -1.17765 8.86314
      vertex 2.98352 -1.08591 2.49
      vertex 2.92786 -1.17765 2.49
    endloop
  endfacet
  facet normal -0.85495 0.518711 0
    outer loop
      vertex 2.98352 -1.08591 2.49
      vertex 2.92786 -1.17765 8.86314
      vertex 2.98352 -1.08591 8.88342
    endloop
  endfacet
  facet normal -0.591192 0.806531 0
    outer loop
      vertex 2.92786 -1.17765 2.49
      vertex 2.89726 -1.20008 8.84187
      vertex 2.92786 -1.17765 8.86314
    endloop
  endfacet
  facet normal -0.591313 0.806442 -8.96455e-07
    outer loop
      vertex 2.92786 -1.17765 2.49
      vertex 2.84133 -1.24109 8.80698
      vertex 2.89726 -1.20008 8.84187
    endloop
  endfacet
  facet normal -0.591271 0.806473 0
    outer loop
      vertex 2.84133 -1.24109 8.80698
      vertex 2.92786 -1.17765 2.49
      vertex 2.84133 -1.24109 2.49
    endloop
  endfacet
  facet normal -0.80648 -0.591262 0
    outer loop
      vertex 2.97434 -0.875638 2.49
      vertex 2.9109 -0.789106 8.71914
      vertex 2.9109 -0.789106 2.49
    endloop
  endfacet
  facet normal -0.80648 -0.591262 0
    outer loop
      vertex 2.9109 -0.789106 8.71914
      vertex 2.97434 -0.875638 2.49
      vertex 2.97434 -0.875638 8.80717
    endloop
  endfacet
  facet normal -0.518616 -0.855007 2.5018e-06
    outer loop
      vertex 2.9109 -0.789106 2.49
      vertex 2.8341 -0.742504 8.63099
      vertex 2.81916 -0.733442 8.61397
    endloop
  endfacet
  facet normal -0.518738 -0.854933 0
    outer loop
      vertex 2.9109 -0.789106 2.49
      vertex 2.81916 -0.733442 8.61397
      vertex 2.81916 -0.733442 2.49
    endloop
  endfacet
  facet normal -0.51879 -0.854902 -4.74555e-07
    outer loop
      vertex 2.8341 -0.742504 8.63099
      vertex 2.9109 -0.789106 2.49
      vertex 2.88394 -0.772749 8.68782
    endloop
  endfacet
  facet normal -0.51871 -0.85495 0
    outer loop
      vertex 2.88394 -0.772749 8.68782
      vertex 2.9109 -0.789106 2.49
      vertex 2.9109 -0.789106 8.71914
    endloop
  endfacet
  facet normal 0.518536 0.855056 -0
    outer loop
      vertex 2.63105 -1.25027 2.49
      vertex 2.61893 -1.24292 8.6
      vertex 2.63105 -1.25027 8.61444
    endloop
  endfacet
  facet normal 0.518536 0.855056 0
    outer loop
      vertex 2.61893 -1.24292 8.6
      vertex 2.63105 -1.25027 2.49
      vertex 2.61893 -1.24292 2.49
    endloop
  endfacet
  facet normal -0.971328 -0.237743 0
    outer loop
      vertex 2.99985 -0.979862 2.49
      vertex 2.97434 -0.875638 8.80717
      vertex 2.97434 -0.875638 2.49
    endloop
  endfacet
  facet normal -0.971315 -0.237797 9.44421e-07
    outer loop
      vertex 2.97434 -0.875638 8.80717
      vertex 2.99985 -0.979862 2.49
      vertex 2.98741 -0.929024 8.83588
    endloop
  endfacet
  facet normal -0.971342 -0.237686 0
    outer loop
      vertex 2.98741 -0.929024 8.83588
      vertex 2.99985 -0.979862 2.49
      vertex 2.99985 -0.979862 8.86322
    endloop
  endfacet
  facet normal -0.237731 0.971331 0
    outer loop
      vertex 2.84133 -1.24109 2.49
      vertex 2.7371 -1.2666 8.72042
      vertex 2.84133 -1.24109 8.80698
    endloop
  endfacet
  facet normal -0.237731 0.971331 0
    outer loop
      vertex 2.7371 -1.2666 8.72042
      vertex 2.84133 -1.24109 2.49
      vertex 2.7371 -1.2666 2.49
    endloop
  endfacet
  facet normal 0.15219 0.988351 -0
    outer loop
      vertex 2.7371 -1.2666 2.49
      vertex 2.63105 -1.25027 8.61444
      vertex 2.7371 -1.2666 8.72042
    endloop
  endfacet
  facet normal 0.15219 0.988351 0
    outer loop
      vertex 2.63105 -1.25027 8.61444
      vertex 2.7371 -1.2666 2.49
      vertex 2.63105 -1.25027 2.49
    endloop
  endfacet
  facet normal -0.152134 -0.98836 0
    outer loop
      vertex 2.81916 -0.733442 2.49
      vertex 2.80566 -0.731364 8.6
      vertex 2.80566 -0.731364 2.49
    endloop
  endfacet
  facet normal -0.152134 -0.98836 0
    outer loop
      vertex 2.80566 -0.731364 8.6
      vertex 2.81916 -0.733442 2.49
      vertex 2.81916 -0.733442 8.61397
    endloop
  endfacet
  facet normal -0.988351 0.152193 0
    outer loop
      vertex 2.98352 -1.08591 2.49
      vertex 2.99985 -0.979862 8.86322
      vertex 2.99985 -0.979862 2.49
    endloop
  endfacet
  facet normal -0.988336 0.152289 -1.62879e-06
    outer loop
      vertex 2.99985 -0.979862 8.86322
      vertex 2.98352 -1.08591 2.49
      vertex 2.99422 -1.0164 8.86858
    endloop
  endfacet
  facet normal -0.988374 0.152045 1.0897e-06
    outer loop
      vertex 2.99422 -1.0164 8.86858
      vertex 2.98352 -1.08591 2.49
      vertex 2.98503 -1.07614 8.88134
    endloop
  endfacet
  facet normal -0.988266 0.152741 0
    outer loop
      vertex 2.98503 -1.07614 8.88134
      vertex 2.98352 -1.08591 2.49
      vertex 2.98352 -1.08591 8.88342
    endloop
  endfacet
  facet normal -0.625908 0.779897 0
    outer loop
      vertex 2.43219 -2.04085 2.49
      vertex 2.37734 -2.08487 8.86858
      vertex 2.43219 -2.04085 8.88342
    endloop
  endfacet
  facet normal -0.625948 0.779865 -5.6059e-07
    outer loop
      vertex 2.43219 -2.04085 2.49
      vertex 2.34851 -2.10801 8.86322
      vertex 2.37734 -2.08487 8.86858
    endloop
  endfacet
  facet normal -0.625922 0.779886 0
    outer loop
      vertex 2.34851 -2.10801 8.86322
      vertex 2.43219 -2.04085 2.49
      vertex 2.34851 -2.10801 2.49
    endloop
  endfacet
  facet normal -0.279836 0.960048 0
    outer loop
      vertex 2.34851 -2.10801 2.49
      vertex 2.26082 -2.13357 8.8155
      vertex 2.34851 -2.10801 8.86322
    endloop
  endfacet
  facet normal -0.280094 0.959972 -3.88464e-06
    outer loop
      vertex 2.26082 -2.13357 8.8155
      vertex 2.34851 -2.10801 2.49
      vertex 2.2455 -2.13804 8.80717
    endloop
  endfacet
  facet normal -0.279875 0.960037 0
    outer loop
      vertex 2.2455 -2.13804 8.80717
      vertex 2.34851 -2.10801 2.49
      vertex 2.2455 -2.13804 2.49
    endloop
  endfacet
  facet normal -0.960069 -0.279764 0
    outer loop
      vertex 2.49548 -1.84012 2.49
      vertex 2.46546 -1.7371 8.72041
      vertex 2.46546 -1.7371 2.49
    endloop
  endfacet
  facet normal -0.960069 -0.279764 0
    outer loop
      vertex 2.46546 -1.7371 8.72041
      vertex 2.49548 -1.84012 2.49
      vertex 2.49548 -1.84012 8.80698
    endloop
  endfacet
  facet normal -0.779886 -0.625922 0
    outer loop
      vertex 2.46546 -1.7371 2.49
      vertex 2.3983 -1.65342 8.61444
      vertex 2.3983 -1.65342 2.49
    endloop
  endfacet
  facet normal -0.779886 -0.625922 0
    outer loop
      vertex 2.3983 -1.65342 8.61444
      vertex 2.46546 -1.7371 2.49
      vertex 2.46546 -1.7371 8.72041
    endloop
  endfacet
  facet normal 0.108846 0.994059 -0
    outer loop
      vertex 2.2455 -2.13804 2.49
      vertex 2.13883 -2.12636 8.71914
      vertex 2.2455 -2.13804 8.80717
    endloop
  endfacet
  facet normal 0.108846 0.994059 0
    outer loop
      vertex 2.13883 -2.12636 8.71914
      vertex 2.2455 -2.13804 2.49
      vertex 2.13883 -2.12636 2.49
    endloop
  endfacet
  facet normal -0.480728 -0.87687 0
    outer loop
      vertex 2.3983 -1.65342 2.49
      vertex 2.38586 -1.6466 8.6
      vertex 2.38586 -1.6466 2.49
    endloop
  endfacet
  facet normal -0.480728 -0.87687 0
    outer loop
      vertex 2.38586 -1.6466 8.6
      vertex 2.3983 -1.65342 2.49
      vertex 2.3983 -1.65342 8.61444
    endloop
  endfacet
  facet normal 0.481139 0.876644 -0
    outer loop
      vertex 2.13883 -2.12636 2.49
      vertex 2.11119 -2.11119 8.68782
      vertex 2.13883 -2.12636 8.71914
    endloop
  endfacet
  facet normal 0.480942 0.876753 -1.14743e-06
    outer loop
      vertex 2.13883 -2.12636 2.49
      vertex 2.04476 -2.07475 8.61397
      vertex 2.11119 -2.11119 8.68782
    endloop
  endfacet
  facet normal 0.480999 0.876721 0
    outer loop
      vertex 2.04476 -2.07475 8.61397
      vertex 2.13883 -2.12636 2.49
      vertex 2.04476 -2.07475 2.49
    endloop
  endfacet
  facet normal 0.780083 0.625676 -0
    outer loop
      vertex 2.04476 -2.07475 2.49
      vertex 2.03621 -2.06409 8.6
      vertex 2.04476 -2.07475 8.61397
    endloop
  endfacet
  facet normal 0.780083 0.625676 0
    outer loop
      vertex 2.03621 -2.06409 8.6
      vertex 2.04476 -2.07475 2.49
      vertex 2.03621 -2.06409 2.49
    endloop
  endfacet
  facet normal -0.994058 0.108856 0
    outer loop
      vertex 2.4838 -1.94678 2.49
      vertex 2.49548 -1.84012 8.80698
      vertex 2.49548 -1.84012 2.49
    endloop
  endfacet
  facet normal -0.994057 0.108865 -1.44396e-07
    outer loop
      vertex 2.49548 -1.84012 8.80698
      vertex 2.4838 -1.94678 2.49
      vertex 2.48793 -1.90906 8.84187
    endloop
  endfacet
  facet normal -0.994059 0.108841 0
    outer loop
      vertex 2.48793 -1.90906 8.84187
      vertex 2.4838 -1.94678 2.49
      vertex 2.4838 -1.94678 8.86313
    endloop
  endfacet
  facet normal -0.876721 0.480999 0
    outer loop
      vertex 2.43219 -2.04085 2.49
      vertex 2.4838 -1.94678 8.86313
      vertex 2.4838 -1.94678 2.49
    endloop
  endfacet
  facet normal -0.876746 0.480953 8.83564e-07
    outer loop
      vertex 2.4838 -1.94678 8.86313
      vertex 2.43219 -2.04085 2.49
      vertex 2.46793 -1.97571 8.86937
    endloop
  endfacet
  facet normal -0.87671 0.48102 0
    outer loop
      vertex 2.46793 -1.97571 8.86937
      vertex 2.43219 -2.04085 2.49
      vertex 2.43219 -2.04085 8.88342
    endloop
  endfacet
  facet normal -0.321423 0.946936 0
    outer loop
      vertex 1.5875 -2.74963 2.49
      vertex 1.48589 -2.78412 8.86395
      vertex 1.5875 -2.74963 8.88187
    endloop
  endfacet
  facet normal -0.321423 0.946936 0
    outer loop
      vertex 1.48589 -2.78412 8.86395
      vertex 1.5875 -2.74963 2.49
      vertex 1.48589 -2.78412 2.49
    endloop
  endfacet
  facet normal 0.751833 0.659353 -7.21784e-07
    outer loop
      vertex 1.28259 -2.72965 2.49
      vertex 1.21184 -2.64897 8.61492
      vertex 1.27722 -2.72352 8.71223
    endloop
  endfacet
  facet normal 0.752197 0.658939 -0
    outer loop
      vertex 1.28259 -2.72965 2.49
      vertex 1.27722 -2.72352 8.71223
      vertex 1.28259 -2.72965 8.72022
    endloop
  endfacet
  facet normal 0.75186 0.659322 0
    outer loop
      vertex 1.21184 -2.64897 8.61492
      vertex 1.28259 -2.72965 2.49
      vertex 1.21184 -2.64897 2.49
    endloop
  endfacet
  facet normal 0.0652656 0.997868 -0
    outer loop
      vertex 1.48589 -2.78412 2.49
      vertex 1.45577 -2.78215 8.8476
      vertex 1.48589 -2.78412 8.86395
    endloop
  endfacet
  facet normal 0.0654856 0.997854 1.04673e-06
    outer loop
      vertex 1.48589 -2.78412 2.49
      vertex 1.37882 -2.7771 8.80584
      vertex 1.45577 -2.78215 8.8476
    endloop
  endfacet
  facet normal 0.0654241 0.997858 0
    outer loop
      vertex 1.37882 -2.7771 8.80584
      vertex 1.48589 -2.78412 2.49
      vertex 1.37882 -2.7771 2.49
    endloop
  endfacet
  facet normal -0.997858 0.0654241 0
    outer loop
      vertex 1.71563 -2.58265 2.49
      vertex 1.72265 -2.47558 8.72022
      vertex 1.72265 -2.47558 2.49
    endloop
  endfacet
  facet normal -0.997859 0.0653987 4.38589e-07
    outer loop
      vertex 1.72265 -2.47558 8.72022
      vertex 1.71563 -2.58265 2.49
      vertex 1.71653 -2.56896 8.79441
    endloop
  endfacet
  facet normal -0.997846 0.0655998 0
    outer loop
      vertex 1.71653 -2.56896 8.79441
      vertex 1.71563 -2.58265 2.49
      vertex 1.71563 -2.58265 8.80584
    endloop
  endfacet
  facet normal -0.751473 -0.659763 0
    outer loop
      vertex 1.68816 -2.37397 2.49
      vertex 1.67852 -2.36299 8.6
      vertex 1.67852 -2.36299 2.49
    endloop
  endfacet
  facet normal -0.751473 -0.659763 0
    outer loop
      vertex 1.67852 -2.36299 8.6
      vertex 1.68816 -2.37397 2.49
      vertex 1.68816 -2.37397 8.61491
    endloop
  endfacet
  facet normal 0.441955 0.897037 -0
    outer loop
      vertex 1.37882 -2.7771 2.49
      vertex 1.36652 -2.77104 8.79441
      vertex 1.37882 -2.7771 8.80584
    endloop
  endfacet
  facet normal 0.442291 0.896872 8.14228e-07
    outer loop
      vertex 1.37882 -2.7771 2.49
      vertex 1.28259 -2.72965 8.72022
      vertex 1.36652 -2.77104 8.79441
    endloop
  endfacet
  facet normal 0.442248 0.896893 0
    outer loop
      vertex 1.28259 -2.72965 8.72022
      vertex 1.37882 -2.7771 2.49
      vertex 1.28259 -2.72965 2.49
    endloop
  endfacet
  facet normal 0.946889 0.321559 -0
    outer loop
      vertex 1.21184 -2.64897 2.49
      vertex 1.20714 -2.63513 8.6
      vertex 1.21184 -2.64897 8.61492
    endloop
  endfacet
  facet normal 0.946889 0.321559 0
    outer loop
      vertex 1.20714 -2.63513 8.6
      vertex 1.21184 -2.64897 2.49
      vertex 1.20714 -2.63513 2.49
    endloop
  endfacet
  facet normal -0.946936 -0.321423 0
    outer loop
      vertex 1.72265 -2.47558 2.49
      vertex 1.68816 -2.37397 8.61491
      vertex 1.68816 -2.37397 2.49
    endloop
  endfacet
  facet normal -0.946945 -0.321397 -4.86083e-07
    outer loop
      vertex 1.68816 -2.37397 8.61491
      vertex 1.72265 -2.47558 2.49
      vertex 1.72003 -2.46787 8.71223
    endloop
  endfacet
  facet normal -0.946825 -0.321749 0
    outer loop
      vertex 1.72003 -2.46787 8.71223
      vertex 1.72265 -2.47558 2.49
      vertex 1.72265 -2.47558 8.72022
    endloop
  endfacet
  facet normal -0.896856 0.442323 0
    outer loop
      vertex 1.66817 -2.67888 2.49
      vertex 1.71563 -2.58265 8.80584
      vertex 1.71563 -2.58265 2.49
    endloop
  endfacet
  facet normal -0.896856 0.442323 0
    outer loop
      vertex 1.71563 -2.58265 8.80584
      vertex 1.66817 -2.67888 2.49
      vertex 1.66817 -2.67888 8.86395
    endloop
  endfacet
  facet normal -0.659438 0.751759 1.54752e-06
    outer loop
      vertex 1.5875 -2.74963 2.49
      vertex 1.63682 -2.70638 8.87092
      vertex 1.66817 -2.67888 8.86395
    endloop
  endfacet
  facet normal -0.659369 0.75182 0
    outer loop
      vertex 1.5875 -2.74963 2.49
      vertex 1.66817 -2.67888 8.86395
      vertex 1.66817 -2.67888 2.49
    endloop
  endfacet
  facet normal -0.659324 0.751859 0
    outer loop
      vertex 1.63682 -2.70638 8.87092
      vertex 1.5875 -2.74963 2.49
      vertex 1.5875 -2.74963 8.88187
    endloop
  endfacet
  facet normal 0.0218081 0.999762 -0
    outer loop
      vertex 0.551332 -3.12676 2.49
      vertex 0.444058 -3.12442 8.86313
      vertex 0.551332 -3.12676 8.88342
    endloop
  endfacet
  facet normal 0.0218081 0.999762 0
    outer loop
      vertex 0.444058 -3.12442 8.86313
      vertex 0.551332 -3.12676 2.49
      vertex 0.444058 -3.12442 2.49
    endloop
  endfacet
  facet normal 0.402693 0.915335 -0
    outer loop
      vertex 0.444058 -3.12442 2.49
      vertex 0.409326 -3.10914 8.84187
      vertex 0.444058 -3.12442 8.86313
    endloop
  endfacet
  facet normal 0.402724 0.915321 2.04507e-07
    outer loop
      vertex 0.444058 -3.12442 2.49
      vertex 0.345846 -3.08121 8.80698
      vertex 0.409326 -3.10914 8.84187
    endloop
  endfacet
  facet normal 0.402713 0.915326 0
    outer loop
      vertex 0.345846 -3.08121 8.80698
      vertex 0.444058 -3.12442 2.49
      vertex 0.345846 -3.08121 2.49
    endloop
  endfacet
  facet normal -0.915325 0.402717 0
    outer loop
      vertex 0.728846 -3.01368 2.49
      vertex 0.77206 -2.91546 8.71914
      vertex 0.77206 -2.91546 2.49
    endloop
  endfacet
  facet normal -0.915325 0.402717 0
    outer loop
      vertex 0.77206 -2.91546 8.71914
      vertex 0.728846 -3.01368 2.49
      vertex 0.728846 -3.01368 8.80717
    endloop
  endfacet
  facet normal 0.722378 0.691498 3.95745e-07
    outer loop
      vertex 0.345846 -3.08121 2.49
      vertex 0.271646 -3.0037 8.72042
      vertex 0.312042 -3.0459 8.76754
    endloop
  endfacet
  facet normal 0.722343 0.691535 -0
    outer loop
      vertex 0.345846 -3.08121 2.49
      vertex 0.312042 -3.0459 8.76754
      vertex 0.345846 -3.08121 8.80698
    endloop
  endfacet
  facet normal 0.722362 0.691515 0
    outer loop
      vertex 0.271646 -3.0037 8.72042
      vertex 0.345846 -3.08121 2.49
      vertex 0.271646 -3.0037 2.49
    endloop
  endfacet
  facet normal -0.36244 0.932007 0
    outer loop
      vertex 0.551332 -3.12676 2.49
      vertex 0.651337 -3.08787 8.86322
      vertex 0.651337 -3.08787 2.49
    endloop
  endfacet
  facet normal -0.362457 0.932001 3.09747e-07
    outer loop
      vertex 0.651337 -3.08787 8.86322
      vertex 0.551332 -3.12676 2.49
      vertex 0.616881 -3.10127 8.86858
    endloop
  endfacet
  facet normal -0.362508 0.931981 9.11911e-07
    outer loop
      vertex 0.616881 -3.10127 8.86858
      vertex 0.551332 -3.12676 2.49
      vertex 0.560552 -3.12318 8.88134
    endloop
  endfacet
  facet normal -0.361958 0.932194 0
    outer loop
      vertex 0.560552 -3.12318 8.88134
      vertex 0.551332 -3.12676 2.49
      vertex 0.551332 -3.12676 8.88342
    endloop
  endfacet
  facet normal -0.931994 -0.362475 0
    outer loop
      vertex 0.774402 -2.80819 2.49
      vertex 0.769451 -2.79546 8.6
      vertex 0.769451 -2.79546 2.49
    endloop
  endfacet
  facet normal -0.931994 -0.362475 0
    outer loop
      vertex 0.769451 -2.79546 8.6
      vertex 0.774402 -2.80819 2.49
      vertex 0.774402 -2.80819 8.61397
    endloop
  endfacet
  facet normal -0.999762 0.0218276 0
    outer loop
      vertex 0.77206 -2.91546 2.49
      vertex 0.774402 -2.80819 8.61397
      vertex 0.774402 -2.80819 2.49
    endloop
  endfacet
  facet normal -0.999762 0.0218163 1.97194e-07
    outer loop
      vertex 0.774402 -2.80819 8.61397
      vertex 0.77206 -2.91546 2.49
      vertex 0.774021 -2.82565 8.63099
    endloop
  endfacet
  facet normal -0.999762 0.0218338 -5.90393e-08
    outer loop
      vertex 0.774021 -2.82565 8.63099
      vertex 0.77206 -2.91546 2.49
      vertex 0.772748 -2.88394 8.68781
    endloop
  endfacet
  facet normal -0.999762 0.0218222 0
    outer loop
      vertex 0.772748 -2.88394 8.68781
      vertex 0.77206 -2.91546 2.49
      vertex 0.77206 -2.91546 8.71914
    endloop
  endfacet
  facet normal 0.932007 0.362439 -0
    outer loop
      vertex 0.271646 -3.0037 2.49
      vertex 0.232758 -2.9037 8.61444
      vertex 0.271646 -3.0037 8.72042
    endloop
  endfacet
  facet normal 0.932007 0.362439 0
    outer loop
      vertex 0.232758 -2.9037 8.61444
      vertex 0.271646 -3.0037 2.49
      vertex 0.232758 -2.9037 2.49
    endloop
  endfacet
  facet normal 0.999763 -0.0217861 0
    outer loop
      vertex 0.232758 -2.9037 2.49
      vertex 0.233067 -2.88952 8.6
      vertex 0.232758 -2.9037 8.61444
    endloop
  endfacet
  facet normal 0.999763 -0.0217861 0
    outer loop
      vertex 0.233067 -2.88952 8.6
      vertex 0.232758 -2.9037 2.49
      vertex 0.233067 -2.88952 2.49
    endloop
  endfacet
  facet normal -0.691471 0.722405 0
    outer loop
      vertex 0.651337 -3.08787 2.49
      vertex 0.728846 -3.01368 8.80717
      vertex 0.728846 -3.01368 2.49
    endloop
  endfacet
  facet normal -0.691452 0.722422 -4.26493e-07
    outer loop
      vertex 0.728846 -3.01368 8.80717
      vertex 0.651337 -3.08787 2.49
      vertex 0.689144 -3.05168 8.83588
    endloop
  endfacet
  facet normal -0.69149 0.722386 0
    outer loop
      vertex 0.689144 -3.05168 8.83588
      vertex 0.651337 -3.08787 2.49
      vertex 0.651337 -3.08787 8.86322
    endloop
  endfacet
  facet normal 0.361958 0.932194 -0
    outer loop
      vertex -0.551332 -3.12676 2.49
      vertex -0.560552 -3.12318 8.88134
      vertex -0.551332 -3.12676 8.88342
    endloop
  endfacet
  facet normal 0.362508 0.931981 9.11911e-07
    outer loop
      vertex -0.551332 -3.12676 2.49
      vertex -0.616881 -3.10127 8.86858
      vertex -0.560552 -3.12318 8.88134
    endloop
  endfacet
  facet normal 0.362457 0.932001 3.09747e-07
    outer loop
      vertex -0.551332 -3.12676 2.49
      vertex -0.651337 -3.08787 8.86322
      vertex -0.616881 -3.10127 8.86858
    endloop
  endfacet
  facet normal 0.36244 0.932007 0
    outer loop
      vertex -0.651337 -3.08787 8.86322
      vertex -0.551332 -3.12676 2.49
      vertex -0.651337 -3.08787 2.49
    endloop
  endfacet
  facet normal 0.999762 0.0218163 1.97194e-07
    outer loop
      vertex -0.77206 -2.91546 2.49
      vertex -0.774402 -2.80819 8.61397
      vertex -0.774021 -2.82565 8.63099
    endloop
  endfacet
  facet normal 0.999762 0.0218338 -5.90393e-08
    outer loop
      vertex -0.77206 -2.91546 2.49
      vertex -0.774021 -2.82565 8.63099
      vertex -0.772748 -2.88394 8.68781
    endloop
  endfacet
  facet normal 0.999762 0.0218222 -0
    outer loop
      vertex -0.77206 -2.91546 2.49
      vertex -0.772748 -2.88394 8.68781
      vertex -0.77206 -2.91546 8.71914
    endloop
  endfacet
  facet normal 0.999762 0.0218276 0
    outer loop
      vertex -0.774402 -2.80819 8.61397
      vertex -0.77206 -2.91546 2.49
      vertex -0.774402 -2.80819 2.49
    endloop
  endfacet
  facet normal 0.69149 0.722386 -0
    outer loop
      vertex -0.651337 -3.08787 2.49
      vertex -0.689144 -3.05168 8.83588
      vertex -0.651337 -3.08787 8.86322
    endloop
  endfacet
  facet normal 0.691452 0.722422 -4.26493e-07
    outer loop
      vertex -0.651337 -3.08787 2.49
      vertex -0.728846 -3.01368 8.80717
      vertex -0.689144 -3.05168 8.83588
    endloop
  endfacet
  facet normal 0.691471 0.722405 0
    outer loop
      vertex -0.728846 -3.01368 8.80717
      vertex -0.651337 -3.08787 2.49
      vertex -0.728846 -3.01368 2.49
    endloop
  endfacet
  facet normal -0.722362 0.691515 0
    outer loop
      vertex -0.345846 -3.08121 2.49
      vertex -0.271646 -3.0037 8.72042
      vertex -0.271646 -3.0037 2.49
    endloop
  endfacet
  facet normal -0.722378 0.691498 3.95745e-07
    outer loop
      vertex -0.271646 -3.0037 8.72042
      vertex -0.345846 -3.08121 2.49
      vertex -0.312042 -3.0459 8.76754
    endloop
  endfacet
  facet normal -0.722343 0.691535 0
    outer loop
      vertex -0.312042 -3.0459 8.76754
      vertex -0.345846 -3.08121 2.49
      vertex -0.345846 -3.08121 8.80698
    endloop
  endfacet
  facet normal 0.915325 0.402717 -0
    outer loop
      vertex -0.728846 -3.01368 2.49
      vertex -0.77206 -2.91546 8.71914
      vertex -0.728846 -3.01368 8.80717
    endloop
  endfacet
  facet normal 0.915325 0.402717 0
    outer loop
      vertex -0.77206 -2.91546 8.71914
      vertex -0.728846 -3.01368 2.49
      vertex -0.77206 -2.91546 2.49
    endloop
  endfacet
  facet normal 0.931994 -0.362475 0
    outer loop
      vertex -0.774402 -2.80819 2.49
      vertex -0.769451 -2.79546 8.6
      vertex -0.774402 -2.80819 8.61397
    endloop
  endfacet
  facet normal 0.931994 -0.362475 0
    outer loop
      vertex -0.769451 -2.79546 8.6
      vertex -0.774402 -2.80819 2.49
      vertex -0.769451 -2.79546 2.49
    endloop
  endfacet
  facet normal -0.999763 -0.0217861 0
    outer loop
      vertex -0.232758 -2.9037 2.49
      vertex -0.233067 -2.88952 8.6
      vertex -0.233067 -2.88952 2.49
    endloop
  endfacet
  facet normal -0.999763 -0.0217861 0
    outer loop
      vertex -0.233067 -2.88952 8.6
      vertex -0.232758 -2.9037 2.49
      vertex -0.232758 -2.9037 8.61444
    endloop
  endfacet
  facet normal -0.932007 0.362439 0
    outer loop
      vertex -0.271646 -3.0037 2.49
      vertex -0.232758 -2.9037 8.61444
      vertex -0.232758 -2.9037 2.49
    endloop
  endfacet
  facet normal -0.932007 0.362439 0
    outer loop
      vertex -0.232758 -2.9037 8.61444
      vertex -0.271646 -3.0037 2.49
      vertex -0.271646 -3.0037 8.72042
    endloop
  endfacet
  facet normal -0.402713 0.915326 0
    outer loop
      vertex -0.444058 -3.12442 2.49
      vertex -0.345846 -3.08121 8.80698
      vertex -0.345846 -3.08121 2.49
    endloop
  endfacet
  facet normal -0.402724 0.915321 2.04507e-07
    outer loop
      vertex -0.345846 -3.08121 8.80698
      vertex -0.444058 -3.12442 2.49
      vertex -0.409326 -3.10914 8.84187
    endloop
  endfacet
  facet normal -0.402693 0.915335 0
    outer loop
      vertex -0.409326 -3.10914 8.84187
      vertex -0.444058 -3.12442 2.49
      vertex -0.444058 -3.12442 8.86313
    endloop
  endfacet
  facet normal -0.0218081 0.999762 0
    outer loop
      vertex -0.551332 -3.12676 2.49
      vertex -0.444058 -3.12442 8.86313
      vertex -0.444058 -3.12442 2.49
    endloop
  endfacet
  facet normal -0.0218081 0.999762 0
    outer loop
      vertex -0.444058 -3.12442 8.86313
      vertex -0.551332 -3.12676 2.49
      vertex -0.551332 -3.12676 8.88342
    endloop
  endfacet
  facet normal 0.946945 -0.321397 -4.86083e-07
    outer loop
      vertex -1.72265 -2.47558 2.49
      vertex -1.68816 -2.37397 8.61491
      vertex -1.72003 -2.46787 8.71223
    endloop
  endfacet
  facet normal 0.946825 -0.321749 0
    outer loop
      vertex -1.72265 -2.47558 2.49
      vertex -1.72003 -2.46787 8.71223
      vertex -1.72265 -2.47558 8.72022
    endloop
  endfacet
  facet normal 0.946936 -0.321423 0
    outer loop
      vertex -1.68816 -2.37397 8.61491
      vertex -1.72265 -2.47558 2.49
      vertex -1.68816 -2.37397 2.49
    endloop
  endfacet
  facet normal 0.659324 0.751859 -0
    outer loop
      vertex -1.5875 -2.74963 2.49
      vertex -1.63682 -2.70638 8.87092
      vertex -1.5875 -2.74963 8.88187
    endloop
  endfacet
  facet normal 0.659438 0.751759 1.54752e-06
    outer loop
      vertex -1.63682 -2.70638 8.87092
      vertex -1.5875 -2.74963 2.49
      vertex -1.66817 -2.67888 8.86395
    endloop
  endfacet
  facet normal 0.659369 0.75182 0
    outer loop
      vertex -1.66817 -2.67888 8.86395
      vertex -1.5875 -2.74963 2.49
      vertex -1.66817 -2.67888 2.49
    endloop
  endfacet
  facet normal -0.442248 0.896893 0
    outer loop
      vertex -1.37882 -2.7771 2.49
      vertex -1.28259 -2.72965 8.72022
      vertex -1.28259 -2.72965 2.49
    endloop
  endfacet
  facet normal -0.442291 0.896872 8.14228e-07
    outer loop
      vertex -1.28259 -2.72965 8.72022
      vertex -1.37882 -2.7771 2.49
      vertex -1.36652 -2.77104 8.79441
    endloop
  endfacet
  facet normal -0.441955 0.897037 0
    outer loop
      vertex -1.36652 -2.77104 8.79441
      vertex -1.37882 -2.7771 2.49
      vertex -1.37882 -2.7771 8.80584
    endloop
  endfacet
  facet normal 0.896856 0.442323 -0
    outer loop
      vertex -1.66817 -2.67888 2.49
      vertex -1.71563 -2.58265 8.80584
      vertex -1.66817 -2.67888 8.86395
    endloop
  endfacet
  facet normal 0.896856 0.442323 0
    outer loop
      vertex -1.71563 -2.58265 8.80584
      vertex -1.66817 -2.67888 2.49
      vertex -1.71563 -2.58265 2.49
    endloop
  endfacet
  facet normal 0.997859 0.0653987 4.38589e-07
    outer loop
      vertex -1.71563 -2.58265 2.49
      vertex -1.72265 -2.47558 8.72022
      vertex -1.71653 -2.56896 8.79441
    endloop
  endfacet
  facet normal 0.997846 0.0655998 -0
    outer loop
      vertex -1.71563 -2.58265 2.49
      vertex -1.71653 -2.56896 8.79441
      vertex -1.71563 -2.58265 8.80584
    endloop
  endfacet
  facet normal 0.997858 0.0654241 0
    outer loop
      vertex -1.72265 -2.47558 8.72022
      vertex -1.71563 -2.58265 2.49
      vertex -1.72265 -2.47558 2.49
    endloop
  endfacet
  facet normal 0.321423 0.946936 0
    outer loop
      vertex -1.5875 -2.74963 2.49
      vertex -1.48589 -2.78412 8.86395
      vertex -1.48589 -2.78412 2.49
    endloop
  endfacet
  facet normal 0.321423 0.946936 0
    outer loop
      vertex -1.48589 -2.78412 8.86395
      vertex -1.5875 -2.74963 2.49
      vertex -1.5875 -2.74963 8.88187
    endloop
  endfacet
  facet normal -0.75186 0.659322 0
    outer loop
      vertex -1.28259 -2.72965 2.49
      vertex -1.21184 -2.64897 8.61492
      vertex -1.21184 -2.64897 2.49
    endloop
  endfacet
  facet normal -0.751833 0.659353 -7.21784e-07
    outer loop
      vertex -1.21184 -2.64897 8.61492
      vertex -1.28259 -2.72965 2.49
      vertex -1.27722 -2.72352 8.71223
    endloop
  endfacet
  facet normal -0.752197 0.658939 0
    outer loop
      vertex -1.27722 -2.72352 8.71223
      vertex -1.28259 -2.72965 2.49
      vertex -1.28259 -2.72965 8.72022
    endloop
  endfacet
  facet normal 0.751473 -0.659763 0
    outer loop
      vertex -1.68816 -2.37397 2.49
      vertex -1.67852 -2.36299 8.6
      vertex -1.68816 -2.37397 8.61491
    endloop
  endfacet
  facet normal 0.751473 -0.659763 0
    outer loop
      vertex -1.67852 -2.36299 8.6
      vertex -1.68816 -2.37397 2.49
      vertex -1.67852 -2.36299 2.49
    endloop
  endfacet
  facet normal -0.946889 0.321559 0
    outer loop
      vertex -1.21184 -2.64897 2.49
      vertex -1.20714 -2.63513 8.6
      vertex -1.20714 -2.63513 2.49
    endloop
  endfacet
  facet normal -0.946889 0.321559 0
    outer loop
      vertex -1.20714 -2.63513 8.6
      vertex -1.21184 -2.64897 2.49
      vertex -1.21184 -2.64897 8.61492
    endloop
  endfacet
  facet normal -0.0654241 0.997858 0
    outer loop
      vertex -1.48589 -2.78412 2.49
      vertex -1.37882 -2.7771 8.80584
      vertex -1.37882 -2.7771 2.49
    endloop
  endfacet
  facet normal -0.0654856 0.997854 1.04673e-06
    outer loop
      vertex -1.37882 -2.7771 8.80584
      vertex -1.48589 -2.78412 2.49
      vertex -1.45577 -2.78215 8.8476
    endloop
  endfacet
  facet normal -0.0652656 0.997868 0
    outer loop
      vertex -1.45577 -2.78215 8.8476
      vertex -1.48589 -2.78412 2.49
      vertex -1.48589 -2.78412 8.86395
    endloop
  endfacet
  facet normal 0.876746 0.480953 8.83564e-07
    outer loop
      vertex -2.43219 -2.04085 2.49
      vertex -2.4838 -1.94678 8.86313
      vertex -2.46793 -1.97571 8.86937
    endloop
  endfacet
  facet normal 0.87671 0.48102 -0
    outer loop
      vertex -2.43219 -2.04085 2.49
      vertex -2.46793 -1.97571 8.86937
      vertex -2.43219 -2.04085 8.88342
    endloop
  endfacet
  facet normal 0.876721 0.480999 0
    outer loop
      vertex -2.4838 -1.94678 8.86313
      vertex -2.43219 -2.04085 2.49
      vertex -2.4838 -1.94678 2.49
    endloop
  endfacet
  facet normal 0.994057 0.108865 -1.44396e-07
    outer loop
      vertex -2.4838 -1.94678 2.49
      vertex -2.49548 -1.84012 8.80698
      vertex -2.48793 -1.90906 8.84187
    endloop
  endfacet
  facet normal 0.994059 0.108841 -0
    outer loop
      vertex -2.4838 -1.94678 2.49
      vertex -2.48793 -1.90906 8.84187
      vertex -2.4838 -1.94678 8.86313
    endloop
  endfacet
  facet normal 0.994058 0.108856 0
    outer loop
      vertex -2.49548 -1.84012 8.80698
      vertex -2.4838 -1.94678 2.49
      vertex -2.49548 -1.84012 2.49
    endloop
  endfacet
  facet normal -0.108846 0.994059 0
    outer loop
      vertex -2.2455 -2.13804 2.49
      vertex -2.13883 -2.12636 8.71914
      vertex -2.13883 -2.12636 2.49
    endloop
  endfacet
  facet normal -0.108846 0.994059 0
    outer loop
      vertex -2.13883 -2.12636 8.71914
      vertex -2.2455 -2.13804 2.49
      vertex -2.2455 -2.13804 8.80717
    endloop
  endfacet
  facet normal 0.480728 -0.87687 0
    outer loop
      vertex -2.3983 -1.65342 2.49
      vertex -2.38586 -1.6466 8.6
      vertex -2.3983 -1.65342 8.61444
    endloop
  endfacet
  facet normal 0.480728 -0.87687 0
    outer loop
      vertex -2.38586 -1.6466 8.6
      vertex -2.3983 -1.65342 2.49
      vertex -2.38586 -1.6466 2.49
    endloop
  endfacet
  facet normal 0.960069 -0.279764 0
    outer loop
      vertex -2.49548 -1.84012 2.49
      vertex -2.46546 -1.7371 8.72041
      vertex -2.49548 -1.84012 8.80698
    endloop
  endfacet
  facet normal 0.960069 -0.279764 0
    outer loop
      vertex -2.46546 -1.7371 8.72041
      vertex -2.49548 -1.84012 2.49
      vertex -2.46546 -1.7371 2.49
    endloop
  endfacet
  facet normal 0.779886 -0.625922 0
    outer loop
      vertex -2.46546 -1.7371 2.49
      vertex -2.3983 -1.65342 8.61444
      vertex -2.46546 -1.7371 8.72041
    endloop
  endfacet
  facet normal 0.779886 -0.625922 0
    outer loop
      vertex -2.3983 -1.65342 8.61444
      vertex -2.46546 -1.7371 2.49
      vertex -2.3983 -1.65342 2.49
    endloop
  endfacet
  facet normal 0.280094 0.959972 -3.88464e-06
    outer loop
      vertex -2.34851 -2.10801 2.49
      vertex -2.26082 -2.13357 8.8155
      vertex -2.2455 -2.13804 8.80717
    endloop
  endfacet
  facet normal 0.279875 0.960037 0
    outer loop
      vertex -2.34851 -2.10801 2.49
      vertex -2.2455 -2.13804 8.80717
      vertex -2.2455 -2.13804 2.49
    endloop
  endfacet
  facet normal 0.279836 0.960048 0
    outer loop
      vertex -2.26082 -2.13357 8.8155
      vertex -2.34851 -2.10801 2.49
      vertex -2.34851 -2.10801 8.86322
    endloop
  endfacet
  facet normal 0.625922 0.779886 0
    outer loop
      vertex -2.43219 -2.04085 2.49
      vertex -2.34851 -2.10801 8.86322
      vertex -2.34851 -2.10801 2.49
    endloop
  endfacet
  facet normal 0.625948 0.779865 -5.6059e-07
    outer loop
      vertex -2.34851 -2.10801 8.86322
      vertex -2.43219 -2.04085 2.49
      vertex -2.37734 -2.08487 8.86858
    endloop
  endfacet
  facet normal 0.625908 0.779897 0
    outer loop
      vertex -2.37734 -2.08487 8.86858
      vertex -2.43219 -2.04085 2.49
      vertex -2.43219 -2.04085 8.88342
    endloop
  endfacet
  facet normal -0.780083 0.625676 0
    outer loop
      vertex -2.04476 -2.07475 2.49
      vertex -2.03621 -2.06409 8.6
      vertex -2.03621 -2.06409 2.49
    endloop
  endfacet
  facet normal -0.780083 0.625676 0
    outer loop
      vertex -2.03621 -2.06409 8.6
      vertex -2.04476 -2.07475 2.49
      vertex -2.04476 -2.07475 8.61397
    endloop
  endfacet
  facet normal -0.480999 0.876721 0
    outer loop
      vertex -2.13883 -2.12636 2.49
      vertex -2.04476 -2.07475 8.61397
      vertex -2.04476 -2.07475 2.49
    endloop
  endfacet
  facet normal -0.480942 0.876753 -1.14743e-06
    outer loop
      vertex -2.04476 -2.07475 8.61397
      vertex -2.13883 -2.12636 2.49
      vertex -2.11119 -2.11119 8.68782
    endloop
  endfacet
  facet normal -0.481139 0.876644 0
    outer loop
      vertex -2.11119 -2.11119 8.68782
      vertex -2.13883 -2.12636 2.49
      vertex -2.13883 -2.12636 8.71914
    endloop
  endfacet
  facet normal 0.988336 0.152289 -1.62879e-06
    outer loop
      vertex -2.98352 -1.08591 2.49
      vertex -2.99985 -0.979862 8.86322
      vertex -2.99422 -1.0164 8.86858
    endloop
  endfacet
  facet normal 0.988374 0.152045 1.0897e-06
    outer loop
      vertex -2.98352 -1.08591 2.49
      vertex -2.99422 -1.0164 8.86858
      vertex -2.98503 -1.07614 8.88134
    endloop
  endfacet
  facet normal 0.988266 0.152741 -0
    outer loop
      vertex -2.98352 -1.08591 2.49
      vertex -2.98503 -1.07614 8.88134
      vertex -2.98352 -1.08591 8.88342
    endloop
  endfacet
  facet normal 0.988351 0.152193 0
    outer loop
      vertex -2.99985 -0.979862 8.86322
      vertex -2.98352 -1.08591 2.49
      vertex -2.99985 -0.979862 2.49
    endloop
  endfacet
  facet normal 0.237731 0.971331 0
    outer loop
      vertex -2.84133 -1.24109 2.49
      vertex -2.7371 -1.2666 8.72042
      vertex -2.7371 -1.2666 2.49
    endloop
  endfacet
  facet normal 0.237731 0.971331 0
    outer loop
      vertex -2.7371 -1.2666 8.72042
      vertex -2.84133 -1.24109 2.49
      vertex -2.84133 -1.24109 8.80698
    endloop
  endfacet
  facet normal 0.971315 -0.237797 9.44421e-07
    outer loop
      vertex -2.99985 -0.979862 2.49
      vertex -2.97434 -0.875638 8.80717
      vertex -2.98741 -0.929024 8.83588
    endloop
  endfacet
  facet normal 0.971342 -0.237686 0
    outer loop
      vertex -2.99985 -0.979862 2.49
      vertex -2.98741 -0.929024 8.83588
      vertex -2.99985 -0.979862 8.86322
    endloop
  endfacet
  facet normal 0.971328 -0.237743 0
    outer loop
      vertex -2.97434 -0.875638 8.80717
      vertex -2.99985 -0.979862 2.49
      vertex -2.97434 -0.875638 2.49
    endloop
  endfacet
  facet normal 0.80648 -0.591262 0
    outer loop
      vertex -2.97434 -0.875638 2.49
      vertex -2.9109 -0.789106 8.71914
      vertex -2.97434 -0.875638 8.80717
    endloop
  endfacet
  facet normal 0.80648 -0.591262 0
    outer loop
      vertex -2.9109 -0.789106 8.71914
      vertex -2.97434 -0.875638 2.49
      vertex -2.9109 -0.789106 2.49
    endloop
  endfacet
  facet normal 0.51879 -0.854902 -4.74555e-07
    outer loop
      vertex -2.9109 -0.789106 2.49
      vertex -2.8341 -0.742504 8.63099
      vertex -2.88394 -0.772749 8.68782
    endloop
  endfacet
  facet normal 0.51871 -0.85495 0
    outer loop
      vertex -2.9109 -0.789106 2.49
      vertex -2.88394 -0.772749 8.68782
      vertex -2.9109 -0.789106 8.71914
    endloop
  endfacet
  facet normal 0.518616 -0.855007 2.5018e-06
    outer loop
      vertex -2.8341 -0.742504 8.63099
      vertex -2.9109 -0.789106 2.49
      vertex -2.81916 -0.733442 8.61397
    endloop
  endfacet
  facet normal 0.518738 -0.854933 0
    outer loop
      vertex -2.81916 -0.733442 8.61397
      vertex -2.9109 -0.789106 2.49
      vertex -2.81916 -0.733442 2.49
    endloop
  endfacet
  facet normal 0.85495 0.518711 0
    outer loop
      vertex -2.92786 -1.17765 8.86314
      vertex -2.98352 -1.08591 2.49
      vertex -2.98352 -1.08591 8.88342
    endloop
  endfacet
  facet normal 0.85495 0.518711 0
    outer loop
      vertex -2.98352 -1.08591 2.49
      vertex -2.92786 -1.17765 8.86314
      vertex -2.92786 -1.17765 2.49
    endloop
  endfacet
  facet normal -0.15219 0.988351 0
    outer loop
      vertex -2.7371 -1.2666 2.49
      vertex -2.63105 -1.25027 8.61444
      vertex -2.63105 -1.25027 2.49
    endloop
  endfacet
  facet normal -0.15219 0.988351 0
    outer loop
      vertex -2.63105 -1.25027 8.61444
      vertex -2.7371 -1.2666 2.49
      vertex -2.7371 -1.2666 8.72042
    endloop
  endfacet
  facet normal 0.152134 -0.98836 0
    outer loop
      vertex -2.81916 -0.733442 2.49
      vertex -2.80566 -0.731364 8.6
      vertex -2.81916 -0.733442 8.61397
    endloop
  endfacet
  facet normal 0.152134 -0.98836 0
    outer loop
      vertex -2.80566 -0.731364 8.6
      vertex -2.81916 -0.733442 2.49
      vertex -2.80566 -0.731364 2.49
    endloop
  endfacet
  facet normal 0.591271 0.806473 0
    outer loop
      vertex -2.92786 -1.17765 2.49
      vertex -2.84133 -1.24109 8.80698
      vertex -2.84133 -1.24109 2.49
    endloop
  endfacet
  facet normal 0.591313 0.806442 -8.96455e-07
    outer loop
      vertex -2.84133 -1.24109 8.80698
      vertex -2.92786 -1.17765 2.49
      vertex -2.89726 -1.20008 8.84187
    endloop
  endfacet
  facet normal 0.591192 0.806531 0
    outer loop
      vertex -2.89726 -1.20008 8.84187
      vertex -2.92786 -1.17765 2.49
      vertex -2.92786 -1.17765 8.86314
    endloop
  endfacet
  facet normal -0.518536 0.855056 0
    outer loop
      vertex -2.63105 -1.25027 2.49
      vertex -2.61893 -1.24292 8.6
      vertex -2.61893 -1.24292 2.49
    endloop
  endfacet
  facet normal -0.518536 0.855056 0
    outer loop
      vertex -2.61893 -1.24292 8.6
      vertex -2.63105 -1.25027 2.49
      vertex -2.63105 -1.25027 8.61444
    endloop
  endfacet
  facet normal 0.980791 -0.195064 0
    outer loop
      vertex -3.175 0 2.49
      vertex -3.15407 0.105237 8.86395
      vertex -3.175 0 8.88187
    endloop
  endfacet
  facet normal 0.980791 -0.195064 0
    outer loop
      vertex -3.15407 0.105237 8.86395
      vertex -3.175 0 2.49
      vertex -3.15407 0.105237 2.49
    endloop
  endfacet
  facet normal 0.555595 0.831453 0
    outer loop
      vertex -3.09445 -0.194454 2.49
      vertex -3.00524 -0.254066 8.72022
      vertex -3.00524 -0.254066 2.49
    endloop
  endfacet
  facet normal 0.555585 0.83146 1.93215e-07
    outer loop
      vertex -3.00524 -0.254066 8.72022
      vertex -3.09445 -0.194454 2.49
      vertex -3.08305 -0.202073 8.79441
    endloop
  endfacet
  facet normal 0.555659 0.83141 0
    outer loop
      vertex -3.08305 -0.202073 8.79441
      vertex -3.09445 -0.194454 2.49
      vertex -3.09445 -0.194454 8.80584
    endloop
  endfacet
  facet normal 0.831467 -0.555574 -8.55355e-07
    outer loop
      vertex -3.15407 0.105237 2.49
      vertex -3.09445 0.194454 8.80584
      vertex -3.13729 0.13034 8.8476
    endloop
  endfacet
  facet normal 0.831367 -0.555724 0
    outer loop
      vertex -3.15407 0.105237 2.49
      vertex -3.13729 0.13034 8.8476
      vertex -3.15407 0.105237 8.86395
    endloop
  endfacet
  facet normal 0.831439 -0.555616 0
    outer loop
      vertex -3.09445 0.194454 8.80584
      vertex -3.15407 0.105237 2.49
      vertex -3.09445 0.194454 2.49
    endloop
  endfacet
  facet normal 0.555659 -0.83141 0
    outer loop
      vertex -3.09445 0.194454 2.49
      vertex -3.08305 0.202073 8.79441
      vertex -3.09445 0.194454 8.80584
    endloop
  endfacet
  facet normal 0.555585 -0.83146 1.93215e-07
    outer loop
      vertex -3.09445 0.194454 2.49
      vertex -3.00524 0.254066 8.72022
      vertex -3.08305 0.202073 8.79441
    endloop
  endfacet
  facet normal 0.555595 -0.831453 0
    outer loop
      vertex -3.00524 0.254066 8.72022
      vertex -3.09445 0.194454 2.49
      vertex -3.00524 0.254066 2.49
    endloop
  endfacet
  facet normal 0.980791 0.195064 0
    outer loop
      vertex -3.15407 -0.105237 8.86395
      vertex -3.175 0 2.49
      vertex -3.175 0 8.88187
    endloop
  endfacet
  facet normal 0.980791 0.195064 0
    outer loop
      vertex -3.175 0 2.49
      vertex -3.15407 -0.105237 8.86395
      vertex -3.15407 -0.105237 2.49
    endloop
  endfacet
  facet normal 0.195094 -0.980784 0
    outer loop
      vertex -3.00524 0.254066 2.49
      vertex -2.9 0.275 8.61491
      vertex -3.00524 0.254066 8.72022
    endloop
  endfacet
  facet normal 0.195094 -0.980784 0
    outer loop
      vertex -2.9 0.275 8.61491
      vertex -3.00524 0.254066 2.49
      vertex -2.9 0.275 2.49
    endloop
  endfacet
  facet normal -0.195129 0.980778 0
    outer loop
      vertex -2.9 -0.275 2.49
      vertex -2.88567 -0.272149 8.6
      vertex -2.88567 -0.272149 2.49
    endloop
  endfacet
  facet normal -0.195129 0.980778 0
    outer loop
      vertex -2.88567 -0.272149 8.6
      vertex -2.9 -0.275 2.49
      vertex -2.9 -0.275 8.61491
    endloop
  endfacet
  facet normal 0.831367 0.555724 0
    outer loop
      vertex -3.13729 -0.13034 8.8476
      vertex -3.15407 -0.105237 2.49
      vertex -3.15407 -0.105237 8.86395
    endloop
  endfacet
  facet normal 0.831467 0.555574 -8.55355e-07
    outer loop
      vertex -3.09445 -0.194454 8.80584
      vertex -3.15407 -0.105237 2.49
      vertex -3.13729 -0.13034 8.8476
    endloop
  endfacet
  facet normal 0.831439 0.555616 0
    outer loop
      vertex -3.15407 -0.105237 2.49
      vertex -3.09445 -0.194454 8.80584
      vertex -3.09445 -0.194454 2.49
    endloop
  endfacet
  facet normal -0.195129 -0.980778 0
    outer loop
      vertex -2.9 0.275 2.49
      vertex -2.88567 0.272149 8.6
      vertex -2.9 0.275 8.61491
    endloop
  endfacet
  facet normal -0.195129 -0.980778 -0
    outer loop
      vertex -2.88567 0.272149 8.6
      vertex -2.9 0.275 2.49
      vertex -2.88567 0.272149 2.49
    endloop
  endfacet
  facet normal 0.195094 0.980784 0
    outer loop
      vertex -3.00524 -0.254066 2.49
      vertex -2.9 -0.275 8.61491
      vertex -2.9 -0.275 2.49
    endloop
  endfacet
  facet normal 0.195094 0.980784 0
    outer loop
      vertex -2.9 -0.275 8.61491
      vertex -3.00524 -0.254066 2.49
      vertex -3.00524 -0.254066 8.72022
    endloop
  endfacet
  facet normal 0.80648 0.591262 0
    outer loop
      vertex -2.9109 0.789106 8.71914
      vertex -2.97434 0.875638 2.49
      vertex -2.97434 0.875638 8.80717
    endloop
  endfacet
  facet normal 0.80648 0.591262 0
    outer loop
      vertex -2.97434 0.875638 2.49
      vertex -2.9109 0.789106 8.71914
      vertex -2.9109 0.789106 2.49
    endloop
  endfacet
  facet normal 0.85495 -0.518711 0
    outer loop
      vertex -2.98352 1.08591 2.49
      vertex -2.92786 1.17765 8.86314
      vertex -2.98352 1.08591 8.88342
    endloop
  endfacet
  facet normal 0.85495 -0.518711 0
    outer loop
      vertex -2.92786 1.17765 8.86314
      vertex -2.98352 1.08591 2.49
      vertex -2.92786 1.17765 2.49
    endloop
  endfacet
  facet normal -0.518536 -0.855056 0
    outer loop
      vertex -2.63105 1.25027 2.49
      vertex -2.61893 1.24292 8.6
      vertex -2.63105 1.25027 8.61444
    endloop
  endfacet
  facet normal -0.518536 -0.855056 -0
    outer loop
      vertex -2.61893 1.24292 8.6
      vertex -2.63105 1.25027 2.49
      vertex -2.61893 1.24292 2.49
    endloop
  endfacet
  facet normal 0.591192 -0.806531 0
    outer loop
      vertex -2.92786 1.17765 2.49
      vertex -2.89726 1.20008 8.84187
      vertex -2.92786 1.17765 8.86314
    endloop
  endfacet
  facet normal 0.591313 -0.806442 -8.96455e-07
    outer loop
      vertex -2.92786 1.17765 2.49
      vertex -2.84133 1.24109 8.80698
      vertex -2.89726 1.20008 8.84187
    endloop
  endfacet
  facet normal 0.591271 -0.806473 0
    outer loop
      vertex -2.84133 1.24109 8.80698
      vertex -2.92786 1.17765 2.49
      vertex -2.84133 1.24109 2.49
    endloop
  endfacet
  facet normal 0.237731 -0.971331 0
    outer loop
      vertex -2.84133 1.24109 2.49
      vertex -2.7371 1.2666 8.72042
      vertex -2.84133 1.24109 8.80698
    endloop
  endfacet
  facet normal 0.237731 -0.971331 0
    outer loop
      vertex -2.7371 1.2666 8.72042
      vertex -2.84133 1.24109 2.49
      vertex -2.7371 1.2666 2.49
    endloop
  endfacet
  facet normal 0.518616 0.855007 2.5018e-06
    outer loop
      vertex -2.9109 0.789106 2.49
      vertex -2.8341 0.742504 8.63099
      vertex -2.81916 0.733442 8.61397
    endloop
  endfacet
  facet normal 0.518738 0.854933 0
    outer loop
      vertex -2.9109 0.789106 2.49
      vertex -2.81916 0.733442 8.61397
      vertex -2.81916 0.733442 2.49
    endloop
  endfacet
  facet normal 0.51879 0.854902 -4.74555e-07
    outer loop
      vertex -2.8341 0.742504 8.63099
      vertex -2.9109 0.789106 2.49
      vertex -2.88394 0.772749 8.68782
    endloop
  endfacet
  facet normal 0.51871 0.85495 0
    outer loop
      vertex -2.88394 0.772749 8.68782
      vertex -2.9109 0.789106 2.49
      vertex -2.9109 0.789106 8.71914
    endloop
  endfacet
  facet normal -0.15219 -0.988351 0
    outer loop
      vertex -2.7371 1.2666 2.49
      vertex -2.63105 1.25027 8.61444
      vertex -2.7371 1.2666 8.72042
    endloop
  endfacet
  facet normal -0.15219 -0.988351 -0
    outer loop
      vertex -2.63105 1.25027 8.61444
      vertex -2.7371 1.2666 2.49
      vertex -2.63105 1.25027 2.49
    endloop
  endfacet
  facet normal 0.152134 0.98836 0
    outer loop
      vertex -2.81916 0.733442 2.49
      vertex -2.80566 0.731364 8.6
      vertex -2.80566 0.731364 2.49
    endloop
  endfacet
  facet normal 0.152134 0.98836 0
    outer loop
      vertex -2.80566 0.731364 8.6
      vertex -2.81916 0.733442 2.49
      vertex -2.81916 0.733442 8.61397
    endloop
  endfacet
  facet normal 0.971342 0.237686 0
    outer loop
      vertex -2.98741 0.929024 8.83588
      vertex -2.99985 0.979862 2.49
      vertex -2.99985 0.979862 8.86322
    endloop
  endfacet
  facet normal 0.971315 0.237797 9.44421e-07
    outer loop
      vertex -2.97434 0.875638 8.80717
      vertex -2.99985 0.979862 2.49
      vertex -2.98741 0.929024 8.83588
    endloop
  endfacet
  facet normal 0.971328 0.237743 0
    outer loop
      vertex -2.99985 0.979862 2.49
      vertex -2.97434 0.875638 8.80717
      vertex -2.97434 0.875638 2.49
    endloop
  endfacet
  facet normal 0.988266 -0.152741 0
    outer loop
      vertex -2.98503 1.07614 8.88134
      vertex -2.98352 1.08591 2.49
      vertex -2.98352 1.08591 8.88342
    endloop
  endfacet
  facet normal 0.988374 -0.152045 1.0897e-06
    outer loop
      vertex -2.99422 1.0164 8.86858
      vertex -2.98352 1.08591 2.49
      vertex -2.98503 1.07614 8.88134
    endloop
  endfacet
  facet normal 0.988336 -0.152289 -1.62879e-06
    outer loop
      vertex -2.99985 0.979862 8.86322
      vertex -2.98352 1.08591 2.49
      vertex -2.99422 1.0164 8.86858
    endloop
  endfacet
  facet normal 0.988351 -0.152193 0
    outer loop
      vertex -2.98352 1.08591 2.49
      vertex -2.99985 0.979862 8.86322
      vertex -2.99985 0.979862 2.49
    endloop
  endfacet
  facet normal 0.960069 0.279764 0
    outer loop
      vertex -2.46546 1.7371 8.72041
      vertex -2.49548 1.84012 2.49
      vertex -2.49548 1.84012 8.80698
    endloop
  endfacet
  facet normal 0.960069 0.279764 0
    outer loop
      vertex -2.49548 1.84012 2.49
      vertex -2.46546 1.7371 8.72041
      vertex -2.46546 1.7371 2.49
    endloop
  endfacet
  facet normal 0.625908 -0.779897 0
    outer loop
      vertex -2.43219 2.04085 2.49
      vertex -2.37734 2.08487 8.86858
      vertex -2.43219 2.04085 8.88342
    endloop
  endfacet
  facet normal 0.625948 -0.779865 -5.6059e-07
    outer loop
      vertex -2.43219 2.04085 2.49
      vertex -2.34851 2.10801 8.86322
      vertex -2.37734 2.08487 8.86858
    endloop
  endfacet
  facet normal 0.625922 -0.779886 0
    outer loop
      vertex -2.34851 2.10801 8.86322
      vertex -2.43219 2.04085 2.49
      vertex -2.34851 2.10801 2.49
    endloop
  endfacet
  facet normal 0.994059 -0.108841 0
    outer loop
      vertex -2.48793 1.90906 8.84187
      vertex -2.4838 1.94678 2.49
      vertex -2.4838 1.94678 8.86313
    endloop
  endfacet
  facet normal 0.994057 -0.108865 -1.44396e-07
    outer loop
      vertex -2.49548 1.84012 8.80698
      vertex -2.4838 1.94678 2.49
      vertex -2.48793 1.90906 8.84187
    endloop
  endfacet
  facet normal 0.994058 -0.108856 0
    outer loop
      vertex -2.4838 1.94678 2.49
      vertex -2.49548 1.84012 8.80698
      vertex -2.49548 1.84012 2.49
    endloop
  endfacet
  facet normal 0.279836 -0.960048 0
    outer loop
      vertex -2.34851 2.10801 2.49
      vertex -2.26082 2.13357 8.8155
      vertex -2.34851 2.10801 8.86322
    endloop
  endfacet
  facet normal 0.280094 -0.959972 -3.88464e-06
    outer loop
      vertex -2.26082 2.13357 8.8155
      vertex -2.34851 2.10801 2.49
      vertex -2.2455 2.13804 8.80717
    endloop
  endfacet
  facet normal 0.279875 -0.960037 0
    outer loop
      vertex -2.2455 2.13804 8.80717
      vertex -2.34851 2.10801 2.49
      vertex -2.2455 2.13804 2.49
    endloop
  endfacet
  facet normal -0.108846 -0.994059 0
    outer loop
      vertex -2.2455 2.13804 2.49
      vertex -2.13883 2.12636 8.71914
      vertex -2.2455 2.13804 8.80717
    endloop
  endfacet
  facet normal -0.108846 -0.994059 -0
    outer loop
      vertex -2.13883 2.12636 8.71914
      vertex -2.2455 2.13804 2.49
      vertex -2.13883 2.12636 2.49
    endloop
  endfacet
  facet normal 0.779886 0.625922 0
    outer loop
      vertex -2.3983 1.65342 8.61444
      vertex -2.46546 1.7371 2.49
      vertex -2.46546 1.7371 8.72041
    endloop
  endfacet
  facet normal 0.779886 0.625922 0
    outer loop
      vertex -2.46546 1.7371 2.49
      vertex -2.3983 1.65342 8.61444
      vertex -2.3983 1.65342 2.49
    endloop
  endfacet
  facet normal -0.780083 -0.625676 -0
    outer loop
      vertex -2.03621 2.06409 8.6
      vertex -2.04476 2.07475 2.49
      vertex -2.03621 2.06409 2.49
    endloop
  endfacet
  facet normal -0.780083 -0.625676 0
    outer loop
      vertex -2.04476 2.07475 2.49
      vertex -2.03621 2.06409 8.6
      vertex -2.04476 2.07475 8.61397
    endloop
  endfacet
  facet normal -0.481139 -0.876644 0
    outer loop
      vertex -2.13883 2.12636 2.49
      vertex -2.11119 2.11119 8.68782
      vertex -2.13883 2.12636 8.71914
    endloop
  endfacet
  facet normal -0.480942 -0.876753 -1.14743e-06
    outer loop
      vertex -2.13883 2.12636 2.49
      vertex -2.04476 2.07475 8.61397
      vertex -2.11119 2.11119 8.68782
    endloop
  endfacet
  facet normal -0.480999 -0.876721 -0
    outer loop
      vertex -2.04476 2.07475 8.61397
      vertex -2.13883 2.12636 2.49
      vertex -2.04476 2.07475 2.49
    endloop
  endfacet
  facet normal 0.87671 -0.48102 0
    outer loop
      vertex -2.46793 1.97571 8.86937
      vertex -2.43219 2.04085 2.49
      vertex -2.43219 2.04085 8.88342
    endloop
  endfacet
  facet normal 0.876746 -0.480953 8.83564e-07
    outer loop
      vertex -2.4838 1.94678 8.86313
      vertex -2.43219 2.04085 2.49
      vertex -2.46793 1.97571 8.86937
    endloop
  endfacet
  facet normal 0.876721 -0.480999 0
    outer loop
      vertex -2.43219 2.04085 2.49
      vertex -2.4838 1.94678 8.86313
      vertex -2.4838 1.94678 2.49
    endloop
  endfacet
  facet normal 0.480728 0.87687 0
    outer loop
      vertex -2.3983 1.65342 2.49
      vertex -2.38586 1.6466 8.6
      vertex -2.38586 1.6466 2.49
    endloop
  endfacet
  facet normal 0.480728 0.87687 0
    outer loop
      vertex -2.38586 1.6466 8.6
      vertex -2.3983 1.65342 2.49
      vertex -2.3983 1.65342 8.61444
    endloop
  endfacet
  facet normal -0.752197 -0.658939 0
    outer loop
      vertex -1.28259 2.72965 2.49
      vertex -1.27722 2.72352 8.71223
      vertex -1.28259 2.72965 8.72022
    endloop
  endfacet
  facet normal -0.75186 -0.659322 -0
    outer loop
      vertex -1.21184 2.64897 8.61492
      vertex -1.28259 2.72965 2.49
      vertex -1.21184 2.64897 2.49
    endloop
  endfacet
  facet normal -0.751833 -0.659353 -7.21784e-07
    outer loop
      vertex -1.28259 2.72965 2.49
      vertex -1.21184 2.64897 8.61492
      vertex -1.27722 2.72352 8.71223
    endloop
  endfacet
  facet normal 0.321423 -0.946936 0
    outer loop
      vertex -1.5875 2.74963 2.49
      vertex -1.48589 2.78412 8.86395
      vertex -1.5875 2.74963 8.88187
    endloop
  endfacet
  facet normal 0.321423 -0.946936 0
    outer loop
      vertex -1.48589 2.78412 8.86395
      vertex -1.5875 2.74963 2.49
      vertex -1.48589 2.78412 2.49
    endloop
  endfacet
  facet normal 0.997846 -0.0655998 0
    outer loop
      vertex -1.71653 2.56896 8.79441
      vertex -1.71563 2.58265 2.49
      vertex -1.71563 2.58265 8.80584
    endloop
  endfacet
  facet normal 0.997859 -0.0653987 4.38589e-07
    outer loop
      vertex -1.72265 2.47558 8.72022
      vertex -1.71563 2.58265 2.49
      vertex -1.71653 2.56896 8.79441
    endloop
  endfacet
  facet normal 0.997858 -0.0654241 0
    outer loop
      vertex -1.71563 2.58265 2.49
      vertex -1.72265 2.47558 8.72022
      vertex -1.72265 2.47558 2.49
    endloop
  endfacet
  facet normal 0.896856 -0.442323 0
    outer loop
      vertex -1.71563 2.58265 8.80584
      vertex -1.66817 2.67888 2.49
      vertex -1.66817 2.67888 8.86395
    endloop
  endfacet
  facet normal 0.896856 -0.442323 0
    outer loop
      vertex -1.66817 2.67888 2.49
      vertex -1.71563 2.58265 8.80584
      vertex -1.71563 2.58265 2.49
    endloop
  endfacet
  facet normal -0.0652656 -0.997868 0
    outer loop
      vertex -1.48589 2.78412 2.49
      vertex -1.45577 2.78215 8.8476
      vertex -1.48589 2.78412 8.86395
    endloop
  endfacet
  facet normal -0.0654856 -0.997854 1.04673e-06
    outer loop
      vertex -1.48589 2.78412 2.49
      vertex -1.37882 2.7771 8.80584
      vertex -1.45577 2.78215 8.8476
    endloop
  endfacet
  facet normal -0.0654241 -0.997858 -0
    outer loop
      vertex -1.37882 2.7771 8.80584
      vertex -1.48589 2.78412 2.49
      vertex -1.37882 2.7771 2.49
    endloop
  endfacet
  facet normal -0.441955 -0.897037 0
    outer loop
      vertex -1.37882 2.7771 2.49
      vertex -1.36652 2.77104 8.79441
      vertex -1.37882 2.7771 8.80584
    endloop
  endfacet
  facet normal -0.442291 -0.896872 8.14228e-07
    outer loop
      vertex -1.37882 2.7771 2.49
      vertex -1.28259 2.72965 8.72022
      vertex -1.36652 2.77104 8.79441
    endloop
  endfacet
  facet normal -0.442248 -0.896893 -0
    outer loop
      vertex -1.28259 2.72965 8.72022
      vertex -1.37882 2.7771 2.49
      vertex -1.28259 2.72965 2.49
    endloop
  endfacet
  facet normal -0.946889 -0.321559 -0
    outer loop
      vertex -1.20714 2.63513 8.6
      vertex -1.21184 2.64897 2.49
      vertex -1.20714 2.63513 2.49
    endloop
  endfacet
  facet normal -0.946889 -0.321559 0
    outer loop
      vertex -1.21184 2.64897 2.49
      vertex -1.20714 2.63513 8.6
      vertex -1.21184 2.64897 8.61492
    endloop
  endfacet
  facet normal 0.751473 0.659763 0
    outer loop
      vertex -1.67852 2.36299 8.6
      vertex -1.68816 2.37397 2.49
      vertex -1.68816 2.37397 8.61491
    endloop
  endfacet
  facet normal 0.751473 0.659763 0
    outer loop
      vertex -1.68816 2.37397 2.49
      vertex -1.67852 2.36299 8.6
      vertex -1.67852 2.36299 2.49
    endloop
  endfacet
  facet normal 0.946825 0.321749 0
    outer loop
      vertex -1.72003 2.46787 8.71223
      vertex -1.72265 2.47558 2.49
      vertex -1.72265 2.47558 8.72022
    endloop
  endfacet
  facet normal 0.946945 0.321397 -4.86083e-07
    outer loop
      vertex -1.68816 2.37397 8.61491
      vertex -1.72265 2.47558 2.49
      vertex -1.72003 2.46787 8.71223
    endloop
  endfacet
  facet normal 0.946936 0.321423 0
    outer loop
      vertex -1.72265 2.47558 2.49
      vertex -1.68816 2.37397 8.61491
      vertex -1.68816 2.37397 2.49
    endloop
  endfacet
  facet normal 0.659438 -0.751759 1.54752e-06
    outer loop
      vertex -1.5875 2.74963 2.49
      vertex -1.63682 2.70638 8.87092
      vertex -1.66817 2.67888 8.86395
    endloop
  endfacet
  facet normal 0.659369 -0.75182 0
    outer loop
      vertex -1.5875 2.74963 2.49
      vertex -1.66817 2.67888 8.86395
      vertex -1.66817 2.67888 2.49
    endloop
  endfacet
  facet normal 0.659324 -0.751859 0
    outer loop
      vertex -1.63682 2.70638 8.87092
      vertex -1.5875 2.74963 2.49
      vertex -1.5875 2.74963 8.88187
    endloop
  endfacet
  facet normal 0.915325 -0.402717 0
    outer loop
      vertex -0.77206 2.91546 8.71914
      vertex -0.728846 3.01368 2.49
      vertex -0.728846 3.01368 8.80717
    endloop
  endfacet
  facet normal 0.915325 -0.402717 0
    outer loop
      vertex -0.728846 3.01368 2.49
      vertex -0.77206 2.91546 8.71914
      vertex -0.77206 2.91546 2.49
    endloop
  endfacet
  facet normal -0.0218081 -0.999762 0
    outer loop
      vertex -0.551332 3.12676 2.49
      vertex -0.444058 3.12442 8.86313
      vertex -0.551332 3.12676 8.88342
    endloop
  endfacet
  facet normal -0.0218081 -0.999762 -0
    outer loop
      vertex -0.444058 3.12442 8.86313
      vertex -0.551332 3.12676 2.49
      vertex -0.444058 3.12442 2.49
    endloop
  endfacet
  facet normal 0.999762 -0.0218222 0
    outer loop
      vertex -0.772748 2.88394 8.68781
      vertex -0.77206 2.91546 2.49
      vertex -0.77206 2.91546 8.71914
    endloop
  endfacet
  facet normal 0.999762 -0.0218338 -5.90393e-08
    outer loop
      vertex -0.774021 2.82565 8.63099
      vertex -0.77206 2.91546 2.49
      vertex -0.772748 2.88394 8.68781
    endloop
  endfacet
  facet normal 0.999762 -0.0218163 1.97194e-07
    outer loop
      vertex -0.774402 2.80819 8.61397
      vertex -0.77206 2.91546 2.49
      vertex -0.774021 2.82565 8.63099
    endloop
  endfacet
  facet normal 0.999762 -0.0218276 0
    outer loop
      vertex -0.77206 2.91546 2.49
      vertex -0.774402 2.80819 8.61397
      vertex -0.774402 2.80819 2.49
    endloop
  endfacet
  facet normal 0.691471 -0.722405 0
    outer loop
      vertex -0.651337 3.08787 2.49
      vertex -0.728846 3.01368 8.80717
      vertex -0.728846 3.01368 2.49
    endloop
  endfacet
  facet normal 0.691452 -0.722422 -4.26493e-07
    outer loop
      vertex -0.728846 3.01368 8.80717
      vertex -0.651337 3.08787 2.49
      vertex -0.689144 3.05168 8.83588
    endloop
  endfacet
  facet normal 0.69149 -0.722386 0
    outer loop
      vertex -0.689144 3.05168 8.83588
      vertex -0.651337 3.08787 2.49
      vertex -0.651337 3.08787 8.86322
    endloop
  endfacet
  facet normal -0.402693 -0.915335 0
    outer loop
      vertex -0.444058 3.12442 2.49
      vertex -0.409326 3.10914 8.84187
      vertex -0.444058 3.12442 8.86313
    endloop
  endfacet
  facet normal -0.402724 -0.915321 2.04507e-07
    outer loop
      vertex -0.444058 3.12442 2.49
      vertex -0.345846 3.08121 8.80698
      vertex -0.409326 3.10914 8.84187
    endloop
  endfacet
  facet normal -0.402713 -0.915326 -0
    outer loop
      vertex -0.345846 3.08121 8.80698
      vertex -0.444058 3.12442 2.49
      vertex -0.345846 3.08121 2.49
    endloop
  endfacet
  facet normal -0.722343 -0.691535 0
    outer loop
      vertex -0.345846 3.08121 2.49
      vertex -0.312042 3.0459 8.76754
      vertex -0.345846 3.08121 8.80698
    endloop
  endfacet
  facet normal -0.722362 -0.691515 -0
    outer loop
      vertex -0.271646 3.0037 8.72042
      vertex -0.345846 3.08121 2.49
      vertex -0.271646 3.0037 2.49
    endloop
  endfacet
  facet normal -0.722378 -0.691498 3.95745e-07
    outer loop
      vertex -0.345846 3.08121 2.49
      vertex -0.271646 3.0037 8.72042
      vertex -0.312042 3.0459 8.76754
    endloop
  endfacet
  facet normal -0.932007 -0.362439 -0
    outer loop
      vertex -0.232758 2.9037 8.61444
      vertex -0.271646 3.0037 2.49
      vertex -0.232758 2.9037 2.49
    endloop
  endfacet
  facet normal -0.932007 -0.362439 0
    outer loop
      vertex -0.271646 3.0037 2.49
      vertex -0.232758 2.9037 8.61444
      vertex -0.271646 3.0037 8.72042
    endloop
  endfacet
  facet normal -0.999763 0.0217861 0
    outer loop
      vertex -0.233067 2.88952 8.6
      vertex -0.232758 2.9037 2.49
      vertex -0.233067 2.88952 2.49
    endloop
  endfacet
  facet normal -0.999763 0.0217861 0
    outer loop
      vertex -0.232758 2.9037 2.49
      vertex -0.233067 2.88952 8.6
      vertex -0.232758 2.9037 8.61444
    endloop
  endfacet
  facet normal 0.36244 -0.932007 0
    outer loop
      vertex -0.551332 3.12676 2.49
      vertex -0.651337 3.08787 8.86322
      vertex -0.651337 3.08787 2.49
    endloop
  endfacet
  facet normal 0.362457 -0.932001 3.09747e-07
    outer loop
      vertex -0.651337 3.08787 8.86322
      vertex -0.551332 3.12676 2.49
      vertex -0.616881 3.10127 8.86858
    endloop
  endfacet
  facet normal 0.362508 -0.931981 9.11911e-07
    outer loop
      vertex -0.616881 3.10127 8.86858
      vertex -0.551332 3.12676 2.49
      vertex -0.560552 3.12318 8.88134
    endloop
  endfacet
  facet normal 0.361958 -0.932194 0
    outer loop
      vertex -0.560552 3.12318 8.88134
      vertex -0.551332 3.12676 2.49
      vertex -0.551332 3.12676 8.88342
    endloop
  endfacet
  facet normal 0.931994 0.362475 0
    outer loop
      vertex -0.769451 2.79546 8.6
      vertex -0.774402 2.80819 2.49
      vertex -0.774402 2.80819 8.61397
    endloop
  endfacet
  facet normal 0.931994 0.362475 0
    outer loop
      vertex -0.774402 2.80819 2.49
      vertex -0.769451 2.79546 8.6
      vertex -0.769451 2.79546 2.49
    endloop
  endfacet
  facet normal -0.999762 -0.0218222 0
    outer loop
      vertex 0.77206 2.91546 2.49
      vertex 0.772748 2.88394 8.68781
      vertex 0.77206 2.91546 8.71914
    endloop
  endfacet
  facet normal -0.999762 -0.0218338 -5.90393e-08
    outer loop
      vertex 0.77206 2.91546 2.49
      vertex 0.774021 2.82565 8.63099
      vertex 0.772748 2.88394 8.68781
    endloop
  endfacet
  facet normal -0.999762 -0.0218276 -0
    outer loop
      vertex 0.774402 2.80819 8.61397
      vertex 0.77206 2.91546 2.49
      vertex 0.774402 2.80819 2.49
    endloop
  endfacet
  facet normal -0.999762 -0.0218163 1.97194e-07
    outer loop
      vertex 0.77206 2.91546 2.49
      vertex 0.774402 2.80819 8.61397
      vertex 0.774021 2.82565 8.63099
    endloop
  endfacet
  facet normal -0.361958 -0.932194 0
    outer loop
      vertex 0.551332 3.12676 2.49
      vertex 0.560552 3.12318 8.88134
      vertex 0.551332 3.12676 8.88342
    endloop
  endfacet
  facet normal -0.362508 -0.931981 9.11911e-07
    outer loop
      vertex 0.551332 3.12676 2.49
      vertex 0.616881 3.10127 8.86858
      vertex 0.560552 3.12318 8.88134
    endloop
  endfacet
  facet normal -0.362457 -0.932001 3.09747e-07
    outer loop
      vertex 0.551332 3.12676 2.49
      vertex 0.651337 3.08787 8.86322
      vertex 0.616881 3.10127 8.86858
    endloop
  endfacet
  facet normal -0.36244 -0.932007 -0
    outer loop
      vertex 0.651337 3.08787 8.86322
      vertex 0.551332 3.12676 2.49
      vertex 0.651337 3.08787 2.49
    endloop
  endfacet
  facet normal 0.722343 -0.691535 0
    outer loop
      vertex 0.312042 3.0459 8.76754
      vertex 0.345846 3.08121 2.49
      vertex 0.345846 3.08121 8.80698
    endloop
  endfacet
  facet normal 0.722378 -0.691498 3.95745e-07
    outer loop
      vertex 0.271646 3.0037 8.72042
      vertex 0.345846 3.08121 2.49
      vertex 0.312042 3.0459 8.76754
    endloop
  endfacet
  facet normal 0.722362 -0.691515 0
    outer loop
      vertex 0.345846 3.08121 2.49
      vertex 0.271646 3.0037 8.72042
      vertex 0.271646 3.0037 2.49
    endloop
  endfacet
  facet normal -0.69149 -0.722386 0
    outer loop
      vertex 0.651337 3.08787 2.49
      vertex 0.689144 3.05168 8.83588
      vertex 0.651337 3.08787 8.86322
    endloop
  endfacet
  facet normal -0.691452 -0.722422 -4.26493e-07
    outer loop
      vertex 0.651337 3.08787 2.49
      vertex 0.728846 3.01368 8.80717
      vertex 0.689144 3.05168 8.83588
    endloop
  endfacet
  facet normal -0.691471 -0.722405 -0
    outer loop
      vertex 0.728846 3.01368 8.80717
      vertex 0.651337 3.08787 2.49
      vertex 0.728846 3.01368 2.49
    endloop
  endfacet
  facet normal -0.915325 -0.402717 -0
    outer loop
      vertex 0.77206 2.91546 8.71914
      vertex 0.728846 3.01368 2.49
      vertex 0.77206 2.91546 2.49
    endloop
  endfacet
  facet normal -0.915325 -0.402717 0
    outer loop
      vertex 0.728846 3.01368 2.49
      vertex 0.77206 2.91546 8.71914
      vertex 0.728846 3.01368 8.80717
    endloop
  endfacet
  facet normal -0.931994 0.362475 0
    outer loop
      vertex 0.769451 2.79546 8.6
      vertex 0.774402 2.80819 2.49
      vertex 0.769451 2.79546 2.49
    endloop
  endfacet
  facet normal -0.931994 0.362475 0
    outer loop
      vertex 0.774402 2.80819 2.49
      vertex 0.769451 2.79546 8.6
      vertex 0.774402 2.80819 8.61397
    endloop
  endfacet
  facet normal 0.999763 0.0217861 0
    outer loop
      vertex 0.233067 2.88952 8.6
      vertex 0.232758 2.9037 2.49
      vertex 0.232758 2.9037 8.61444
    endloop
  endfacet
  facet normal 0.999763 0.0217861 0
    outer loop
      vertex 0.232758 2.9037 2.49
      vertex 0.233067 2.88952 8.6
      vertex 0.233067 2.88952 2.49
    endloop
  endfacet
  facet normal 0.932007 -0.362439 0
    outer loop
      vertex 0.232758 2.9037 8.61444
      vertex 0.271646 3.0037 2.49
      vertex 0.271646 3.0037 8.72042
    endloop
  endfacet
  facet normal 0.932007 -0.362439 0
    outer loop
      vertex 0.271646 3.0037 2.49
      vertex 0.232758 2.9037 8.61444
      vertex 0.232758 2.9037 2.49
    endloop
  endfacet
  facet normal 0.402713 -0.915326 0
    outer loop
      vertex 0.444058 3.12442 2.49
      vertex 0.345846 3.08121 8.80698
      vertex 0.345846 3.08121 2.49
    endloop
  endfacet
  facet normal 0.402724 -0.915321 2.04507e-07
    outer loop
      vertex 0.345846 3.08121 8.80698
      vertex 0.444058 3.12442 2.49
      vertex 0.409326 3.10914 8.84187
    endloop
  endfacet
  facet normal 0.402693 -0.915335 0
    outer loop
      vertex 0.409326 3.10914 8.84187
      vertex 0.444058 3.12442 2.49
      vertex 0.444058 3.12442 8.86313
    endloop
  endfacet
  facet normal 0.0218081 -0.999762 0
    outer loop
      vertex 0.551332 3.12676 2.49
      vertex 0.444058 3.12442 8.86313
      vertex 0.444058 3.12442 2.49
    endloop
  endfacet
  facet normal 0.0218081 -0.999762 0
    outer loop
      vertex 0.444058 3.12442 8.86313
      vertex 0.551332 3.12676 2.49
      vertex 0.551332 3.12676 8.88342
    endloop
  endfacet
  facet normal -0.946825 0.321749 0
    outer loop
      vertex 1.72265 2.47558 2.49
      vertex 1.72003 2.46787 8.71223
      vertex 1.72265 2.47558 8.72022
    endloop
  endfacet
  facet normal -0.946936 0.321423 0
    outer loop
      vertex 1.68816 2.37397 8.61491
      vertex 1.72265 2.47558 2.49
      vertex 1.68816 2.37397 2.49
    endloop
  endfacet
  facet normal -0.946945 0.321397 -4.86083e-07
    outer loop
      vertex 1.72265 2.47558 2.49
      vertex 1.68816 2.37397 8.61491
      vertex 1.72003 2.46787 8.71223
    endloop
  endfacet
  facet normal 0.0654241 -0.997858 0
    outer loop
      vertex 1.48589 2.78412 2.49
      vertex 1.37882 2.7771 8.80584
      vertex 1.37882 2.7771 2.49
    endloop
  endfacet
  facet normal 0.0654856 -0.997854 1.04673e-06
    outer loop
      vertex 1.37882 2.7771 8.80584
      vertex 1.48589 2.78412 2.49
      vertex 1.45577 2.78215 8.8476
    endloop
  endfacet
  facet normal 0.0652656 -0.997868 0
    outer loop
      vertex 1.45577 2.78215 8.8476
      vertex 1.48589 2.78412 2.49
      vertex 1.48589 2.78412 8.86395
    endloop
  endfacet
  facet normal 0.752197 -0.658939 0
    outer loop
      vertex 1.27722 2.72352 8.71223
      vertex 1.28259 2.72965 2.49
      vertex 1.28259 2.72965 8.72022
    endloop
  endfacet
  facet normal 0.751833 -0.659353 -7.21784e-07
    outer loop
      vertex 1.21184 2.64897 8.61492
      vertex 1.28259 2.72965 2.49
      vertex 1.27722 2.72352 8.71223
    endloop
  endfacet
  facet normal 0.75186 -0.659322 0
    outer loop
      vertex 1.28259 2.72965 2.49
      vertex 1.21184 2.64897 8.61492
      vertex 1.21184 2.64897 2.49
    endloop
  endfacet
  facet normal -0.896856 -0.442323 -0
    outer loop
      vertex 1.71563 2.58265 8.80584
      vertex 1.66817 2.67888 2.49
      vertex 1.71563 2.58265 2.49
    endloop
  endfacet
  facet normal -0.896856 -0.442323 0
    outer loop
      vertex 1.66817 2.67888 2.49
      vertex 1.71563 2.58265 8.80584
      vertex 1.66817 2.67888 8.86395
    endloop
  endfacet
  facet normal -0.659324 -0.751859 0
    outer loop
      vertex 1.5875 2.74963 2.49
      vertex 1.63682 2.70638 8.87092
      vertex 1.5875 2.74963 8.88187
    endloop
  endfacet
  facet normal -0.659438 -0.751759 1.54752e-06
    outer loop
      vertex 1.63682 2.70638 8.87092
      vertex 1.5875 2.74963 2.49
      vertex 1.66817 2.67888 8.86395
    endloop
  endfacet
  facet normal -0.659369 -0.75182 -0
    outer loop
      vertex 1.66817 2.67888 8.86395
      vertex 1.5875 2.74963 2.49
      vertex 1.66817 2.67888 2.49
    endloop
  endfacet
  facet normal 0.442248 -0.896893 0
    outer loop
      vertex 1.37882 2.7771 2.49
      vertex 1.28259 2.72965 8.72022
      vertex 1.28259 2.72965 2.49
    endloop
  endfacet
  facet normal 0.442291 -0.896872 8.14228e-07
    outer loop
      vertex 1.28259 2.72965 8.72022
      vertex 1.37882 2.7771 2.49
      vertex 1.36652 2.77104 8.79441
    endloop
  endfacet
  facet normal 0.441955 -0.897037 0
    outer loop
      vertex 1.36652 2.77104 8.79441
      vertex 1.37882 2.7771 2.49
      vertex 1.37882 2.7771 8.80584
    endloop
  endfacet
  facet normal -0.997846 -0.0655998 0
    outer loop
      vertex 1.71563 2.58265 2.49
      vertex 1.71653 2.56896 8.79441
      vertex 1.71563 2.58265 8.80584
    endloop
  endfacet
  facet normal -0.997858 -0.0654241 -0
    outer loop
      vertex 1.72265 2.47558 8.72022
      vertex 1.71563 2.58265 2.49
      vertex 1.72265 2.47558 2.49
    endloop
  endfacet
  facet normal -0.997859 -0.0653987 4.38589e-07
    outer loop
      vertex 1.71563 2.58265 2.49
      vertex 1.72265 2.47558 8.72022
      vertex 1.71653 2.56896 8.79441
    endloop
  endfacet
  facet normal -0.321423 -0.946936 0
    outer loop
      vertex 1.5875 2.74963 2.49
      vertex 1.48589 2.78412 8.86395
      vertex 1.48589 2.78412 2.49
    endloop
  endfacet
  facet normal -0.321423 -0.946936 0
    outer loop
      vertex 1.48589 2.78412 8.86395
      vertex 1.5875 2.74963 2.49
      vertex 1.5875 2.74963 8.88187
    endloop
  endfacet
  facet normal 0.946889 -0.321559 0
    outer loop
      vertex 1.20714 2.63513 8.6
      vertex 1.21184 2.64897 2.49
      vertex 1.21184 2.64897 8.61492
    endloop
  endfacet
  facet normal 0.946889 -0.321559 0
    outer loop
      vertex 1.21184 2.64897 2.49
      vertex 1.20714 2.63513 8.6
      vertex 1.20714 2.63513 2.49
    endloop
  endfacet
  facet normal -0.751473 0.659763 0
    outer loop
      vertex 1.67852 2.36299 8.6
      vertex 1.68816 2.37397 2.49
      vertex 1.67852 2.36299 2.49
    endloop
  endfacet
  facet normal -0.751473 0.659763 0
    outer loop
      vertex 1.68816 2.37397 2.49
      vertex 1.67852 2.36299 8.6
      vertex 1.68816 2.37397 8.61491
    endloop
  endfacet
  facet normal 0.108846 -0.994059 0
    outer loop
      vertex 2.2455 2.13804 2.49
      vertex 2.13883 2.12636 8.71914
      vertex 2.13883 2.12636 2.49
    endloop
  endfacet
  facet normal 0.108846 -0.994059 0
    outer loop
      vertex 2.13883 2.12636 8.71914
      vertex 2.2455 2.13804 2.49
      vertex 2.2455 2.13804 8.80717
    endloop
  endfacet
  facet normal -0.87671 -0.48102 0
    outer loop
      vertex 2.43219 2.04085 2.49
      vertex 2.46793 1.97571 8.86937
      vertex 2.43219 2.04085 8.88342
    endloop
  endfacet
  facet normal -0.876721 -0.480999 -0
    outer loop
      vertex 2.4838 1.94678 8.86313
      vertex 2.43219 2.04085 2.49
      vertex 2.4838 1.94678 2.49
    endloop
  endfacet
  facet normal -0.876746 -0.480953 8.83564e-07
    outer loop
      vertex 2.43219 2.04085 2.49
      vertex 2.4838 1.94678 8.86313
      vertex 2.46793 1.97571 8.86937
    endloop
  endfacet
  facet normal -0.480728 0.87687 0
    outer loop
      vertex 2.3983 1.65342 2.49
      vertex 2.38586 1.6466 8.6
      vertex 2.3983 1.65342 8.61444
    endloop
  endfacet
  facet normal -0.480728 0.87687 0
    outer loop
      vertex 2.38586 1.6466 8.6
      vertex 2.3983 1.65342 2.49
      vertex 2.38586 1.6466 2.49
    endloop
  endfacet
  facet normal -0.994059 -0.108841 0
    outer loop
      vertex 2.4838 1.94678 2.49
      vertex 2.48793 1.90906 8.84187
      vertex 2.4838 1.94678 8.86313
    endloop
  endfacet
  facet normal -0.994058 -0.108856 -0
    outer loop
      vertex 2.49548 1.84012 8.80698
      vertex 2.4838 1.94678 2.49
      vertex 2.49548 1.84012 2.49
    endloop
  endfacet
  facet normal -0.994057 -0.108865 -1.44396e-07
    outer loop
      vertex 2.4838 1.94678 2.49
      vertex 2.49548 1.84012 8.80698
      vertex 2.48793 1.90906 8.84187
    endloop
  endfacet
  facet normal -0.960069 0.279764 0
    outer loop
      vertex 2.46546 1.7371 8.72041
      vertex 2.49548 1.84012 2.49
      vertex 2.46546 1.7371 2.49
    endloop
  endfacet
  facet normal -0.960069 0.279764 0
    outer loop
      vertex 2.49548 1.84012 2.49
      vertex 2.46546 1.7371 8.72041
      vertex 2.49548 1.84012 8.80698
    endloop
  endfacet
  facet normal -0.779886 0.625922 0
    outer loop
      vertex 2.3983 1.65342 8.61444
      vertex 2.46546 1.7371 2.49
      vertex 2.3983 1.65342 2.49
    endloop
  endfacet
  facet normal -0.779886 0.625922 0
    outer loop
      vertex 2.46546 1.7371 2.49
      vertex 2.3983 1.65342 8.61444
      vertex 2.46546 1.7371 8.72041
    endloop
  endfacet
  facet normal -0.280094 -0.959972 -3.88464e-06
    outer loop
      vertex 2.34851 2.10801 2.49
      vertex 2.26082 2.13357 8.8155
      vertex 2.2455 2.13804 8.80717
    endloop
  endfacet
  facet normal -0.279875 -0.960037 0
    outer loop
      vertex 2.34851 2.10801 2.49
      vertex 2.2455 2.13804 8.80717
      vertex 2.2455 2.13804 2.49
    endloop
  endfacet
  facet normal -0.279836 -0.960048 0
    outer loop
      vertex 2.26082 2.13357 8.8155
      vertex 2.34851 2.10801 2.49
      vertex 2.34851 2.10801 8.86322
    endloop
  endfacet
  facet normal -0.625922 -0.779886 0
    outer loop
      vertex 2.43219 2.04085 2.49
      vertex 2.34851 2.10801 8.86322
      vertex 2.34851 2.10801 2.49
    endloop
  endfacet
  facet normal -0.625948 -0.779865 -5.6059e-07
    outer loop
      vertex 2.34851 2.10801 8.86322
      vertex 2.43219 2.04085 2.49
      vertex 2.37734 2.08487 8.86858
    endloop
  endfacet
  facet normal -0.625908 -0.779897 0
    outer loop
      vertex 2.37734 2.08487 8.86858
      vertex 2.43219 2.04085 2.49
      vertex 2.43219 2.04085 8.88342
    endloop
  endfacet
  facet normal 0.780083 -0.625676 0
    outer loop
      vertex 2.03621 2.06409 8.6
      vertex 2.04476 2.07475 2.49
      vertex 2.04476 2.07475 8.61397
    endloop
  endfacet
  facet normal 0.780083 -0.625676 0
    outer loop
      vertex 2.04476 2.07475 2.49
      vertex 2.03621 2.06409 8.6
      vertex 2.03621 2.06409 2.49
    endloop
  endfacet
  facet normal 0.480999 -0.876721 0
    outer loop
      vertex 2.13883 2.12636 2.49
      vertex 2.04476 2.07475 8.61397
      vertex 2.04476 2.07475 2.49
    endloop
  endfacet
  facet normal 0.480942 -0.876753 -1.14743e-06
    outer loop
      vertex 2.04476 2.07475 8.61397
      vertex 2.13883 2.12636 2.49
      vertex 2.11119 2.11119 8.68782
    endloop
  endfacet
  facet normal 0.481139 -0.876644 0
    outer loop
      vertex 2.11119 2.11119 8.68782
      vertex 2.13883 2.12636 2.49
      vertex 2.13883 2.12636 8.71914
    endloop
  endfacet
  facet normal -0.971342 0.237686 0
    outer loop
      vertex 2.99985 0.979862 2.49
      vertex 2.98741 0.929024 8.83588
      vertex 2.99985 0.979862 8.86322
    endloop
  endfacet
  facet normal -0.971328 0.237743 0
    outer loop
      vertex 2.97434 0.875638 8.80717
      vertex 2.99985 0.979862 2.49
      vertex 2.97434 0.875638 2.49
    endloop
  endfacet
  facet normal -0.971315 0.237797 9.44421e-07
    outer loop
      vertex 2.99985 0.979862 2.49
      vertex 2.97434 0.875638 8.80717
      vertex 2.98741 0.929024 8.83588
    endloop
  endfacet
  facet normal -0.237731 -0.971331 0
    outer loop
      vertex 2.84133 1.24109 2.49
      vertex 2.7371 1.2666 8.72042
      vertex 2.7371 1.2666 2.49
    endloop
  endfacet
  facet normal -0.237731 -0.971331 0
    outer loop
      vertex 2.7371 1.2666 8.72042
      vertex 2.84133 1.24109 2.49
      vertex 2.84133 1.24109 8.80698
    endloop
  endfacet
  facet normal -0.988266 -0.152741 0
    outer loop
      vertex 2.98352 1.08591 2.49
      vertex 2.98503 1.07614 8.88134
      vertex 2.98352 1.08591 8.88342
    endloop
  endfacet
  facet normal -0.988374 -0.152045 1.0897e-06
    outer loop
      vertex 2.98352 1.08591 2.49
      vertex 2.99422 1.0164 8.86858
      vertex 2.98503 1.07614 8.88134
    endloop
  endfacet
  facet normal -0.988351 -0.152193 -0
    outer loop
      vertex 2.99985 0.979862 8.86322
      vertex 2.98352 1.08591 2.49
      vertex 2.99985 0.979862 2.49
    endloop
  endfacet
  facet normal -0.988336 -0.152289 -1.62879e-06
    outer loop
      vertex 2.98352 1.08591 2.49
      vertex 2.99985 0.979862 8.86322
      vertex 2.99422 1.0164 8.86858
    endloop
  endfacet
  facet normal -0.152134 0.98836 0
    outer loop
      vertex 2.81916 0.733442 2.49
      vertex 2.80566 0.731364 8.6
      vertex 2.81916 0.733442 8.61397
    endloop
  endfacet
  facet normal -0.152134 0.98836 0
    outer loop
      vertex 2.80566 0.731364 8.6
      vertex 2.81916 0.733442 2.49
      vertex 2.80566 0.731364 2.49
    endloop
  endfacet
  facet normal -0.591271 -0.806473 0
    outer loop
      vertex 2.92786 1.17765 2.49
      vertex 2.84133 1.24109 8.80698
      vertex 2.84133 1.24109 2.49
    endloop
  endfacet
  facet normal -0.591313 -0.806442 -8.96455e-07
    outer loop
      vertex 2.84133 1.24109 8.80698
      vertex 2.92786 1.17765 2.49
      vertex 2.89726 1.20008 8.84187
    endloop
  endfacet
  facet normal -0.591192 -0.806531 0
    outer loop
      vertex 2.89726 1.20008 8.84187
      vertex 2.92786 1.17765 2.49
      vertex 2.92786 1.17765 8.86314
    endloop
  endfacet
  facet normal -0.80648 0.591262 0
    outer loop
      vertex 2.9109 0.789106 8.71914
      vertex 2.97434 0.875638 2.49
      vertex 2.9109 0.789106 2.49
    endloop
  endfacet
  facet normal -0.80648 0.591262 0
    outer loop
      vertex 2.97434 0.875638 2.49
      vertex 2.9109 0.789106 8.71914
      vertex 2.97434 0.875638 8.80717
    endloop
  endfacet
  facet normal -0.51879 0.854902 -4.74555e-07
    outer loop
      vertex 2.9109 0.789106 2.49
      vertex 2.8341 0.742504 8.63099
      vertex 2.88394 0.772749 8.68782
    endloop
  endfacet
  facet normal -0.51871 0.85495 0
    outer loop
      vertex 2.9109 0.789106 2.49
      vertex 2.88394 0.772749 8.68782
      vertex 2.9109 0.789106 8.71914
    endloop
  endfacet
  facet normal -0.518616 0.855007 2.5018e-06
    outer loop
      vertex 2.8341 0.742504 8.63099
      vertex 2.9109 0.789106 2.49
      vertex 2.81916 0.733442 8.61397
    endloop
  endfacet
  facet normal -0.518738 0.854933 0
    outer loop
      vertex 2.81916 0.733442 8.61397
      vertex 2.9109 0.789106 2.49
      vertex 2.81916 0.733442 2.49
    endloop
  endfacet
  facet normal 0.15219 -0.988351 0
    outer loop
      vertex 2.7371 1.2666 2.49
      vertex 2.63105 1.25027 8.61444
      vertex 2.63105 1.25027 2.49
    endloop
  endfacet
  facet normal 0.15219 -0.988351 0
    outer loop
      vertex 2.63105 1.25027 8.61444
      vertex 2.7371 1.2666 2.49
      vertex 2.7371 1.2666 8.72042
    endloop
  endfacet
  facet normal -0.85495 -0.518711 0
    outer loop
      vertex 2.98352 1.08591 2.49
      vertex 2.92786 1.17765 8.86314
      vertex 2.92786 1.17765 2.49
    endloop
  endfacet
  facet normal -0.85495 -0.518711 0
    outer loop
      vertex 2.92786 1.17765 8.86314
      vertex 2.98352 1.08591 2.49
      vertex 2.98352 1.08591 8.88342
    endloop
  endfacet
  facet normal 0.518536 -0.855056 0
    outer loop
      vertex 2.63105 1.25027 2.49
      vertex 2.61893 1.24292 8.6
      vertex 2.61893 1.24292 2.49
    endloop
  endfacet
  facet normal 0.518536 -0.855056 0
    outer loop
      vertex 2.61893 1.24292 8.6
      vertex 2.63105 1.25027 2.49
      vertex 2.63105 1.25027 8.61444
    endloop
  endfacet
  facet normal -0.995182 0.0980429 0
    outer loop
      vertex 2.87519 -0.378526 2.49
      vertex 2.88567 -0.272149 8.6
      vertex 2.88567 -0.272149 2.49
    endloop
  endfacet
  facet normal -0.995182 0.0980429 0
    outer loop
      vertex 2.88567 -0.272149 8.6
      vertex 2.87519 -0.378526 2.49
      vertex 2.87519 -0.378526 8.6
    endloop
  endfacet
  facet normal 0.412759 -0.91084 0
    outer loop
      vertex -1.20714 2.63513 2.49
      vertex -1.10978 2.67925 8.6
      vertex -1.20714 2.63513 8.6
    endloop
  endfacet
  facet normal 0.412759 -0.91084 0
    outer loop
      vertex -1.10978 2.67925 8.6
      vertex -1.20714 2.63513 2.49
      vertex -1.10978 2.67925 2.49
    endloop
  endfacet
  facet normal 0.0327237 -0.999464 0
    outer loop
      vertex -0.189669 2.89379 2.49
      vertex 0 2.9 8.6
      vertex -0.189669 2.89379 8.6
    endloop
  endfacet
  facet normal 0.0327237 -0.999464 0
    outer loop
      vertex 0 2.9 8.6
      vertex -0.189669 2.89379 2.49
      vertex 0 2.9 2.49
    endloop
  endfacet
  facet normal 0.0979188 0.995194 -0
    outer loop
      vertex -0.189669 -2.89379 2.49
      vertex -0.233067 -2.88952 8.6
      vertex -0.189669 -2.89379 8.6
    endloop
  endfacet
  facet normal 0.0979188 0.995194 0
    outer loop
      vertex -0.233067 -2.88952 8.6
      vertex -0.189669 -2.89379 2.49
      vertex -0.233067 -2.88952 2.49
    endloop
  endfacet
  facet normal -0.849201 -0.52807 0
    outer loop
      vertex 2.51147 1.45 2.49
      vertex 2.41126 1.61115 8.6
      vertex 2.41126 1.61115 2.49
    endloop
  endfacet
  facet normal -0.849201 -0.52807 0
    outer loop
      vertex 2.41126 1.61115 8.6
      vertex 2.51147 1.45 2.49
      vertex 2.51147 1.45 8.6
    endloop
  endfacet
  facet normal 0.995182 0.0980429 0
    outer loop
      vertex -2.87519 -0.378526 8.6
      vertex -2.88567 -0.272149 2.49
      vertex -2.88567 -0.272149 8.6
    endloop
  endfacet
  facet normal 0.995182 0.0980429 0
    outer loop
      vertex -2.88567 -0.272149 2.49
      vertex -2.87519 -0.378526 8.6
      vertex -2.87519 -0.378526 2.49
    endloop
  endfacet
  facet normal -0.412759 -0.91084 0
    outer loop
      vertex 1.10978 2.67925 2.49
      vertex 1.20714 2.63513 8.6
      vertex 1.10978 2.67925 8.6
    endloop
  endfacet
  facet normal -0.412759 -0.91084 -0
    outer loop
      vertex 1.20714 2.63513 8.6
      vertex 1.10978 2.67925 2.49
      vertex 1.20714 2.63513 2.49
    endloop
  endfacet
  facet normal 0.683618 0.72984 -0
    outer loop
      vertex -1.9121 -2.18034 2.49
      vertex -2.03621 -2.06409 8.6
      vertex -1.9121 -2.18034 8.6
    endloop
  endfacet
  facet normal 0.683618 0.72984 0
    outer loop
      vertex -2.03621 -2.06409 8.6
      vertex -1.9121 -2.18034 2.49
      vertex -2.03621 -2.06409 2.49
    endloop
  endfacet
  facet normal -0.0979188 0.995194 0
    outer loop
      vertex 0.233067 -2.88952 2.49
      vertex 0.189669 -2.89379 8.6
      vertex 0.233067 -2.88952 8.6
    endloop
  endfacet
  facet normal -0.0979188 0.995194 0
    outer loop
      vertex 0.189669 -2.89379 8.6
      vertex 0.233067 -2.88952 2.49
      vertex 0.189669 -2.89379 2.49
    endloop
  endfacet
  facet normal 0.973868 -0.227115 0
    outer loop
      vertex -2.84428 0.565762 8.6
      vertex -2.80566 0.731364 2.49
      vertex -2.80566 0.731364 8.6
    endloop
  endfacet
  facet normal 0.973868 -0.227115 0
    outer loop
      vertex -2.80566 0.731364 2.49
      vertex -2.84428 0.565762 8.6
      vertex -2.84428 0.565762 2.49
    endloop
  endfacet
  facet normal 0.881912 -0.471414 0
    outer loop
      vertex -2.60093 1.28264 8.6
      vertex -2.51147 1.45 2.49
      vertex -2.51147 1.45 8.6
    endloop
  endfacet
  facet normal 0.881912 -0.471414 0
    outer loop
      vertex -2.51147 1.45 2.49
      vertex -2.60093 1.28264 8.6
      vertex -2.60093 1.28264 2.49
    endloop
  endfacet
  facet normal 0.973868 0.227115 0
    outer loop
      vertex -2.80566 -0.731364 8.6
      vertex -2.84428 -0.565762 2.49
      vertex -2.84428 -0.565762 8.6
    endloop
  endfacet
  facet normal 0.973868 0.227115 0
    outer loop
      vertex -2.84428 -0.565762 2.49
      vertex -2.80566 -0.731364 8.6
      vertex -2.80566 -0.731364 2.49
    endloop
  endfacet
  facet normal 0.412759 0.91084 -0
    outer loop
      vertex -1.10978 -2.67925 2.49
      vertex -1.20714 -2.63513 8.6
      vertex -1.10978 -2.67925 8.6
    endloop
  endfacet
  facet normal 0.412759 0.91084 0
    outer loop
      vertex -1.20714 -2.63513 8.6
      vertex -1.10978 -2.67925 2.49
      vertex -1.20714 -2.63513 2.49
    endloop
  endfacet
  facet normal -0.881912 0.471414 0
    outer loop
      vertex 2.51147 -1.45 2.49
      vertex 2.60093 -1.28264 8.6
      vertex 2.60093 -1.28264 2.49
    endloop
  endfacet
  facet normal -0.881912 0.471414 0
    outer loop
      vertex 2.60093 -1.28264 8.6
      vertex 2.51147 -1.45 2.49
      vertex 2.51147 -1.45 8.6
    endloop
  endfacet
  facet normal -0.910837 -0.412766 0
    outer loop
      vertex 2.61893 1.24292 2.49
      vertex 2.60093 1.28264 8.6
      vertex 2.60093 1.28264 2.49
    endloop
  endfacet
  facet normal -0.910837 -0.412766 0
    outer loop
      vertex 2.60093 1.28264 8.6
      vertex 2.61893 1.24292 2.49
      vertex 2.61893 1.24292 8.6
    endloop
  endfacet
  facet normal -0.582512 -0.812822 0
    outer loop
      vertex 1.67852 2.36299 2.49
      vertex 1.76541 2.30072 8.6
      vertex 1.67852 2.36299 8.6
    endloop
  endfacet
  facet normal -0.582512 -0.812822 -0
    outer loop
      vertex 1.76541 2.30072 8.6
      vertex 1.67852 2.36299 2.49
      vertex 1.76541 2.30072 2.49
    endloop
  endfacet
  facet normal -0.986646 0.162881 0
    outer loop
      vertex 2.84428 -0.565762 2.49
      vertex 2.87519 -0.378526 8.6
      vertex 2.87519 -0.378526 2.49
    endloop
  endfacet
  facet normal -0.986646 0.162881 0
    outer loop
      vertex 2.87519 -0.378526 8.6
      vertex 2.84428 -0.565762 2.49
      vertex 2.84428 -0.565762 8.6
    endloop
  endfacet
  facet normal -0.973868 0.227115 0
    outer loop
      vertex 2.80566 -0.731364 2.49
      vertex 2.84428 -0.565762 8.6
      vertex 2.84428 -0.565762 2.49
    endloop
  endfacet
  facet normal -0.973868 0.227115 0
    outer loop
      vertex 2.84428 -0.565762 8.6
      vertex 2.80566 -0.731364 2.49
      vertex 2.80566 -0.731364 8.6
    endloop
  endfacet
  facet normal -0.352268 0.935899 0
    outer loop
      vertex 1.10978 -2.67925 2.49
      vertex 0.932174 -2.7461 8.6
      vertex 1.10978 -2.67925 8.6
    endloop
  endfacet
  facet normal -0.352268 0.935899 0
    outer loop
      vertex 0.932174 -2.7461 8.6
      vertex 1.10978 -2.67925 2.49
      vertex 0.932174 -2.7461 2.49
    endloop
  endfacet
  facet normal -0.910837 0.412766 0
    outer loop
      vertex 2.60093 -1.28264 2.49
      vertex 2.61893 -1.24292 8.6
      vertex 2.61893 -1.24292 2.49
    endloop
  endfacet
  facet normal -0.910837 0.412766 0
    outer loop
      vertex 2.61893 -1.24292 8.6
      vertex 2.60093 -1.28264 2.49
      vertex 2.60093 -1.28264 8.6
    endloop
  endfacet
  facet normal 0.986646 -0.162881 0
    outer loop
      vertex -2.87519 0.378526 8.6
      vertex -2.84428 0.565762 2.49
      vertex -2.84428 0.565762 8.6
    endloop
  endfacet
  facet normal 0.986646 -0.162881 0
    outer loop
      vertex -2.84428 0.565762 2.49
      vertex -2.87519 0.378526 8.6
      vertex -2.87519 0.378526 2.49
    endloop
  endfacet
  facet normal -0.352268 -0.935899 0
    outer loop
      vertex 0.932174 2.7461 2.49
      vertex 1.10978 2.67925 8.6
      vertex 0.932174 2.7461 8.6
    endloop
  endfacet
  facet normal -0.352268 -0.935899 -0
    outer loop
      vertex 1.10978 2.67925 8.6
      vertex 0.932174 2.7461 2.49
      vertex 1.10978 2.67925 2.49
    endloop
  endfacet
  facet normal -0.81288 0.582431 0
    outer loop
      vertex 2.38586 -1.6466 2.49
      vertex 2.41126 -1.61115 8.6
      vertex 2.41126 -1.61115 2.49
    endloop
  endfacet
  facet normal -0.81288 0.582431 0
    outer loop
      vertex 2.41126 -1.61115 8.6
      vertex 2.38586 -1.6466 2.49
      vertex 2.38586 -1.6466 8.6
    endloop
  endfacet
  facet normal -0.290277 0.956943 0
    outer loop
      vertex 0.932174 -2.7461 2.49
      vertex 0.769451 -2.79546 8.6
      vertex 0.932174 -2.7461 8.6
    endloop
  endfacet
  facet normal -0.290277 0.956943 0
    outer loop
      vertex 0.769451 -2.79546 8.6
      vertex 0.932174 -2.7461 2.49
      vertex 0.769451 -2.79546 2.49
    endloop
  endfacet
  facet normal -0.995182 -0.0980429 0
    outer loop
      vertex 2.88567 0.272149 2.49
      vertex 2.87519 0.378526 8.6
      vertex 2.87519 0.378526 2.49
    endloop
  endfacet
  facet normal -0.995182 -0.0980429 0
    outer loop
      vertex 2.87519 0.378526 8.6
      vertex 2.88567 0.272149 2.49
      vertex 2.88567 0.272149 8.6
    endloop
  endfacet
  facet normal -0.582512 0.812822 0
    outer loop
      vertex 1.76541 -2.30072 2.49
      vertex 1.67852 -2.36299 8.6
      vertex 1.76541 -2.30072 8.6
    endloop
  endfacet
  facet normal -0.582512 0.812822 0
    outer loop
      vertex 1.67852 -2.36299 8.6
      vertex 1.76541 -2.30072 2.49
      vertex 1.67852 -2.36299 2.49
    endloop
  endfacet
  facet normal -0.634376 0.773024 0
    outer loop
      vertex 1.9121 -2.18034 2.49
      vertex 1.76541 -2.30072 8.6
      vertex 1.9121 -2.18034 8.6
    endloop
  endfacet
  facet normal -0.634376 0.773024 0
    outer loop
      vertex 1.76541 -2.30072 8.6
      vertex 1.9121 -2.18034 2.49
      vertex 1.76541 -2.30072 2.49
    endloop
  endfacet
  facet normal 0.986646 0.162881 0
    outer loop
      vertex -2.84428 -0.565762 8.6
      vertex -2.87519 -0.378526 2.49
      vertex -2.87519 -0.378526 8.6
    endloop
  endfacet
  facet normal 0.986646 0.162881 0
    outer loop
      vertex -2.87519 -0.378526 2.49
      vertex -2.84428 -0.565762 8.6
      vertex -2.84428 -0.565762 2.49
    endloop
  endfacet
  facet normal 0.0327237 0.999464 -0
    outer loop
      vertex 0 -2.9 2.49
      vertex -0.189669 -2.89379 8.6
      vertex 0 -2.9 8.6
    endloop
  endfacet
  facet normal 0.0327237 0.999464 0
    outer loop
      vertex -0.189669 -2.89379 8.6
      vertex 0 -2.9 2.49
      vertex -0.189669 -2.89379 2.49
    endloop
  endfacet
  facet normal 0.995182 -0.0980429 0
    outer loop
      vertex -2.88567 0.272149 8.6
      vertex -2.87519 0.378526 2.49
      vertex -2.87519 0.378526 8.6
    endloop
  endfacet
  facet normal 0.995182 -0.0980429 0
    outer loop
      vertex -2.87519 0.378526 2.49
      vertex -2.88567 0.272149 8.6
      vertex -2.88567 0.272149 2.49
    endloop
  endfacet
  facet normal -0.683618 0.72984 0
    outer loop
      vertex 2.03621 -2.06409 2.49
      vertex 1.9121 -2.18034 8.6
      vertex 2.03621 -2.06409 8.6
    endloop
  endfacet
  facet normal -0.683618 0.72984 0
    outer loop
      vertex 1.9121 -2.18034 8.6
      vertex 2.03621 -2.06409 2.49
      vertex 1.9121 -2.18034 2.49
    endloop
  endfacet
  facet normal 0.910837 0.412766 0
    outer loop
      vertex -2.60093 -1.28264 8.6
      vertex -2.61893 -1.24292 2.49
      vertex -2.61893 -1.24292 8.6
    endloop
  endfacet
  facet normal 0.910837 0.412766 0
    outer loop
      vertex -2.61893 -1.24292 2.49
      vertex -2.60093 -1.28264 8.6
      vertex -2.60093 -1.28264 2.49
    endloop
  endfacet
  facet normal -0.881912 -0.471414 0
    outer loop
      vertex 2.60093 1.28264 2.49
      vertex 2.51147 1.45 8.6
      vertex 2.51147 1.45 2.49
    endloop
  endfacet
  facet normal -0.881912 -0.471414 0
    outer loop
      vertex 2.51147 1.45 8.6
      vertex 2.60093 1.28264 2.49
      vertex 2.60093 1.28264 8.6
    endloop
  endfacet
  facet normal -0.0979188 -0.995194 0
    outer loop
      vertex 0.189669 2.89379 2.49
      vertex 0.233067 2.88952 8.6
      vertex 0.189669 2.89379 8.6
    endloop
  endfacet
  facet normal -0.0979188 -0.995194 -0
    outer loop
      vertex 0.233067 2.88952 8.6
      vertex 0.189669 2.89379 2.49
      vertex 0.233067 2.88952 2.49
    endloop
  endfacet
  facet normal -0.849201 0.52807 0
    outer loop
      vertex 2.41126 -1.61115 2.49
      vertex 2.51147 -1.45 8.6
      vertex 2.51147 -1.45 2.49
    endloop
  endfacet
  facet normal -0.849201 0.52807 0
    outer loop
      vertex 2.51147 -1.45 8.6
      vertex 2.41126 -1.61115 2.49
      vertex 2.41126 -1.61115 8.6
    endloop
  endfacet
  facet normal 0.582512 0.812822 -0
    outer loop
      vertex -1.67852 -2.36299 2.49
      vertex -1.76541 -2.30072 8.6
      vertex -1.67852 -2.36299 8.6
    endloop
  endfacet
  facet normal 0.582512 0.812822 0
    outer loop
      vertex -1.76541 -2.30072 8.6
      vertex -1.67852 -2.36299 2.49
      vertex -1.76541 -2.30072 2.49
    endloop
  endfacet
  facet normal -0.0327237 -0.999464 0
    outer loop
      vertex 0 2.9 2.49
      vertex 0.189669 2.89379 8.6
      vertex 0 2.9 8.6
    endloop
  endfacet
  facet normal -0.0327237 -0.999464 -0
    outer loop
      vertex 0.189669 2.89379 8.6
      vertex 0 2.9 2.49
      vertex 0.189669 2.89379 2.49
    endloop
  endfacet
  facet normal 0.352268 0.935899 -0
    outer loop
      vertex -0.932174 -2.7461 2.49
      vertex -1.10978 -2.67925 8.6
      vertex -0.932174 -2.7461 8.6
    endloop
  endfacet
  facet normal 0.352268 0.935899 0
    outer loop
      vertex -1.10978 -2.67925 8.6
      vertex -0.932174 -2.7461 2.49
      vertex -1.10978 -2.67925 2.49
    endloop
  endfacet
  facet normal 0.849201 -0.52807 0
    outer loop
      vertex -2.51147 1.45 8.6
      vertex -2.41126 1.61115 2.49
      vertex -2.41126 1.61115 8.6
    endloop
  endfacet
  facet normal 0.849201 -0.52807 0
    outer loop
      vertex -2.41126 1.61115 2.49
      vertex -2.51147 1.45 8.6
      vertex -2.51147 1.45 2.49
    endloop
  endfacet
  facet normal 0.290277 0.956943 -0
    outer loop
      vertex -0.769451 -2.79546 2.49
      vertex -0.932174 -2.7461 8.6
      vertex -0.769451 -2.79546 8.6
    endloop
  endfacet
  facet normal 0.290277 0.956943 0
    outer loop
      vertex -0.932174 -2.7461 8.6
      vertex -0.769451 -2.79546 2.49
      vertex -0.932174 -2.7461 2.49
    endloop
  endfacet
  facet normal 0.910837 -0.412766 0
    outer loop
      vertex -2.61893 1.24292 8.6
      vertex -2.60093 1.28264 2.49
      vertex -2.60093 1.28264 8.6
    endloop
  endfacet
  facet normal 0.910837 -0.412766 0
    outer loop
      vertex -2.60093 1.28264 2.49
      vertex -2.61893 1.24292 8.6
      vertex -2.61893 1.24292 2.49
    endloop
  endfacet
  facet normal 0.0979188 -0.995194 0
    outer loop
      vertex -0.233067 2.88952 2.49
      vertex -0.189669 2.89379 8.6
      vertex -0.233067 2.88952 8.6
    endloop
  endfacet
  facet normal 0.0979188 -0.995194 0
    outer loop
      vertex -0.189669 2.89379 8.6
      vertex -0.233067 2.88952 2.49
      vertex -0.189669 2.89379 2.49
    endloop
  endfacet
  facet normal 0.81288 -0.582431 0
    outer loop
      vertex -2.41126 1.61115 8.6
      vertex -2.38586 1.6466 2.49
      vertex -2.38586 1.6466 8.6
    endloop
  endfacet
  facet normal 0.81288 -0.582431 0
    outer loop
      vertex -2.38586 1.6466 2.49
      vertex -2.41126 1.61115 8.6
      vertex -2.41126 1.61115 2.49
    endloop
  endfacet
  facet normal -0.412759 0.91084 0
    outer loop
      vertex 1.20714 -2.63513 2.49
      vertex 1.10978 -2.67925 8.6
      vertex 1.20714 -2.63513 8.6
    endloop
  endfacet
  facet normal -0.412759 0.91084 0
    outer loop
      vertex 1.10978 -2.67925 8.6
      vertex 1.20714 -2.63513 2.49
      vertex 1.10978 -2.67925 2.49
    endloop
  endfacet
  facet normal 0.683618 -0.72984 0
    outer loop
      vertex -2.03621 2.06409 2.49
      vertex -1.9121 2.18034 8.6
      vertex -2.03621 2.06409 8.6
    endloop
  endfacet
  facet normal 0.683618 -0.72984 0
    outer loop
      vertex -1.9121 2.18034 8.6
      vertex -2.03621 2.06409 2.49
      vertex -1.9121 2.18034 2.49
    endloop
  endfacet
  facet normal -0.986646 -0.162881 0
    outer loop
      vertex 2.87519 0.378526 2.49
      vertex 2.84428 0.565762 8.6
      vertex 2.84428 0.565762 2.49
    endloop
  endfacet
  facet normal -0.986646 -0.162881 0
    outer loop
      vertex 2.84428 0.565762 8.6
      vertex 2.87519 0.378526 2.49
      vertex 2.87519 0.378526 8.6
    endloop
  endfacet
  facet normal 0.881912 0.471414 0
    outer loop
      vertex -2.51147 -1.45 8.6
      vertex -2.60093 -1.28264 2.49
      vertex -2.60093 -1.28264 8.6
    endloop
  endfacet
  facet normal 0.881912 0.471414 0
    outer loop
      vertex -2.60093 -1.28264 2.49
      vertex -2.51147 -1.45 8.6
      vertex -2.51147 -1.45 2.49
    endloop
  endfacet
  facet normal -0.683618 -0.72984 0
    outer loop
      vertex 1.9121 2.18034 2.49
      vertex 2.03621 2.06409 8.6
      vertex 1.9121 2.18034 8.6
    endloop
  endfacet
  facet normal -0.683618 -0.72984 -0
    outer loop
      vertex 2.03621 2.06409 8.6
      vertex 1.9121 2.18034 2.49
      vertex 2.03621 2.06409 2.49
    endloop
  endfacet
  facet normal -0.973868 -0.227115 0
    outer loop
      vertex 2.84428 0.565762 2.49
      vertex 2.80566 0.731364 8.6
      vertex 2.80566 0.731364 2.49
    endloop
  endfacet
  facet normal -0.973868 -0.227115 0
    outer loop
      vertex 2.80566 0.731364 8.6
      vertex 2.84428 0.565762 2.49
      vertex 2.84428 0.565762 8.6
    endloop
  endfacet
  facet normal -0.290277 -0.956943 0
    outer loop
      vertex 0.769451 2.79546 2.49
      vertex 0.932174 2.7461 8.6
      vertex 0.769451 2.79546 8.6
    endloop
  endfacet
  facet normal -0.290277 -0.956943 -0
    outer loop
      vertex 0.932174 2.7461 8.6
      vertex 0.769451 2.79546 2.49
      vertex 0.932174 2.7461 2.49
    endloop
  endfacet
  facet normal -0.0327237 0.999464 0
    outer loop
      vertex 0.189669 -2.89379 2.49
      vertex 0 -2.9 8.6
      vertex 0.189669 -2.89379 8.6
    endloop
  endfacet
  facet normal -0.0327237 0.999464 0
    outer loop
      vertex 0 -2.9 8.6
      vertex 0.189669 -2.89379 2.49
      vertex 0 -2.9 2.49
    endloop
  endfacet
  facet normal 0.634376 0.773024 -0
    outer loop
      vertex -1.76541 -2.30072 2.49
      vertex -1.9121 -2.18034 8.6
      vertex -1.76541 -2.30072 8.6
    endloop
  endfacet
  facet normal 0.634376 0.773024 0
    outer loop
      vertex -1.9121 -2.18034 8.6
      vertex -1.76541 -2.30072 2.49
      vertex -1.9121 -2.18034 2.49
    endloop
  endfacet
  facet normal -0.634376 -0.773024 0
    outer loop
      vertex 1.76541 2.30072 2.49
      vertex 1.9121 2.18034 8.6
      vertex 1.76541 2.30072 8.6
    endloop
  endfacet
  facet normal -0.634376 -0.773024 -0
    outer loop
      vertex 1.9121 2.18034 8.6
      vertex 1.76541 2.30072 2.49
      vertex 1.9121 2.18034 2.49
    endloop
  endfacet
  facet normal 0.290277 -0.956943 0
    outer loop
      vertex -0.932174 2.7461 2.49
      vertex -0.769451 2.79546 8.6
      vertex -0.932174 2.7461 8.6
    endloop
  endfacet
  facet normal 0.290277 -0.956943 0
    outer loop
      vertex -0.769451 2.79546 8.6
      vertex -0.932174 2.7461 2.49
      vertex -0.769451 2.79546 2.49
    endloop
  endfacet
  facet normal 0.352268 -0.935899 0
    outer loop
      vertex -1.10978 2.67925 2.49
      vertex -0.932174 2.7461 8.6
      vertex -1.10978 2.67925 8.6
    endloop
  endfacet
  facet normal 0.352268 -0.935899 0
    outer loop
      vertex -0.932174 2.7461 8.6
      vertex -1.10978 2.67925 2.49
      vertex -0.932174 2.7461 2.49
    endloop
  endfacet
  facet normal -0.81288 -0.582431 0
    outer loop
      vertex 2.41126 1.61115 2.49
      vertex 2.38586 1.6466 8.6
      vertex 2.38586 1.6466 2.49
    endloop
  endfacet
  facet normal -0.81288 -0.582431 0
    outer loop
      vertex 2.38586 1.6466 8.6
      vertex 2.41126 1.61115 2.49
      vertex 2.41126 1.61115 8.6
    endloop
  endfacet
  facet normal 0.849201 0.52807 0
    outer loop
      vertex -2.41126 -1.61115 8.6
      vertex -2.51147 -1.45 2.49
      vertex -2.51147 -1.45 8.6
    endloop
  endfacet
  facet normal 0.849201 0.52807 0
    outer loop
      vertex -2.51147 -1.45 2.49
      vertex -2.41126 -1.61115 8.6
      vertex -2.41126 -1.61115 2.49
    endloop
  endfacet
  facet normal 0.81288 0.582431 0
    outer loop
      vertex -2.38586 -1.6466 8.6
      vertex -2.41126 -1.61115 2.49
      vertex -2.41126 -1.61115 8.6
    endloop
  endfacet
  facet normal 0.81288 0.582431 0
    outer loop
      vertex -2.41126 -1.61115 2.49
      vertex -2.38586 -1.6466 8.6
      vertex -2.38586 -1.6466 2.49
    endloop
  endfacet
  facet normal 0.634376 -0.773024 0
    outer loop
      vertex -1.9121 2.18034 2.49
      vertex -1.76541 2.30072 8.6
      vertex -1.9121 2.18034 8.6
    endloop
  endfacet
  facet normal 0.634376 -0.773024 0
    outer loop
      vertex -1.76541 2.30072 8.6
      vertex -1.9121 2.18034 2.49
      vertex -1.76541 2.30072 2.49
    endloop
  endfacet
  facet normal 0.582512 -0.812822 0
    outer loop
      vertex -1.76541 2.30072 2.49
      vertex -1.67852 2.36299 8.6
      vertex -1.76541 2.30072 8.6
    endloop
  endfacet
  facet normal 0.582512 -0.812822 0
    outer loop
      vertex -1.67852 2.36299 8.6
      vertex -1.76541 2.30072 2.49
      vertex -1.67852 2.36299 2.49
    endloop
  endfacet
  facet normal -0.715612 0.0234492 0.698105
    outer loop
      vertex 3.15407 -0.105237 8.86395
      vertex 3.29024 0 9
      vertex 3.175 0 8.88187
    endloop
  endfacet
  facet normal -0.715538 0.023565 0.698176
    outer loop
      vertex 3.28335 -0.210566 9
      vertex 3.15407 -0.105237 8.86395
      vertex 3.13729 -0.13034 8.8476
    endloop
  endfacet
  facet normal -0.715599 0.0234154 0.698118
    outer loop
      vertex 3.15407 -0.105237 8.86395
      vertex 3.28335 -0.210566 9
      vertex 3.29024 0 9
    endloop
  endfacet
  facet normal 0.608001 0.378081 0.698133
    outer loop
      vertex -2.51147 -1.45 8.6
      vertex -2.84699 -1.64905 9
      vertex -2.41126 -1.61115 8.6
    endloop
  endfacet
  facet normal 0.60758 0.378772 0.698125
    outer loop
      vertex -2.84699 -1.64905 9
      vertex -2.51147 -1.45 8.6
      vertex -2.84944 -1.64512 9
    endloop
  endfacet
  facet normal 0.712517 0.0701765 0.698136
    outer loop
      vertex -3.2621 -0.429462 9
      vertex -2.87519 -0.378526 8.6
      vertex -3.28275 -0.219798 9
    endloop
  endfacet
  facet normal -0.712473 0.0701911 0.69818
    outer loop
      vertex 2.88567 -0.272149 8.6
      vertex 2.87519 -0.378526 8.6
      vertex 2.9 -0.275 8.61491
    endloop
  endfacet
  facet normal -0.712561 0.0696162 0.698148
    outer loop
      vertex 3.08305 -0.202073 8.79441
      vertex 3.28275 -0.219798 9
      vertex 3.2832 -0.215192 9
    endloop
  endfacet
  facet normal -0.712514 0.0701112 0.698146
    outer loop
      vertex 3.00524 -0.254066 8.72022
      vertex 3.28275 -0.219798 9
      vertex 3.08305 -0.202073 8.79441
    endloop
  endfacet
  facet normal -0.71254 0.0702174 0.698109
    outer loop
      vertex 2.87519 -0.378526 8.6
      vertex 3.00524 -0.254066 8.72022
      vertex 2.9 -0.275 8.61491
    endloop
  endfacet
  facet normal -0.712515 0.0701599 0.698141
    outer loop
      vertex 3.00524 -0.254066 8.72022
      vertex 2.87519 -0.378526 8.6
      vertex 3.28275 -0.219798 9
    endloop
  endfacet
  facet normal 0.685141 0.207723 0.698164
    outer loop
      vertex -3.17813 -0.851577 9
      vertex -2.98741 -0.929024 8.83588
      vertex -2.97434 -0.875638 8.80717
    endloop
  endfacet
  facet normal 0.685125 0.207916 0.698122
    outer loop
      vertex -3.17813 -0.851577 9
      vertex -2.97434 -0.875638 8.80717
      vertex -2.9109 -0.789106 8.71914
    endloop
  endfacet
  facet normal 0.685148 0.207808 0.698132
    outer loop
      vertex -2.98741 -0.929024 8.83588
      vertex -3.17813 -0.851577 9
      vertex -3.11698 -1.05319 9
    endloop
  endfacet
  facet normal 0.685301 0.20726 0.698144
    outer loop
      vertex -3.17813 -0.851577 9
      vertex -2.9109 -0.789106 8.71914
      vertex -2.88394 -0.772749 8.68782
    endloop
  endfacet
  facet normal -0.0696043 0.712439 0.698273
    outer loop
      vertex 0.312042 -3.0459 8.76754
      vertex 0.215192 -3.2832 9
      vertex 0.219798 -3.28275 9
    endloop
  endfacet
  facet normal -0.0700437 0.712507 0.69816
    outer loop
      vertex 0.271646 -3.0037 8.72042
      vertex 0.215192 -3.2832 9
      vertex 0.312042 -3.0459 8.76754
    endloop
  endfacet
  facet normal -0.0700547 0.712583 0.698081
    outer loop
      vertex 0.189669 -2.89379 8.6
      vertex 0.271646 -3.0037 8.72042
      vertex 0.232758 -2.9037 8.61444
    endloop
  endfacet
  facet normal -0.0701036 0.712495 0.698166
    outer loop
      vertex 0.189669 -2.89379 8.6
      vertex 0.232758 -2.9037 8.61444
      vertex 0.233067 -2.88952 8.6
    endloop
  endfacet
  facet normal -0.0702211 0.712516 0.698133
    outer loop
      vertex 0.271646 -3.0037 8.72042
      vertex 0.189669 -2.89379 8.6
      vertex 0.215192 -3.2832 9
    endloop
  endfacet
  facet normal 0.553424 -0.454222 0.698143
    outer loop
      vertex -2.47374 2.16941 9
      vertex -2.43219 2.04085 8.88342
      vertex -2.37734 2.08487 8.86858
    endloop
  endfacet
  facet normal 0.553463 -0.454196 0.698129
    outer loop
      vertex -2.60739 2.00655 9
      vertex -2.43219 2.04085 8.88342
      vertex -2.47374 2.16941 9
    endloop
  endfacet
  facet normal 0.553457 -0.454237 0.698108
    outer loop
      vertex -2.43219 2.04085 8.88342
      vertex -2.60739 2.00655 9
      vertex -2.46793 1.97571 8.86937
    endloop
  endfacet
  facet normal 0.608004 0.37807 0.698136
    outer loop
      vertex -2.73574 -1.82796 9
      vertex -2.41126 -1.61115 8.6
      vertex -2.84699 -1.64905 9
    endloop
  endfacet
  facet normal -0.715582 -0.0233525 0.698138
    outer loop
      vertex 3.09445 0.194454 8.80584
      vertex 3.2832 0.215192 9
      vertex 3.08305 0.202073 8.79441
    endloop
  endfacet
  facet normal -0.715593 -0.0232034 0.698132
    outer loop
      vertex 3.2832 0.215192 9
      vertex 3.09445 0.194454 8.80584
      vertex 3.28335 0.210566 9
    endloop
  endfacet
  facet normal -0.71558 -0.0234151 0.698138
    outer loop
      vertex 3.28335 0.210566 9
      vertex 3.09445 0.194454 8.80584
      vertex 3.13729 0.13034 8.8476
    endloop
  endfacet
  facet normal -0.116614 -0.706394 0.698146
    outer loop
      vertex 0.616881 3.10127 8.86858
      vertex 0.637328 3.22778 9
      vertex 0.560552 3.12318 8.88134
    endloop
  endfacet
  facet normal -0.117527 -0.706245 0.698144
    outer loop
      vertex 0.637328 3.22778 9
      vertex 0.616881 3.10127 8.86858
      vertex 0.641895 3.22702 9
    endloop
  endfacet
  facet normal -0.608004 -0.37807 0.698136
    outer loop
      vertex 2.84699 1.64905 9
      vertex 2.73574 1.82796 9
      vertex 2.41126 1.61115 8.6
    endloop
  endfacet
  facet normal -0.252213 0.670076 0.698131
    outer loop
      vertex 0.932174 -2.7461 8.6
      vertex 1.06195 -3.114 9
      vertex 1.10978 -2.67925 8.6
    endloop
  endfacet
  facet normal -0.251731 0.670252 0.698136
    outer loop
      vertex 1.06195 -3.114 9
      vertex 0.932174 -2.7461 8.6
      vertex 1.05761 -3.11563 9
    endloop
  endfacet
  facet normal 0.522572 0.489423 0.698129
    outer loop
      vertex -2.34851 -2.10801 8.86322
      vertex -2.32972 -2.32318 9
      vertex -2.26082 -2.13357 8.8155
    endloop
  endfacet
  facet normal 0.522592 0.489381 0.698144
    outer loop
      vertex -2.47374 -2.16941 9
      vertex -2.34851 -2.10801 8.86322
      vertex -2.37734 -2.08487 8.86858
    endloop
  endfacet
  facet normal 0.52256 0.489426 0.698135
    outer loop
      vertex -2.34851 -2.10801 8.86322
      vertex -2.47374 -2.16941 9
      vertex -2.32972 -2.32318 9
    endloop
  endfacet
  facet normal -0.670252 0.25173 0.698136
    outer loop
      vertex 2.99422 -1.0164 8.86858
      vertex 3.114 -1.06195 9
      vertex 3.11563 -1.05761 9
    endloop
  endfacet
  facet normal -0.670076 0.252197 0.698137
    outer loop
      vertex 3.114 -1.06195 9
      vertex 2.99422 -1.0164 8.86858
      vertex 2.98503 -1.07614 8.88134
    endloop
  endfacet
  facet normal 0.697263 -0.162579 0.698135
    outer loop
      vertex -3.22597 0.646402 9
      vertex -2.88394 0.772749 8.68782
      vertex -3.17813 0.851577 9
    endloop
  endfacet
  facet normal 0.697273 -0.162697 0.698097
    outer loop
      vertex -2.88394 0.772749 8.68782
      vertex -3.22597 0.646402 9
      vertex -2.8341 0.742504 8.63099
    endloop
  endfacet
  facet normal 0.522342 0.489658 0.698136
    outer loop
      vertex -2.13883 -2.12636 8.71914
      vertex -2.32655 -2.32655 9
      vertex -2.11119 -2.11119 8.68782
    endloop
  endfacet
  facet normal 0.522539 0.48946 0.698127
    outer loop
      vertex -2.2455 -2.13804 8.80717
      vertex -2.32655 -2.32655 9
      vertex -2.13883 -2.12636 8.71914
    endloop
  endfacet
  facet normal 0.522443 0.489507 0.698167
    outer loop
      vertex -2.32972 -2.32318 9
      vertex -2.2455 -2.13804 8.80717
      vertex -2.26082 -2.13357 8.8155
    endloop
  endfacet
  facet normal 0.521275 0.490339 0.698455
    outer loop
      vertex -2.2455 -2.13804 8.80717
      vertex -2.32972 -2.32318 9
      vertex -2.32655 -2.32655 9
    endloop
  endfacet
  facet normal -0.252201 -0.670078 0.698134
    outer loop
      vertex 1.10978 2.67925 8.6
      vertex 1.25912 3.03979 9
      vertex 1.06195 3.114 9
    endloop
  endfacet
  facet normal 0.207901 0.685092 0.698159
    outer loop
      vertex -1.05319 -3.11698 9
      vertex -0.772748 -2.88394 8.68781
      vertex -0.774021 -2.82565 8.63099
    endloop
  endfacet
  facet normal 0.20781 0.685155 0.698124
    outer loop
      vertex -0.772748 -2.88394 8.68781
      vertex -1.05319 -3.11698 9
      vertex -0.851577 -3.17813 9
    endloop
  endfacet
  facet normal 0.706247 -0.117527 0.698142
    outer loop
      vertex -3.22778 0.637328 9
      vertex -2.84428 0.565762 8.6
      vertex -3.22702 0.641895 9
    endloop
  endfacet
  facet normal 0.706407 -0.116618 0.698133
    outer loop
      vertex -2.84428 0.565762 8.6
      vertex -3.22778 0.637328 9
      vertex -2.87519 0.378526 8.6
    endloop
  endfacet
  facet normal 0.162554 0.697283 0.698121
    outer loop
      vertex -0.851577 -3.17813 9
      vertex -0.689144 -3.05168 8.83588
      vertex -0.728846 -3.01368 8.80717
    endloop
  endfacet
  facet normal 0.162617 0.697253 0.698136
    outer loop
      vertex -0.851577 -3.17813 9
      vertex -0.728846 -3.01368 8.80717
      vertex -0.77206 -2.91546 8.71914
    endloop
  endfacet
  facet normal 0.162579 0.697266 0.698132
    outer loop
      vertex -0.689144 -3.05168 8.83588
      vertex -0.851577 -3.17813 9
      vertex -0.646402 -3.22597 9
    endloop
  endfacet
  facet normal 0.161923 0.697438 0.698112
    outer loop
      vertex -0.851577 -3.17813 9
      vertex -0.77206 -2.91546 8.71914
      vertex -0.772748 -2.88394 8.68781
    endloop
  endfacet
  facet normal -0.207851 0.685213 0.698055
    outer loop
      vertex 0.932174 -2.7461 8.6
      vertex 0.769451 -2.79546 8.6
      vertex 0.774402 -2.80819 8.61397
    endloop
  endfacet
  facet normal -0.209136 0.684726 0.69815
    outer loop
      vertex 0.932174 -2.7461 8.6
      vertex 1.05319 -3.11698 9
      vertex 1.05761 -3.11563 9
    endloop
  endfacet
  facet normal -0.2078 0.685111 0.698171
    outer loop
      vertex 0.774021 -2.82565 8.63099
      vertex 0.932174 -2.7461 8.6
      vertex 0.774402 -2.80819 8.61397
    endloop
  endfacet
  facet normal -0.207822 0.68514 0.698136
    outer loop
      vertex 0.932174 -2.7461 8.6
      vertex 0.774021 -2.82565 8.63099
      vertex 1.05319 -3.11698 9
    endloop
  endfacet
  facet normal -0.581963 -0.417043 0.698136
    outer loop
      vertex 2.73574 1.82796 9
      vertex 2.61302 1.99921 9
      vertex 2.41126 1.61115 8.6
    endloop
  endfacet
  facet normal -0.337398 -0.63146 0.698156
    outer loop
      vertex 1.45524 2.95093 9
      vertex 1.45577 2.78215 8.8476
      vertex 1.45932 2.94875 9
    endloop
  endfacet
  facet normal -0.337436 -0.63145 0.698145
    outer loop
      vertex 1.45524 2.95093 9
      vertex 1.37882 2.7771 8.80584
      vertex 1.45577 2.78215 8.8476
    endloop
  endfacet
  facet normal -0.337715 -0.631314 0.698133
    outer loop
      vertex 1.37882 2.7771 8.80584
      vertex 1.45524 2.95093 9
      vertex 1.36652 2.77104 8.79441
    endloop
  endfacet
  facet normal -0.521275 -0.490339 0.698455
    outer loop
      vertex 2.2455 2.13804 8.80717
      vertex 2.32972 2.32318 9
      vertex 2.32655 2.32655 9
    endloop
  endfacet
  facet normal -0.522443 -0.489507 0.698167
    outer loop
      vertex 2.32972 2.32318 9
      vertex 2.2455 2.13804 8.80717
      vertex 2.26082 2.13357 8.8155
    endloop
  endfacet
  facet normal -0.522539 -0.48946 0.698127
    outer loop
      vertex 2.32655 2.32655 9
      vertex 2.13883 2.12636 8.71914
      vertex 2.2455 2.13804 8.80717
    endloop
  endfacet
  facet normal -0.522342 -0.489658 0.698136
    outer loop
      vertex 2.13883 2.12636 8.71914
      vertex 2.32655 2.32655 9
      vertex 2.11119 2.11119 8.68782
    endloop
  endfacet
  facet normal 0.454193 0.55346 0.698134
    outer loop
      vertex -2.00655 -2.60739 9
      vertex -1.9121 -2.18034 8.6
      vertex -2.16941 -2.47374 9
    endloop
  endfacet
  facet normal 0.608004 -0.37807 0.698136
    outer loop
      vertex -2.41126 1.61115 8.6
      vertex -2.73574 1.82796 9
      vertex -2.84699 1.64905 9
    endloop
  endfacet
  facet normal 0.378776 -0.607588 0.698116
    outer loop
      vertex -1.64905 2.84699 9
      vertex -1.5875 2.74963 8.88187
      vertex -1.64512 2.84944 9
    endloop
  endfacet
  facet normal 0.378156 -0.607977 0.698113
    outer loop
      vertex -1.5875 2.74963 8.88187
      vertex -1.64905 2.84699 9
      vertex -1.63682 2.70638 8.87092
    endloop
  endfacet
  facet normal 0.712561 0.0696162 0.698148
    outer loop
      vertex -3.28275 -0.219798 9
      vertex -3.08305 -0.202073 8.79441
      vertex -3.2832 -0.215192 9
    endloop
  endfacet
  facet normal 0.712514 0.0701112 0.698146
    outer loop
      vertex -3.28275 -0.219798 9
      vertex -3.00524 -0.254066 8.72022
      vertex -3.08305 -0.202073 8.79441
    endloop
  endfacet
  facet normal 0.712515 0.0701599 0.698141
    outer loop
      vertex -2.87519 -0.378526 8.6
      vertex -3.00524 -0.254066 8.72022
      vertex -3.28275 -0.219798 9
    endloop
  endfacet
  facet normal 0.71254 0.0702174 0.698109
    outer loop
      vertex -3.00524 -0.254066 8.72022
      vertex -2.87519 -0.378526 8.6
      vertex -2.9 -0.275 8.61491
    endloop
  endfacet
  facet normal 0.712473 0.0701911 0.69818
    outer loop
      vertex -2.88567 -0.272149 8.6
      vertex -2.9 -0.275 8.61491
      vertex -2.87519 -0.378526 8.6
    endloop
  endfacet
  facet normal 0.697329 0.162624 0.698058
    outer loop
      vertex -2.84428 -0.565762 8.6
      vertex -2.81916 -0.733442 8.61397
      vertex -2.80566 -0.731364 8.6
    endloop
  endfacet
  facet normal 0.696998 0.162602 0.698394
    outer loop
      vertex -2.84428 -0.565762 8.6
      vertex -2.8341 -0.742504 8.63099
      vertex -2.81916 -0.733442 8.61397
    endloop
  endfacet
  facet normal 0.697271 0.162572 0.698128
    outer loop
      vertex -2.84428 -0.565762 8.6
      vertex -3.22597 -0.646402 9
      vertex -2.8341 -0.742504 8.63099
    endloop
  endfacet
  facet normal 0.697298 0.16245 0.69813
    outer loop
      vertex -3.22597 -0.646402 9
      vertex -2.84428 -0.565762 8.6
      vertex -3.22702 -0.641895 9
    endloop
  endfacet
  facet normal 0.11663 0.706394 0.698144
    outer loop
      vertex -0.429462 -3.2621 9
      vertex -0.551332 -3.12676 8.88342
      vertex -0.637328 -3.22778 9
    endloop
  endfacet
  facet normal 0.116638 0.706397 0.698139
    outer loop
      vertex -0.429462 -3.2621 9
      vertex -0.444058 -3.12442 8.86313
      vertex -0.551332 -3.12676 8.88342
    endloop
  endfacet
  facet normal 0.116574 0.706399 0.698148
    outer loop
      vertex -0.444058 -3.12442 8.86313
      vertex -0.429462 -3.2621 9
      vertex -0.409326 -3.10914 8.84187
    endloop
  endfacet
  facet normal 0.116752 0.706335 0.698183
    outer loop
      vertex -0.637328 -3.22778 9
      vertex -0.551332 -3.12676 8.88342
      vertex -0.560552 -3.12318 8.88134
    endloop
  endfacet
  facet normal 0.489396 -0.522485 0.698213
    outer loop
      vertex -1.9121 2.18034 8.6
      vertex -2.04476 2.07475 8.61397
      vertex -2.03621 2.06409 8.6
    endloop
  endfacet
  facet normal 0.489447 -0.522562 0.698119
    outer loop
      vertex -1.9121 2.18034 8.6
      vertex -2.11119 2.11119 8.68782
      vertex -2.04476 2.07475 8.61397
    endloop
  endfacet
  facet normal 0.489447 -0.52253 0.698143
    outer loop
      vertex -2.32318 2.32972 9
      vertex -2.11119 2.11119 8.68782
      vertex -1.9121 2.18034 8.6
    endloop
  endfacet
  facet normal 0.490539 -0.521488 0.698156
    outer loop
      vertex -2.11119 2.11119 8.68782
      vertex -2.32318 2.32972 9
      vertex -2.32655 2.32655 9
    endloop
  endfacet
  facet normal 0.631421 -0.337517 0.698133
    outer loop
      vertex -2.94875 1.45932 9
      vertex -2.60093 1.28264 8.6
      vertex -2.51147 1.45 8.6
    endloop
  endfacet
  facet normal 0.631478 -0.337407 0.698135
    outer loop
      vertex -2.60093 1.28264 8.6
      vertex -2.94875 1.45932 9
      vertex -2.95093 1.45524 9
    endloop
  endfacet
  facet normal -0.712517 -0.0701765 0.698136
    outer loop
      vertex 3.28275 0.219798 9
      vertex 3.2621 0.429462 9
      vertex 2.87519 0.378526 8.6
    endloop
  endfacet
  facet normal 0.378112 0.607991 0.698125
    outer loop
      vertex -1.66817 -2.67888 8.86395
      vertex -1.64905 -2.84699 9
      vertex -1.63682 -2.70638 8.87092
    endloop
  endfacet
  facet normal 0.378047 0.608026 0.698129
    outer loop
      vertex -1.82796 -2.73574 9
      vertex -1.66817 -2.67888 8.86395
      vertex -1.71563 -2.58265 8.80584
    endloop
  endfacet
  facet normal 0.378067 0.608 0.698142
    outer loop
      vertex -1.66817 -2.67888 8.86395
      vertex -1.82796 -2.73574 9
      vertex -1.64905 -2.84699 9
    endloop
  endfacet
  facet normal 0.378424 0.607772 0.698147
    outer loop
      vertex -1.82796 -2.73574 9
      vertex -1.71563 -2.58265 8.80584
      vertex -1.71653 -2.56896 8.79441
    endloop
  endfacet
  facet normal -0.715538 -0.023565 0.698176
    outer loop
      vertex 3.15407 0.105237 8.86395
      vertex 3.28335 0.210566 9
      vertex 3.13729 0.13034 8.8476
    endloop
  endfacet
  facet normal -0.715612 -0.0234492 0.698105
    outer loop
      vertex 3.29024 0 9
      vertex 3.15407 0.105237 8.86395
      vertex 3.175 0 8.88187
    endloop
  endfacet
  facet normal -0.715599 -0.0234154 0.698118
    outer loop
      vertex 3.15407 0.105237 8.86395
      vertex 3.29024 0 9
      vertex 3.28335 0.210566 9
    endloop
  endfacet
  facet normal -0.490539 0.521488 0.698156
    outer loop
      vertex 2.11119 -2.11119 8.68782
      vertex 2.32318 -2.32972 9
      vertex 2.32655 -2.32655 9
    endloop
  endfacet
  facet normal -0.489447 0.522562 0.698119
    outer loop
      vertex 1.9121 -2.18034 8.6
      vertex 2.11119 -2.11119 8.68782
      vertex 2.04476 -2.07475 8.61397
    endloop
  endfacet
  facet normal -0.489447 0.52253 0.698143
    outer loop
      vertex 2.11119 -2.11119 8.68782
      vertex 1.9121 -2.18034 8.6
      vertex 2.32318 -2.32972 9
    endloop
  endfacet
  facet normal -0.489396 0.522485 0.698213
    outer loop
      vertex 1.9121 -2.18034 8.6
      vertex 2.04476 -2.07475 8.61397
      vertex 2.03621 -2.06409 8.6
    endloop
  endfacet
  facet normal 0.706401 -0.116631 0.698136
    outer loop
      vertex -2.87519 0.378526 8.6
      vertex -3.22778 0.637328 9
      vertex -3.2621 0.429462 9
    endloop
  endfacet
  facet normal -0.706401 -0.116631 0.698136
    outer loop
      vertex 3.2621 0.429462 9
      vertex 3.22778 0.637328 9
      vertex 2.87519 0.378526 8.6
    endloop
  endfacet
  facet normal -0.251731 -0.670252 0.698136
    outer loop
      vertex 0.932174 2.7461 8.6
      vertex 1.06195 3.114 9
      vertex 1.05761 3.11563 9
    endloop
  endfacet
  facet normal -0.252213 -0.670076 0.698131
    outer loop
      vertex 1.06195 3.114 9
      vertex 0.932174 2.7461 8.6
      vertex 1.10978 2.67925 8.6
    endloop
  endfacet
  facet normal 0.0701754 0.712507 0.698147
    outer loop
      vertex -0.219798 -3.28275 9
      vertex -0.409326 -3.10914 8.84187
      vertex -0.429462 -3.2621 9
    endloop
  endfacet
  facet normal 0.0702087 0.712524 0.698127
    outer loop
      vertex -0.219798 -3.28275 9
      vertex -0.345846 -3.08121 8.80698
      vertex -0.409326 -3.10914 8.84187
    endloop
  endfacet
  facet normal 0.0702356 0.712531 0.698116
    outer loop
      vertex -0.345846 -3.08121 8.80698
      vertex -0.219798 -3.28275 9
      vertex -0.312042 -3.0459 8.76754
    endloop
  endfacet
  facet normal -0.295487 -0.652145 0.698137
    outer loop
      vertex 1.26334 3.03788 9
      vertex 1.36652 2.77104 8.79441
      vertex 1.45524 2.95093 9
    endloop
  endfacet
  facet normal -0.295506 -0.652145 0.698128
    outer loop
      vertex 1.36652 2.77104 8.79441
      vertex 1.26334 3.03788 9
      vertex 1.28259 2.72965 8.72022
    endloop
  endfacet
  facet normal -0.294492 -0.652322 0.698392
    outer loop
      vertex 1.28259 2.72965 8.72022
      vertex 1.26334 3.03788 9
      vertex 1.27722 2.72352 8.71223
    endloop
  endfacet
  facet normal -0.522443 0.489507 0.698167
    outer loop
      vertex 2.2455 -2.13804 8.80717
      vertex 2.32972 -2.32318 9
      vertex 2.26082 -2.13357 8.8155
    endloop
  endfacet
  facet normal -0.521275 0.490339 0.698455
    outer loop
      vertex 2.32972 -2.32318 9
      vertex 2.2455 -2.13804 8.80717
      vertex 2.32655 -2.32655 9
    endloop
  endfacet
  facet normal -0.522539 0.48946 0.698127
    outer loop
      vertex 2.13883 -2.12636 8.71914
      vertex 2.32655 -2.32655 9
      vertex 2.2455 -2.13804 8.80717
    endloop
  endfacet
  facet normal -0.522342 0.489658 0.698136
    outer loop
      vertex 2.32655 -2.32655 9
      vertex 2.13883 -2.12636 8.71914
      vertex 2.11119 -2.11119 8.68782
    endloop
  endfacet
  facet normal 0.023415 0.715589 0.698129
    outer loop
      vertex 0 -3.29024 9
      vertex 0 -2.9 8.6
      vertex -0.210566 -3.28335 9
    endloop
  endfacet
  facet normal 0.378156 0.607977 0.698113
    outer loop
      vertex -1.64905 -2.84699 9
      vertex -1.5875 -2.74963 8.88187
      vertex -1.63682 -2.70638 8.87092
    endloop
  endfacet
  facet normal 0.378776 0.607588 0.698116
    outer loop
      vertex -1.5875 -2.74963 8.88187
      vertex -1.64905 -2.84699 9
      vertex -1.64512 -2.84944 9
    endloop
  endfacet
  facet normal -0.697263 0.162579 0.698135
    outer loop
      vertex 3.22597 -0.646402 9
      vertex 2.88394 -0.772749 8.68782
      vertex 3.17813 -0.851577 9
    endloop
  endfacet
  facet normal -0.697273 0.162697 0.698097
    outer loop
      vertex 2.88394 -0.772749 8.68782
      vertex 3.22597 -0.646402 9
      vertex 2.8341 -0.742504 8.63099
    endloop
  endfacet
  facet normal -0.631426 0.337497 0.698138
    outer loop
      vertex 2.84944 -1.64512 9
      vertex 2.94875 -1.45932 9
      vertex 2.51147 -1.45 8.6
    endloop
  endfacet
  facet normal -0.252201 0.670078 0.698134
    outer loop
      vertex 1.25912 -3.03979 9
      vertex 1.10978 -2.67925 8.6
      vertex 1.06195 -3.114 9
    endloop
  endfacet
  facet normal 0.581914 0.416942 0.698238
    outer loop
      vertex -2.41126 -1.61115 8.6
      vertex -2.3983 -1.65342 8.61444
      vertex -2.38586 -1.6466 8.6
    endloop
  endfacet
  facet normal 0.582048 0.416945 0.698124
    outer loop
      vertex -2.41126 -1.61115 8.6
      vertex -2.46546 -1.7371 8.72041
      vertex -2.3983 -1.65342 8.61444
    endloop
  endfacet
  facet normal 0.581932 0.417085 0.698137
    outer loop
      vertex -2.61302 -1.99921 9
      vertex -2.49548 -1.84012 8.80698
      vertex -2.46546 -1.7371 8.72041
    endloop
  endfacet
  facet normal 0.582406 0.416664 0.697993
    outer loop
      vertex -2.61302 -1.99921 9
      vertex -2.46546 -1.7371 8.72041
      vertex -2.41126 -1.61115 8.6
    endloop
  endfacet
  facet normal 0.582369 0.416642 0.698037
    outer loop
      vertex -2.49548 -1.84012 8.80698
      vertex -2.61302 -1.99921 9
      vertex -2.61033 -2.00297 9
    endloop
  endfacet
  facet normal 0.581952 0.417055 0.698138
    outer loop
      vertex -2.48793 -1.90906 8.84187
      vertex -2.49548 -1.84012 8.80698
      vertex -2.61033 -2.00297 9
    endloop
  endfacet
  facet normal 0.608001 -0.378081 0.698133
    outer loop
      vertex -2.84699 1.64905 9
      vertex -2.51147 1.45 8.6
      vertex -2.41126 1.61115 8.6
    endloop
  endfacet
  facet normal 0.60758 -0.378772 0.698125
    outer loop
      vertex -2.51147 1.45 8.6
      vertex -2.84699 1.64905 9
      vertex -2.84944 1.64512 9
    endloop
  endfacet
  facet normal 0.670098 0.252148 0.698134
    outer loop
      vertex -2.92786 -1.17765 8.86314
      vertex -3.03979 -1.25912 9
      vertex -2.89726 -1.20008 8.84187
    endloop
  endfacet
  facet normal 0.670066 0.252208 0.698143
    outer loop
      vertex -2.98352 -1.08591 8.88342
      vertex -3.03979 -1.25912 9
      vertex -2.92786 -1.17765 8.86314
    endloop
  endfacet
  facet normal 0.670076 0.252195 0.698138
    outer loop
      vertex -3.114 -1.06195 9
      vertex -2.98352 -1.08591 8.88342
      vertex -2.98503 -1.07614 8.88134
    endloop
  endfacet
  facet normal 0.670075 0.2522 0.698136
    outer loop
      vertex -2.98352 -1.08591 8.88342
      vertex -3.114 -1.06195 9
      vertex -3.03979 -1.25912 9
    endloop
  endfacet
  facet normal 0.581963 0.417043 0.698136
    outer loop
      vertex -2.61302 -1.99921 9
      vertex -2.41126 -1.61115 8.6
      vertex -2.73574 -1.82796 9
    endloop
  endfacet
  facet normal 0.715612 0.0234492 0.698105
    outer loop
      vertex -3.29024 0 9
      vertex -3.15407 -0.105237 8.86395
      vertex -3.175 0 8.88187
    endloop
  endfacet
  facet normal 0.715599 0.0234154 0.698118
    outer loop
      vertex -3.28335 -0.210566 9
      vertex -3.15407 -0.105237 8.86395
      vertex -3.29024 0 9
    endloop
  endfacet
  facet normal 0.715538 0.023565 0.698176
    outer loop
      vertex -3.15407 -0.105237 8.86395
      vertex -3.28335 -0.210566 9
      vertex -3.13729 -0.13034 8.8476
    endloop
  endfacet
  facet normal -0.652148 -0.295489 0.698133
    outer loop
      vertex 3.03788 1.26334 9
      vertex 2.95093 1.45524 9
      vertex 2.60093 1.28264 8.6
    endloop
  endfacet
  facet normal -0.337461 0.631455 0.698129
    outer loop
      vertex 1.48589 -2.78412 8.86395
      vertex 1.64512 -2.84944 9
      vertex 1.5875 -2.74963 8.88187
    endloop
  endfacet
  facet normal -0.337492 0.631417 0.698148
    outer loop
      vertex 1.48589 -2.78412 8.86395
      vertex 1.45932 -2.94875 9
      vertex 1.64512 -2.84944 9
    endloop
  endfacet
  facet normal -0.337648 0.631396 0.698092
    outer loop
      vertex 1.45932 -2.94875 9
      vertex 1.48589 -2.78412 8.86395
      vertex 1.45577 -2.78215 8.8476
    endloop
  endfacet
  facet normal -0.685148 0.207808 0.698132
    outer loop
      vertex 3.17813 -0.851577 9
      vertex 2.98741 -0.929024 8.83588
      vertex 3.11698 -1.05319 9
    endloop
  endfacet
  facet normal -0.685141 0.207723 0.698164
    outer loop
      vertex 3.17813 -0.851577 9
      vertex 2.97434 -0.875638 8.80717
      vertex 2.98741 -0.929024 8.83588
    endloop
  endfacet
  facet normal -0.685125 0.207916 0.698122
    outer loop
      vertex 3.17813 -0.851577 9
      vertex 2.9109 -0.789106 8.71914
      vertex 2.97434 -0.875638 8.80717
    endloop
  endfacet
  facet normal -0.685301 0.20726 0.698144
    outer loop
      vertex 2.9109 -0.789106 8.71914
      vertex 3.17813 -0.851577 9
      vertex 2.88394 -0.772749 8.68782
    endloop
  endfacet
  facet normal -0.378156 0.607977 0.698113
    outer loop
      vertex 1.5875 -2.74963 8.88187
      vertex 1.64905 -2.84699 9
      vertex 1.63682 -2.70638 8.87092
    endloop
  endfacet
  facet normal -0.378776 0.607588 0.698116
    outer loop
      vertex 1.64905 -2.84699 9
      vertex 1.5875 -2.74963 8.88187
      vertex 1.64512 -2.84944 9
    endloop
  endfacet
  facet normal -0.652148 0.295489 0.698133
    outer loop
      vertex 2.95093 -1.45524 9
      vertex 3.03788 -1.26334 9
      vertex 2.60093 -1.28264 8.6
    endloop
  endfacet
  facet normal -0.608004 0.37807 0.698136
    outer loop
      vertex 2.73574 -1.82796 9
      vertex 2.84699 -1.64905 9
      vertex 2.41126 -1.61115 8.6
    endloop
  endfacet
  facet normal 0.712517 -0.0701765 0.698136
    outer loop
      vertex -2.87519 0.378526 8.6
      vertex -3.2621 0.429462 9
      vertex -3.28275 0.219798 9
    endloop
  endfacet
  facet normal 0.697329 -0.162624 0.698058
    outer loop
      vertex -2.81916 0.733442 8.61397
      vertex -2.84428 0.565762 8.6
      vertex -2.80566 0.731364 8.6
    endloop
  endfacet
  facet normal 0.696998 -0.162602 0.698394
    outer loop
      vertex -2.8341 0.742504 8.63099
      vertex -2.84428 0.565762 8.6
      vertex -2.81916 0.733442 8.61397
    endloop
  endfacet
  facet normal 0.697271 -0.162572 0.698128
    outer loop
      vertex -3.22597 0.646402 9
      vertex -2.84428 0.565762 8.6
      vertex -2.8341 0.742504 8.63099
    endloop
  endfacet
  facet normal 0.697298 -0.16245 0.69813
    outer loop
      vertex -2.84428 0.565762 8.6
      vertex -3.22597 0.646402 9
      vertex -3.22702 0.641895 9
    endloop
  endfacet
  facet normal -0.706247 -0.117527 0.698142
    outer loop
      vertex 2.84428 0.565762 8.6
      vertex 3.22778 0.637328 9
      vertex 3.22702 0.641895 9
    endloop
  endfacet
  facet normal -0.706407 -0.116618 0.698133
    outer loop
      vertex 3.22778 0.637328 9
      vertex 2.84428 0.565762 8.6
      vertex 2.87519 0.378526 8.6
    endloop
  endfacet
  facet normal 0.553424 0.454222 0.698143
    outer loop
      vertex -2.43219 -2.04085 8.88342
      vertex -2.47374 -2.16941 9
      vertex -2.37734 -2.08487 8.86858
    endloop
  endfacet
  facet normal 0.553457 0.454237 0.698108
    outer loop
      vertex -2.60739 -2.00655 9
      vertex -2.43219 -2.04085 8.88342
      vertex -2.46793 -1.97571 8.86937
    endloop
  endfacet
  facet normal 0.553463 0.454196 0.698129
    outer loop
      vertex -2.43219 -2.04085 8.88342
      vertex -2.60739 -2.00655 9
      vertex -2.47374 -2.16941 9
    endloop
  endfacet
  facet normal -0.295187 0.652193 0.698218
    outer loop
      vertex 1.27722 -2.72352 8.71223
      vertex 1.25912 -3.03979 9
      vertex 1.26334 -3.03788 9
    endloop
  endfacet
  facet normal -0.295535 0.65211 0.698149
    outer loop
      vertex 1.10978 -2.67925 8.6
      vertex 1.27722 -2.72352 8.71223
      vertex 1.21184 -2.64897 8.61492
    endloop
  endfacet
  facet normal -0.295546 0.652184 0.698075
    outer loop
      vertex 1.10978 -2.67925 8.6
      vertex 1.21184 -2.64897 8.61492
      vertex 1.20714 -2.63513 8.6
    endloop
  endfacet
  facet normal -0.295518 0.652135 0.698133
    outer loop
      vertex 1.27722 -2.72352 8.71223
      vertex 1.10978 -2.67925 8.6
      vertex 1.25912 -3.03979 9
    endloop
  endfacet
  facet normal 0.685148 -0.207808 0.698132
    outer loop
      vertex -3.17813 0.851577 9
      vertex -2.98741 0.929024 8.83588
      vertex -3.11698 1.05319 9
    endloop
  endfacet
  facet normal 0.685141 -0.207723 0.698164
    outer loop
      vertex -2.98741 0.929024 8.83588
      vertex -3.17813 0.851577 9
      vertex -2.97434 0.875638 8.80717
    endloop
  endfacet
  facet normal 0.685301 -0.20726 0.698144
    outer loop
      vertex -2.9109 0.789106 8.71914
      vertex -3.17813 0.851577 9
      vertex -2.88394 0.772749 8.68782
    endloop
  endfacet
  facet normal 0.685125 -0.207916 0.698122
    outer loop
      vertex -2.97434 0.875638 8.80717
      vertex -3.17813 0.851577 9
      vertex -2.9109 0.789106 8.71914
    endloop
  endfacet
  facet normal 0.489427 0.522561 0.698134
    outer loop
      vertex -2.16941 -2.47374 9
      vertex -1.9121 -2.18034 8.6
      vertex -2.32318 -2.32972 9
    endloop
  endfacet
  facet normal -0.697263 -0.162579 0.698135
    outer loop
      vertex 2.88394 0.772749 8.68782
      vertex 3.22597 0.646402 9
      vertex 3.17813 0.851577 9
    endloop
  endfacet
  facet normal -0.697273 -0.162697 0.698097
    outer loop
      vertex 3.22597 0.646402 9
      vertex 2.88394 0.772749 8.68782
      vertex 2.8341 0.742504 8.63099
    endloop
  endfacet
  facet normal 0.670098 -0.252148 0.698134
    outer loop
      vertex -3.03979 1.25912 9
      vertex -2.92786 1.17765 8.86314
      vertex -2.89726 1.20008 8.84187
    endloop
  endfacet
  facet normal 0.670066 -0.252208 0.698143
    outer loop
      vertex -3.03979 1.25912 9
      vertex -2.98352 1.08591 8.88342
      vertex -2.92786 1.17765 8.86314
    endloop
  endfacet
  facet normal 0.670075 -0.2522 0.698136
    outer loop
      vertex -3.114 1.06195 9
      vertex -2.98352 1.08591 8.88342
      vertex -3.03979 1.25912 9
    endloop
  endfacet
  facet normal 0.670076 -0.252195 0.698138
    outer loop
      vertex -2.98352 1.08591 8.88342
      vertex -3.114 1.06195 9
      vertex -2.98503 1.07614 8.88134
    endloop
  endfacet
  facet normal -0.11663 0.706394 0.698144
    outer loop
      vertex 0.637328 -3.22778 9
      vertex 0.551332 -3.12676 8.88342
      vertex 0.429462 -3.2621 9
    endloop
  endfacet
  facet normal -0.116752 0.706335 0.698183
    outer loop
      vertex 0.551332 -3.12676 8.88342
      vertex 0.637328 -3.22778 9
      vertex 0.560552 -3.12318 8.88134
    endloop
  endfacet
  facet normal -0.116638 0.706397 0.698139
    outer loop
      vertex 0.444058 -3.12442 8.86313
      vertex 0.429462 -3.2621 9
      vertex 0.551332 -3.12676 8.88342
    endloop
  endfacet
  facet normal -0.116574 0.706399 0.698148
    outer loop
      vertex 0.429462 -3.2621 9
      vertex 0.444058 -3.12442 8.86313
      vertex 0.409326 -3.10914 8.84187
    endloop
  endfacet
  facet normal -0.631426 -0.337497 0.698138
    outer loop
      vertex 2.94875 1.45932 9
      vertex 2.84944 1.64512 9
      vertex 2.51147 1.45 8.6
    endloop
  endfacet
  facet normal -0.670076 0.252195 0.698138
    outer loop
      vertex 2.98352 -1.08591 8.88342
      vertex 3.114 -1.06195 9
      vertex 2.98503 -1.07614 8.88134
    endloop
  endfacet
  facet normal -0.670075 0.2522 0.698136
    outer loop
      vertex 3.114 -1.06195 9
      vertex 2.98352 -1.08591 8.88342
      vertex 3.03979 -1.25912 9
    endloop
  endfacet
  facet normal -0.670066 0.252208 0.698143
    outer loop
      vertex 2.92786 -1.17765 8.86314
      vertex 3.03979 -1.25912 9
      vertex 2.98352 -1.08591 8.88342
    endloop
  endfacet
  facet normal -0.670098 0.252148 0.698134
    outer loop
      vertex 3.03979 -1.25912 9
      vertex 2.92786 -1.17765 8.86314
      vertex 2.89726 -1.20008 8.84187
    endloop
  endfacet
  facet normal -0.60758 -0.378772 0.698125
    outer loop
      vertex 2.84699 1.64905 9
      vertex 2.51147 1.45 8.6
      vertex 2.84944 1.64512 9
    endloop
  endfacet
  facet normal -0.608001 -0.378081 0.698133
    outer loop
      vertex 2.51147 1.45 8.6
      vertex 2.84699 1.64905 9
      vertex 2.41126 1.61115 8.6
    endloop
  endfacet
  facet normal 0.581963 -0.417043 0.698136
    outer loop
      vertex -2.41126 1.61115 8.6
      vertex -2.61302 1.99921 9
      vertex -2.73574 1.82796 9
    endloop
  endfacet
  facet normal 0.685163 0.207784 0.698125
    outer loop
      vertex -3.11698 -1.05319 9
      vertex -2.99985 -0.979862 8.86322
      vertex -2.98741 -0.929024 8.83588
    endloop
  endfacet
  facet normal 0.68457 0.209088 0.698316
    outer loop
      vertex -2.99985 -0.979862 8.86322
      vertex -3.11698 -1.05319 9
      vertex -3.11563 -1.05761 9
    endloop
  endfacet
  facet normal 0.685097 0.207977 0.698131
    outer loop
      vertex -2.99422 -1.0164 8.86858
      vertex -2.99985 -0.979862 8.86322
      vertex -3.11563 -1.05761 9
    endloop
  endfacet
  facet normal -0.553457 0.454237 0.698108
    outer loop
      vertex 2.43219 -2.04085 8.88342
      vertex 2.60739 -2.00655 9
      vertex 2.46793 -1.97571 8.86937
    endloop
  endfacet
  facet normal -0.553463 0.454196 0.698129
    outer loop
      vertex 2.60739 -2.00655 9
      vertex 2.43219 -2.04085 8.88342
      vertex 2.47374 -2.16941 9
    endloop
  endfacet
  facet normal -0.553424 0.454222 0.698143
    outer loop
      vertex 2.47374 -2.16941 9
      vertex 2.43219 -2.04085 8.88342
      vertex 2.37734 -2.08487 8.86858
    endloop
  endfacet
  facet normal 0.16245 0.697296 0.698132
    outer loop
      vertex -0.616881 -3.10127 8.86858
      vertex -0.646402 -3.22597 9
      vertex -0.641895 -3.22702 9
    endloop
  endfacet
  facet normal 0.162567 0.697269 0.698132
    outer loop
      vertex -0.651337 -3.08787 8.86322
      vertex -0.646402 -3.22597 9
      vertex -0.616881 -3.10127 8.86858
    endloop
  endfacet
  facet normal 0.162595 0.697266 0.698128
    outer loop
      vertex -0.646402 -3.22597 9
      vertex -0.651337 -3.08787 8.86322
      vertex -0.689144 -3.05168 8.83588
    endloop
  endfacet
  facet normal 0.0234292 0.715585 0.698132
    outer loop
      vertex -0.189669 -2.89379 8.6
      vertex -0.210566 -3.28335 9
      vertex 0 -2.9 8.6
    endloop
  endfacet
  facet normal 0.0232035 0.715595 0.69813
    outer loop
      vertex -0.210566 -3.28335 9
      vertex -0.189669 -2.89379 8.6
      vertex -0.215192 -3.2832 9
    endloop
  endfacet
  facet normal -0.712473 -0.0701911 0.69818
    outer loop
      vertex 2.87519 0.378526 8.6
      vertex 2.88567 0.272149 8.6
      vertex 2.9 0.275 8.61491
    endloop
  endfacet
  facet normal -0.71254 -0.0702174 0.698109
    outer loop
      vertex 3.00524 0.254066 8.72022
      vertex 2.87519 0.378526 8.6
      vertex 2.9 0.275 8.61491
    endloop
  endfacet
  facet normal -0.712515 -0.0701599 0.698141
    outer loop
      vertex 3.00524 0.254066 8.72022
      vertex 3.28275 0.219798 9
      vertex 2.87519 0.378526 8.6
    endloop
  endfacet
  facet normal -0.712514 -0.0701112 0.698146
    outer loop
      vertex 3.08305 0.202073 8.79441
      vertex 3.28275 0.219798 9
      vertex 3.00524 0.254066 8.72022
    endloop
  endfacet
  facet normal -0.712561 -0.0696162 0.698148
    outer loop
      vertex 3.28275 0.219798 9
      vertex 3.08305 0.202073 8.79441
      vertex 3.2832 0.215192 9
    endloop
  endfacet
  facet normal -0.706407 0.116618 0.698133
    outer loop
      vertex 2.84428 -0.565762 8.6
      vertex 3.22778 -0.637328 9
      vertex 2.87519 -0.378526 8.6
    endloop
  endfacet
  facet normal -0.706247 0.117527 0.698142
    outer loop
      vertex 3.22778 -0.637328 9
      vertex 2.84428 -0.565762 8.6
      vertex 3.22702 -0.641895 9
    endloop
  endfacet
  facet normal -0.697298 0.16245 0.69813
    outer loop
      vertex 2.84428 -0.565762 8.6
      vertex 3.22597 -0.646402 9
      vertex 3.22702 -0.641895 9
    endloop
  endfacet
  facet normal -0.697271 0.162572 0.698128
    outer loop
      vertex 2.84428 -0.565762 8.6
      vertex 2.8341 -0.742504 8.63099
      vertex 3.22597 -0.646402 9
    endloop
  endfacet
  facet normal -0.696998 0.162602 0.698394
    outer loop
      vertex 2.84428 -0.565762 8.6
      vertex 2.81916 -0.733442 8.61397
      vertex 2.8341 -0.742504 8.63099
    endloop
  endfacet
  facet normal -0.697329 0.162624 0.698058
    outer loop
      vertex 2.81916 -0.733442 8.61397
      vertex 2.84428 -0.565762 8.6
      vertex 2.80566 -0.731364 8.6
    endloop
  endfacet
  facet normal 0.670076 -0.252197 0.698137
    outer loop
      vertex -3.114 1.06195 9
      vertex -2.99422 1.0164 8.86858
      vertex -2.98503 1.07614 8.88134
    endloop
  endfacet
  facet normal 0.670252 -0.25173 0.698136
    outer loop
      vertex -2.99422 1.0164 8.86858
      vertex -3.114 1.06195 9
      vertex -3.11563 1.05761 9
    endloop
  endfacet
  facet normal 0.207851 0.685213 0.698055
    outer loop
      vertex -0.769451 -2.79546 8.6
      vertex -0.932174 -2.7461 8.6
      vertex -0.774402 -2.80819 8.61397
    endloop
  endfacet
  facet normal 0.2078 0.685111 0.698171
    outer loop
      vertex -0.932174 -2.7461 8.6
      vertex -0.774021 -2.82565 8.63099
      vertex -0.774402 -2.80819 8.61397
    endloop
  endfacet
  facet normal 0.207822 0.68514 0.698136
    outer loop
      vertex -0.932174 -2.7461 8.6
      vertex -1.05319 -3.11698 9
      vertex -0.774021 -2.82565 8.63099
    endloop
  endfacet
  facet normal 0.209136 0.684726 0.69815
    outer loop
      vertex -1.05319 -3.11698 9
      vertex -0.932174 -2.7461 8.6
      vertex -1.05761 -3.11563 9
    endloop
  endfacet
  facet normal -0.023415 0.715589 0.698129
    outer loop
      vertex 0 -3.29024 9
      vertex 0.210566 -3.28335 9
      vertex 0 -2.9 8.6
    endloop
  endfacet
  facet normal 0.417041 -0.581961 0.698139
    outer loop
      vertex -1.99921 2.61302 9
      vertex -1.71653 2.56896 8.79441
      vertex -1.82796 2.73574 9
    endloop
  endfacet
  facet normal 0.417027 -0.581988 0.698125
    outer loop
      vertex -1.71653 2.56896 8.79441
      vertex -1.99921 2.61302 9
      vertex -1.72265 2.47558 8.72022
    endloop
  endfacet
  facet normal 0.417202 -0.581778 0.698195
    outer loop
      vertex -1.72265 2.47558 8.72022
      vertex -1.99921 2.61302 9
      vertex -1.72003 2.46787 8.71223
    endloop
  endfacet
  facet normal -0.631478 -0.337407 0.698135
    outer loop
      vertex 2.94875 1.45932 9
      vertex 2.60093 1.28264 8.6
      vertex 2.95093 1.45524 9
    endloop
  endfacet
  facet normal -0.631421 -0.337517 0.698133
    outer loop
      vertex 2.60093 1.28264 8.6
      vertex 2.94875 1.45932 9
      vertex 2.51147 1.45 8.6
    endloop
  endfacet
  facet normal 0.0696043 0.712439 0.698273
    outer loop
      vertex -0.215192 -3.2832 9
      vertex -0.312042 -3.0459 8.76754
      vertex -0.219798 -3.28275 9
    endloop
  endfacet
  facet normal 0.0700437 0.712507 0.69816
    outer loop
      vertex -0.215192 -3.2832 9
      vertex -0.271646 -3.0037 8.72042
      vertex -0.312042 -3.0459 8.76754
    endloop
  endfacet
  facet normal 0.0702211 0.712516 0.698133
    outer loop
      vertex -0.189669 -2.89379 8.6
      vertex -0.271646 -3.0037 8.72042
      vertex -0.215192 -3.2832 9
    endloop
  endfacet
  facet normal 0.0700547 0.712583 0.698081
    outer loop
      vertex -0.271646 -3.0037 8.72042
      vertex -0.189669 -2.89379 8.6
      vertex -0.232758 -2.9037 8.61444
    endloop
  endfacet
  facet normal 0.0701036 0.712495 0.698166
    outer loop
      vertex -0.232758 -2.9037 8.61444
      vertex -0.189669 -2.89379 8.6
      vertex -0.233067 -2.88952 8.6
    endloop
  endfacet
  facet normal -0.670075 -0.2522 0.698136
    outer loop
      vertex 2.98352 1.08591 8.88342
      vertex 3.114 1.06195 9
      vertex 3.03979 1.25912 9
    endloop
  endfacet
  facet normal -0.670076 -0.252195 0.698138
    outer loop
      vertex 3.114 1.06195 9
      vertex 2.98352 1.08591 8.88342
      vertex 2.98503 1.07614 8.88134
    endloop
  endfacet
  facet normal -0.670066 -0.252208 0.698143
    outer loop
      vertex 3.03979 1.25912 9
      vertex 2.92786 1.17765 8.86314
      vertex 2.98352 1.08591 8.88342
    endloop
  endfacet
  facet normal -0.670098 -0.252148 0.698134
    outer loop
      vertex 2.92786 1.17765 8.86314
      vertex 3.03979 1.25912 9
      vertex 2.89726 1.20008 8.84187
    endloop
  endfacet
  facet normal 0.631426 0.337497 0.698138
    outer loop
      vertex -2.84944 -1.64512 9
      vertex -2.51147 -1.45 8.6
      vertex -2.94875 -1.45932 9
    endloop
  endfacet
  facet normal -0.337461 -0.631455 0.698129
    outer loop
      vertex 1.64512 2.84944 9
      vertex 1.48589 2.78412 8.86395
      vertex 1.5875 2.74963 8.88187
    endloop
  endfacet
  facet normal -0.337492 -0.631417 0.698148
    outer loop
      vertex 1.45932 2.94875 9
      vertex 1.48589 2.78412 8.86395
      vertex 1.64512 2.84944 9
    endloop
  endfacet
  facet normal -0.337648 -0.631396 0.698092
    outer loop
      vertex 1.48589 2.78412 8.86395
      vertex 1.45932 2.94875 9
      vertex 1.45577 2.78215 8.8476
    endloop
  endfacet
  facet normal 0.697273 0.162697 0.698097
    outer loop
      vertex -3.22597 -0.646402 9
      vertex -2.88394 -0.772749 8.68782
      vertex -2.8341 -0.742504 8.63099
    endloop
  endfacet
  facet normal 0.697263 0.162579 0.698135
    outer loop
      vertex -2.88394 -0.772749 8.68782
      vertex -3.22597 -0.646402 9
      vertex -3.17813 -0.851577 9
    endloop
  endfacet
  facet normal 0.670076 0.252197 0.698137
    outer loop
      vertex -2.99422 -1.0164 8.86858
      vertex -3.114 -1.06195 9
      vertex -2.98503 -1.07614 8.88134
    endloop
  endfacet
  facet normal 0.670252 0.25173 0.698136
    outer loop
      vertex -3.114 -1.06195 9
      vertex -2.99422 -1.0164 8.86858
      vertex -3.11563 -1.05761 9
    endloop
  endfacet
  facet normal 0.489396 0.522485 0.698213
    outer loop
      vertex -2.04476 -2.07475 8.61397
      vertex -1.9121 -2.18034 8.6
      vertex -2.03621 -2.06409 8.6
    endloop
  endfacet
  facet normal 0.489447 0.522562 0.698119
    outer loop
      vertex -2.11119 -2.11119 8.68782
      vertex -1.9121 -2.18034 8.6
      vertex -2.04476 -2.07475 8.61397
    endloop
  endfacet
  facet normal 0.489447 0.52253 0.698143
    outer loop
      vertex -2.11119 -2.11119 8.68782
      vertex -2.32318 -2.32972 9
      vertex -1.9121 -2.18034 8.6
    endloop
  endfacet
  facet normal 0.490539 0.521488 0.698156
    outer loop
      vertex -2.32318 -2.32972 9
      vertex -2.11119 -2.11119 8.68782
      vertex -2.32655 -2.32655 9
    endloop
  endfacet
  facet normal 0.631426 -0.337497 0.698138
    outer loop
      vertex -2.51147 1.45 8.6
      vertex -2.84944 1.64512 9
      vertex -2.94875 1.45932 9
    endloop
  endfacet
  facet normal 0.294492 -0.652322 0.698392
    outer loop
      vertex -1.26334 3.03788 9
      vertex -1.28259 2.72965 8.72022
      vertex -1.27722 2.72352 8.71223
    endloop
  endfacet
  facet normal 0.295506 -0.652145 0.698128
    outer loop
      vertex -1.26334 3.03788 9
      vertex -1.36652 2.77104 8.79441
      vertex -1.28259 2.72965 8.72022
    endloop
  endfacet
  facet normal 0.295487 -0.652145 0.698137
    outer loop
      vertex -1.36652 2.77104 8.79441
      vertex -1.26334 3.03788 9
      vertex -1.45524 2.95093 9
    endloop
  endfacet
  facet normal 0.252201 0.670078 0.698134
    outer loop
      vertex -1.06195 -3.114 9
      vertex -1.10978 -2.67925 8.6
      vertex -1.25912 -3.03979 9
    endloop
  endfacet
  facet normal 0.417202 0.581778 0.698195
    outer loop
      vertex -1.99921 -2.61302 9
      vertex -1.72265 -2.47558 8.72022
      vertex -1.72003 -2.46787 8.71223
    endloop
  endfacet
  facet normal 0.417045 0.581967 0.698132
    outer loop
      vertex -1.72265 -2.47558 8.72022
      vertex -1.99921 -2.61302 9
      vertex -1.82796 -2.73574 9
    endloop
  endfacet
  facet normal 0.416988 0.581998 0.69814
    outer loop
      vertex -1.71653 -2.56896 8.79441
      vertex -1.72265 -2.47558 8.72022
      vertex -1.82796 -2.73574 9
    endloop
  endfacet
  facet normal 0.706407 0.116618 0.698133
    outer loop
      vertex -3.22778 -0.637328 9
      vertex -2.84428 -0.565762 8.6
      vertex -2.87519 -0.378526 8.6
    endloop
  endfacet
  facet normal 0.706247 0.117527 0.698142
    outer loop
      vertex -2.84428 -0.565762 8.6
      vertex -3.22778 -0.637328 9
      vertex -3.22702 -0.641895 9
    endloop
  endfacet
  facet normal -0.0701754 0.712507 0.698147
    outer loop
      vertex 0.409326 -3.10914 8.84187
      vertex 0.219798 -3.28275 9
      vertex 0.429462 -3.2621 9
    endloop
  endfacet
  facet normal -0.0702087 0.712524 0.698127
    outer loop
      vertex 0.345846 -3.08121 8.80698
      vertex 0.219798 -3.28275 9
      vertex 0.409326 -3.10914 8.84187
    endloop
  endfacet
  facet normal -0.0702356 0.712531 0.698116
    outer loop
      vertex 0.219798 -3.28275 9
      vertex 0.345846 -3.08121 8.80698
      vertex 0.312042 -3.0459 8.76754
    endloop
  endfacet
  facet normal -0.207901 0.685092 0.698159
    outer loop
      vertex 0.772748 -2.88394 8.68781
      vertex 1.05319 -3.11698 9
      vertex 0.774021 -2.82565 8.63099
    endloop
  endfacet
  facet normal -0.20781 0.685155 0.698124
    outer loop
      vertex 1.05319 -3.11698 9
      vertex 0.772748 -2.88394 8.68781
      vertex 0.851577 -3.17813 9
    endloop
  endfacet
  facet normal -0.20781 -0.685155 0.698124
    outer loop
      vertex 0.772748 2.88394 8.68781
      vertex 1.05319 3.11698 9
      vertex 0.851577 3.17813 9
    endloop
  endfacet
  facet normal -0.207901 -0.685092 0.698159
    outer loop
      vertex 1.05319 3.11698 9
      vertex 0.772748 2.88394 8.68781
      vertex 0.774021 2.82565 8.63099
    endloop
  endfacet
  facet normal -0.685075 0.207977 0.698153
    outer loop
      vertex 2.99422 -1.0164 8.86858
      vertex 3.11698 -1.05319 9
      vertex 2.99985 -0.979862 8.86322
    endloop
  endfacet
  facet normal -0.685163 0.207784 0.698125
    outer loop
      vertex 2.99985 -0.979862 8.86322
      vertex 3.11698 -1.05319 9
      vertex 2.98741 -0.929024 8.83588
    endloop
  endfacet
  facet normal -0.684725 0.209135 0.69815
    outer loop
      vertex 3.11698 -1.05319 9
      vertex 2.99422 -1.0164 8.86858
      vertex 3.11563 -1.05761 9
    endloop
  endfacet
  facet normal -0.378776 -0.607588 0.698116
    outer loop
      vertex 1.5875 2.74963 8.88187
      vertex 1.64905 2.84699 9
      vertex 1.64512 2.84944 9
    endloop
  endfacet
  facet normal -0.378156 -0.607977 0.698113
    outer loop
      vertex 1.64905 2.84699 9
      vertex 1.5875 2.74963 8.88187
      vertex 1.63682 2.70638 8.87092
    endloop
  endfacet
  facet normal 0.023415 -0.715589 0.698129
    outer loop
      vertex 0 2.9 8.6
      vertex 0 3.29024 9
      vertex -0.210566 3.28335 9
    endloop
  endfacet
  facet normal -0.11663 -0.706394 0.698144
    outer loop
      vertex 0.429462 3.2621 9
      vertex 0.551332 3.12676 8.88342
      vertex 0.637328 3.22778 9
    endloop
  endfacet
  facet normal -0.116638 -0.706397 0.698139
    outer loop
      vertex 0.429462 3.2621 9
      vertex 0.444058 3.12442 8.86313
      vertex 0.551332 3.12676 8.88342
    endloop
  endfacet
  facet normal -0.116574 -0.706399 0.698148
    outer loop
      vertex 0.444058 3.12442 8.86313
      vertex 0.429462 3.2621 9
      vertex 0.409326 3.10914 8.84187
    endloop
  endfacet
  facet normal -0.116752 -0.706335 0.698183
    outer loop
      vertex 0.637328 3.22778 9
      vertex 0.551332 3.12676 8.88342
      vertex 0.560552 3.12318 8.88134
    endloop
  endfacet
  facet normal 0.454193 -0.55346 0.698134
    outer loop
      vertex -1.9121 2.18034 8.6
      vertex -2.00655 2.60739 9
      vertex -2.16941 2.47374 9
    endloop
  endfacet
  facet normal 0.252201 -0.670078 0.698134
    outer loop
      vertex -1.10978 2.67925 8.6
      vertex -1.06195 3.114 9
      vertex -1.25912 3.03979 9
    endloop
  endfacet
  facet normal 0.295546 0.652184 0.698075
    outer loop
      vertex -1.21184 -2.64897 8.61492
      vertex -1.10978 -2.67925 8.6
      vertex -1.20714 -2.63513 8.6
    endloop
  endfacet
  facet normal 0.295535 0.65211 0.698149
    outer loop
      vertex -1.27722 -2.72352 8.71223
      vertex -1.10978 -2.67925 8.6
      vertex -1.21184 -2.64897 8.61492
    endloop
  endfacet
  facet normal 0.295518 0.652135 0.698133
    outer loop
      vertex -1.10978 -2.67925 8.6
      vertex -1.27722 -2.72352 8.71223
      vertex -1.25912 -3.03979 9
    endloop
  endfacet
  facet normal 0.295187 0.652193 0.698218
    outer loop
      vertex -1.25912 -3.03979 9
      vertex -1.27722 -2.72352 8.71223
      vertex -1.26334 -3.03788 9
    endloop
  endfacet
  facet normal 0.715538 -0.023565 0.698176
    outer loop
      vertex -3.28335 0.210566 9
      vertex -3.15407 0.105237 8.86395
      vertex -3.13729 0.13034 8.8476
    endloop
  endfacet
  facet normal 0.715599 -0.0234154 0.698118
    outer loop
      vertex -3.29024 0 9
      vertex -3.15407 0.105237 8.86395
      vertex -3.28335 0.210566 9
    endloop
  endfacet
  facet normal 0.715612 -0.0234492 0.698105
    outer loop
      vertex -3.15407 0.105237 8.86395
      vertex -3.29024 0 9
      vertex -3.175 0 8.88187
    endloop
  endfacet
  facet normal 0.116614 0.706394 0.698146
    outer loop
      vertex -0.616881 -3.10127 8.86858
      vertex -0.637328 -3.22778 9
      vertex -0.560552 -3.12318 8.88134
    endloop
  endfacet
  facet normal 0.117527 0.706245 0.698144
    outer loop
      vertex -0.637328 -3.22778 9
      vertex -0.616881 -3.10127 8.86858
      vertex -0.641895 -3.22702 9
    endloop
  endfacet
  facet normal -0.685148 -0.207808 0.698132
    outer loop
      vertex 2.98741 0.929024 8.83588
      vertex 3.17813 0.851577 9
      vertex 3.11698 1.05319 9
    endloop
  endfacet
  facet normal -0.685141 -0.207723 0.698164
    outer loop
      vertex 2.97434 0.875638 8.80717
      vertex 3.17813 0.851577 9
      vertex 2.98741 0.929024 8.83588
    endloop
  endfacet
  facet normal -0.685125 -0.207916 0.698122
    outer loop
      vertex 2.9109 0.789106 8.71914
      vertex 3.17813 0.851577 9
      vertex 2.97434 0.875638 8.80717
    endloop
  endfacet
  facet normal -0.685301 -0.20726 0.698144
    outer loop
      vertex 3.17813 0.851577 9
      vertex 2.9109 0.789106 8.71914
      vertex 2.88394 0.772749 8.68782
    endloop
  endfacet
  facet normal -0.454193 0.55346 0.698134
    outer loop
      vertex 2.00655 -2.60739 9
      vertex 2.16941 -2.47374 9
      vertex 1.9121 -2.18034 8.6
    endloop
  endfacet
  facet normal 0.553476 -0.454197 0.698118
    outer loop
      vertex -2.60739 2.00655 9
      vertex -2.4838 1.94678 8.86313
      vertex -2.46793 1.97571 8.86937
    endloop
  endfacet
  facet normal 0.553336 -0.454416 0.698087
    outer loop
      vertex -2.61033 2.00297 9
      vertex -2.4838 1.94678 8.86313
      vertex -2.60739 2.00655 9
    endloop
  endfacet
  facet normal 0.553533 -0.454096 0.698139
    outer loop
      vertex -2.4838 1.94678 8.86313
      vertex -2.61033 2.00297 9
      vertex -2.48793 1.90906 8.84187
    endloop
  endfacet
  facet normal -0.631478 0.337407 0.698135
    outer loop
      vertex 2.60093 -1.28264 8.6
      vertex 2.94875 -1.45932 9
      vertex 2.95093 -1.45524 9
    endloop
  endfacet
  facet normal -0.631421 0.337517 0.698133
    outer loop
      vertex 2.94875 -1.45932 9
      vertex 2.60093 -1.28264 8.6
      vertex 2.51147 -1.45 8.6
    endloop
  endfacet
  facet normal -0.489427 0.522561 0.698134
    outer loop
      vertex 2.16941 -2.47374 9
      vertex 2.32318 -2.32972 9
      vertex 1.9121 -2.18034 8.6
    endloop
  endfacet
  facet normal -0.71558 0.0234151 0.698138
    outer loop
      vertex 3.09445 -0.194454 8.80584
      vertex 3.28335 -0.210566 9
      vertex 3.13729 -0.13034 8.8476
    endloop
  endfacet
  facet normal -0.715582 0.0233525 0.698138
    outer loop
      vertex 3.2832 -0.215192 9
      vertex 3.09445 -0.194454 8.80584
      vertex 3.08305 -0.202073 8.79441
    endloop
  endfacet
  facet normal -0.715593 0.0232034 0.698132
    outer loop
      vertex 3.09445 -0.194454 8.80584
      vertex 3.2832 -0.215192 9
      vertex 3.28335 -0.210566 9
    endloop
  endfacet
  facet normal -0.417027 0.581988 0.698125
    outer loop
      vertex 1.71653 -2.56896 8.79441
      vertex 1.99921 -2.61302 9
      vertex 1.72265 -2.47558 8.72022
    endloop
  endfacet
  facet normal -0.417202 0.581778 0.698195
    outer loop
      vertex 1.72265 -2.47558 8.72022
      vertex 1.99921 -2.61302 9
      vertex 1.72003 -2.46787 8.71223
    endloop
  endfacet
  facet normal -0.417041 0.581961 0.698139
    outer loop
      vertex 1.99921 -2.61302 9
      vertex 1.71653 -2.56896 8.79441
      vertex 1.82796 -2.73574 9
    endloop
  endfacet
  facet normal 0.2078 -0.685111 0.698171
    outer loop
      vertex -0.774021 2.82565 8.63099
      vertex -0.932174 2.7461 8.6
      vertex -0.774402 2.80819 8.61397
    endloop
  endfacet
  facet normal 0.207822 -0.68514 0.698136
    outer loop
      vertex -1.05319 3.11698 9
      vertex -0.932174 2.7461 8.6
      vertex -0.774021 2.82565 8.63099
    endloop
  endfacet
  facet normal 0.209136 -0.684726 0.69815
    outer loop
      vertex -0.932174 2.7461 8.6
      vertex -1.05319 3.11698 9
      vertex -1.05761 3.11563 9
    endloop
  endfacet
  facet normal 0.207851 -0.685213 0.698055
    outer loop
      vertex -0.769451 2.79546 8.6
      vertex -0.774402 2.80819 8.61397
      vertex -0.932174 2.7461 8.6
    endloop
  endfacet
  facet normal -0.490539 -0.521488 0.698156
    outer loop
      vertex 2.32318 2.32972 9
      vertex 2.11119 2.11119 8.68782
      vertex 2.32655 2.32655 9
    endloop
  endfacet
  facet normal -0.489447 -0.52253 0.698143
    outer loop
      vertex 1.9121 2.18034 8.6
      vertex 2.11119 2.11119 8.68782
      vertex 2.32318 2.32972 9
    endloop
  endfacet
  facet normal -0.489396 -0.522485 0.698213
    outer loop
      vertex 2.04476 2.07475 8.61397
      vertex 1.9121 2.18034 8.6
      vertex 2.03621 2.06409 8.6
    endloop
  endfacet
  facet normal -0.489447 -0.522562 0.698119
    outer loop
      vertex 2.11119 2.11119 8.68782
      vertex 1.9121 2.18034 8.6
      vertex 2.04476 2.07475 8.61397
    endloop
  endfacet
  facet normal 0.251731 -0.670252 0.698136
    outer loop
      vertex -1.06195 3.114 9
      vertex -0.932174 2.7461 8.6
      vertex -1.05761 3.11563 9
    endloop
  endfacet
  facet normal 0.252213 -0.670076 0.698131
    outer loop
      vertex -0.932174 2.7461 8.6
      vertex -1.06195 3.114 9
      vertex -1.10978 2.67925 8.6
    endloop
  endfacet
  facet normal -0.209136 -0.684726 0.69815
    outer loop
      vertex 1.05319 3.11698 9
      vertex 0.932174 2.7461 8.6
      vertex 1.05761 3.11563 9
    endloop
  endfacet
  facet normal -0.207822 -0.68514 0.698136
    outer loop
      vertex 0.774021 2.82565 8.63099
      vertex 0.932174 2.7461 8.6
      vertex 1.05319 3.11698 9
    endloop
  endfacet
  facet normal -0.2078 -0.685111 0.698171
    outer loop
      vertex 0.932174 2.7461 8.6
      vertex 0.774021 2.82565 8.63099
      vertex 0.774402 2.80819 8.61397
    endloop
  endfacet
  facet normal -0.207851 -0.685213 0.698055
    outer loop
      vertex 0.932174 2.7461 8.6
      vertex 0.774402 2.80819 8.61397
      vertex 0.769451 2.79546 8.6
    endloop
  endfacet
  facet normal 0.337648 -0.631396 0.698092
    outer loop
      vertex -1.45932 2.94875 9
      vertex -1.48589 2.78412 8.86395
      vertex -1.45577 2.78215 8.8476
    endloop
  endfacet
  facet normal 0.337492 -0.631417 0.698148
    outer loop
      vertex -1.64512 2.84944 9
      vertex -1.48589 2.78412 8.86395
      vertex -1.45932 2.94875 9
    endloop
  endfacet
  facet normal 0.337461 -0.631455 0.698129
    outer loop
      vertex -1.48589 2.78412 8.86395
      vertex -1.64512 2.84944 9
      vertex -1.5875 2.74963 8.88187
    endloop
  endfacet
  facet normal -0.60758 0.378772 0.698125
    outer loop
      vertex 2.51147 -1.45 8.6
      vertex 2.84699 -1.64905 9
      vertex 2.84944 -1.64512 9
    endloop
  endfacet
  facet normal -0.608001 0.378081 0.698133
    outer loop
      vertex 2.84699 -1.64905 9
      vertex 2.51147 -1.45 8.6
      vertex 2.41126 -1.61115 8.6
    endloop
  endfacet
  facet normal -0.553336 -0.454416 0.698087
    outer loop
      vertex 2.4838 1.94678 8.86313
      vertex 2.61033 2.00297 9
      vertex 2.60739 2.00655 9
    endloop
  endfacet
  facet normal -0.553533 -0.454096 0.698139
    outer loop
      vertex 2.61033 2.00297 9
      vertex 2.4838 1.94678 8.86313
      vertex 2.48793 1.90906 8.84187
    endloop
  endfacet
  facet normal -0.553476 -0.454197 0.698118
    outer loop
      vertex 2.4838 1.94678 8.86313
      vertex 2.60739 2.00655 9
      vertex 2.46793 1.97571 8.86937
    endloop
  endfacet
  facet normal -0.378424 -0.607772 0.698147
    outer loop
      vertex 1.82796 2.73574 9
      vertex 1.71563 2.58265 8.80584
      vertex 1.71653 2.56896 8.79441
    endloop
  endfacet
  facet normal -0.378047 -0.608026 0.698129
    outer loop
      vertex 1.82796 2.73574 9
      vertex 1.66817 2.67888 8.86395
      vertex 1.71563 2.58265 8.80584
    endloop
  endfacet
  facet normal -0.378067 -0.608 0.698142
    outer loop
      vertex 1.64905 2.84699 9
      vertex 1.66817 2.67888 8.86395
      vertex 1.82796 2.73574 9
    endloop
  endfacet
  facet normal -0.378112 -0.607991 0.698125
    outer loop
      vertex 1.66817 2.67888 8.86395
      vertex 1.64905 2.84699 9
      vertex 1.63682 2.70638 8.87092
    endloop
  endfacet
  facet normal -0.489427 -0.522561 0.698134
    outer loop
      vertex 2.32318 2.32972 9
      vertex 2.16941 2.47374 9
      vertex 1.9121 2.18034 8.6
    endloop
  endfacet
  facet normal 0.706401 0.116631 0.698136
    outer loop
      vertex -3.22778 -0.637328 9
      vertex -2.87519 -0.378526 8.6
      vertex -3.2621 -0.429462 9
    endloop
  endfacet
  facet normal -0.454193 -0.55346 0.698134
    outer loop
      vertex 2.16941 2.47374 9
      vertex 2.00655 2.60739 9
      vertex 1.9121 2.18034 8.6
    endloop
  endfacet
  facet normal -0.553463 -0.454196 0.698129
    outer loop
      vertex 2.43219 2.04085 8.88342
      vertex 2.60739 2.00655 9
      vertex 2.47374 2.16941 9
    endloop
  endfacet
  facet normal -0.553457 -0.454237 0.698108
    outer loop
      vertex 2.60739 2.00655 9
      vertex 2.43219 2.04085 8.88342
      vertex 2.46793 1.97571 8.86937
    endloop
  endfacet
  facet normal -0.553424 -0.454222 0.698143
    outer loop
      vertex 2.43219 2.04085 8.88342
      vertex 2.47374 2.16941 9
      vertex 2.37734 2.08487 8.86858
    endloop
  endfacet
  facet normal 0.553476 0.454197 0.698118
    outer loop
      vertex -2.4838 -1.94678 8.86313
      vertex -2.60739 -2.00655 9
      vertex -2.46793 -1.97571 8.86937
    endloop
  endfacet
  facet normal 0.553533 0.454096 0.698139
    outer loop
      vertex -2.61033 -2.00297 9
      vertex -2.4838 -1.94678 8.86313
      vertex -2.48793 -1.90906 8.84187
    endloop
  endfacet
  facet normal 0.553336 0.454416 0.698087
    outer loop
      vertex -2.4838 -1.94678 8.86313
      vertex -2.61033 -2.00297 9
      vertex -2.60739 -2.00655 9
    endloop
  endfacet
  facet normal -0.697298 -0.16245 0.69813
    outer loop
      vertex 3.22597 0.646402 9
      vertex 2.84428 0.565762 8.6
      vertex 3.22702 0.641895 9
    endloop
  endfacet
  facet normal -0.697271 -0.162572 0.698128
    outer loop
      vertex 2.8341 0.742504 8.63099
      vertex 2.84428 0.565762 8.6
      vertex 3.22597 0.646402 9
    endloop
  endfacet
  facet normal -0.696998 -0.162602 0.698394
    outer loop
      vertex 2.81916 0.733442 8.61397
      vertex 2.84428 0.565762 8.6
      vertex 2.8341 0.742504 8.63099
    endloop
  endfacet
  facet normal -0.697329 -0.162624 0.698058
    outer loop
      vertex 2.84428 0.565762 8.6
      vertex 2.81916 0.733442 8.61397
      vertex 2.80566 0.731364 8.6
    endloop
  endfacet
  facet normal -0.652263 -0.295219 0.698139
    outer loop
      vertex 3.03788 1.26334 9
      vertex 2.89726 1.20008 8.84187
      vertex 3.03979 1.25912 9
    endloop
  endfacet
  facet normal -0.652154 -0.295462 0.698139
    outer loop
      vertex 3.03788 1.26334 9
      vertex 2.84133 1.24109 8.80698
      vertex 2.89726 1.20008 8.84187
    endloop
  endfacet
  facet normal -0.652113 -0.295607 0.698115
    outer loop
      vertex 3.03788 1.26334 9
      vertex 2.7371 1.2666 8.72042
      vertex 2.84133 1.24109 8.80698
    endloop
  endfacet
  facet normal -0.652291 -0.2956 0.697952
    outer loop
      vertex 2.63105 1.25027 8.61444
      vertex 2.60093 1.28264 8.6
      vertex 2.61893 1.24292 8.6
    endloop
  endfacet
  facet normal -0.652181 -0.295418 0.698132
    outer loop
      vertex 2.7371 1.2666 8.72042
      vertex 2.60093 1.28264 8.6
      vertex 2.63105 1.25027 8.61444
    endloop
  endfacet
  facet normal -0.652245 -0.294965 0.698264
    outer loop
      vertex 2.60093 1.28264 8.6
      vertex 2.7371 1.2666 8.72042
      vertex 3.03788 1.26334 9
    endloop
  endfacet
  facet normal 0.454388 -0.553303 0.698131
    outer loop
      vertex -2.00655 2.60739 9
      vertex -1.76541 2.30072 8.6
      vertex -2.00297 2.61033 9
    endloop
  endfacet
  facet normal 0.454193 -0.55346 0.698134
    outer loop
      vertex -1.76541 2.30072 8.6
      vertex -2.00655 2.60739 9
      vertex -1.9121 2.18034 8.6
    endloop
  endfacet
  facet normal -0.295187 -0.652193 0.698218
    outer loop
      vertex 1.25912 3.03979 9
      vertex 1.27722 2.72352 8.71223
      vertex 1.26334 3.03788 9
    endloop
  endfacet
  facet normal -0.295518 -0.652135 0.698133
    outer loop
      vertex 1.10978 2.67925 8.6
      vertex 1.27722 2.72352 8.71223
      vertex 1.25912 3.03979 9
    endloop
  endfacet
  facet normal -0.295535 -0.65211 0.698149
    outer loop
      vertex 1.27722 2.72352 8.71223
      vertex 1.10978 2.67925 8.6
      vertex 1.21184 2.64897 8.61492
    endloop
  endfacet
  facet normal -0.295546 -0.652184 0.698075
    outer loop
      vertex 1.21184 2.64897 8.61492
      vertex 1.10978 2.67925 8.6
      vertex 1.20714 2.63513 8.6
    endloop
  endfacet
  facet normal -0.378424 0.607772 0.698147
    outer loop
      vertex 1.71563 -2.58265 8.80584
      vertex 1.82796 -2.73574 9
      vertex 1.71653 -2.56896 8.79441
    endloop
  endfacet
  facet normal -0.378047 0.608026 0.698129
    outer loop
      vertex 1.66817 -2.67888 8.86395
      vertex 1.82796 -2.73574 9
      vertex 1.71563 -2.58265 8.80584
    endloop
  endfacet
  facet normal -0.378067 0.608 0.698142
    outer loop
      vertex 1.66817 -2.67888 8.86395
      vertex 1.64905 -2.84699 9
      vertex 1.82796 -2.73574 9
    endloop
  endfacet
  facet normal -0.378112 0.607991 0.698125
    outer loop
      vertex 1.64905 -2.84699 9
      vertex 1.66817 -2.67888 8.86395
      vertex 1.63682 -2.70638 8.87092
    endloop
  endfacet
  facet normal 0.522572 -0.489423 0.698129
    outer loop
      vertex -2.32972 2.32318 9
      vertex -2.34851 2.10801 8.86322
      vertex -2.26082 2.13357 8.8155
    endloop
  endfacet
  facet normal 0.52256 -0.489426 0.698135
    outer loop
      vertex -2.47374 2.16941 9
      vertex -2.34851 2.10801 8.86322
      vertex -2.32972 2.32318 9
    endloop
  endfacet
  facet normal 0.522592 -0.489381 0.698144
    outer loop
      vertex -2.34851 2.10801 8.86322
      vertex -2.47374 2.16941 9
      vertex -2.37734 2.08487 8.86858
    endloop
  endfacet
  facet normal 0.16245 -0.697296 0.698132
    outer loop
      vertex -0.646402 3.22597 9
      vertex -0.616881 3.10127 8.86858
      vertex -0.641895 3.22702 9
    endloop
  endfacet
  facet normal 0.162567 -0.697269 0.698132
    outer loop
      vertex -0.646402 3.22597 9
      vertex -0.651337 3.08787 8.86322
      vertex -0.616881 3.10127 8.86858
    endloop
  endfacet
  facet normal 0.162595 -0.697266 0.698128
    outer loop
      vertex -0.651337 3.08787 8.86322
      vertex -0.646402 3.22597 9
      vertex -0.689144 3.05168 8.83588
    endloop
  endfacet
  facet normal -0.295506 0.652145 0.698128
    outer loop
      vertex 1.26334 -3.03788 9
      vertex 1.36652 -2.77104 8.79441
      vertex 1.28259 -2.72965 8.72022
    endloop
  endfacet
  facet normal -0.294492 0.652322 0.698392
    outer loop
      vertex 1.26334 -3.03788 9
      vertex 1.28259 -2.72965 8.72022
      vertex 1.27722 -2.72352 8.71223
    endloop
  endfacet
  facet normal -0.295487 0.652145 0.698137
    outer loop
      vertex 1.36652 -2.77104 8.79441
      vertex 1.26334 -3.03788 9
      vertex 1.45524 -2.95093 9
    endloop
  endfacet
  facet normal 0.251731 0.670252 0.698136
    outer loop
      vertex -0.932174 -2.7461 8.6
      vertex -1.06195 -3.114 9
      vertex -1.05761 -3.11563 9
    endloop
  endfacet
  facet normal 0.252213 0.670076 0.698131
    outer loop
      vertex -1.06195 -3.114 9
      vertex -0.932174 -2.7461 8.6
      vertex -1.10978 -2.67925 8.6
    endloop
  endfacet
  facet normal -0.581965 -0.417052 0.698129
    outer loop
      vertex 2.61302 1.99921 9
      vertex 2.48793 1.90906 8.84187
      vertex 2.49548 1.84012 8.80698
    endloop
  endfacet
  facet normal -0.582297 -0.41659 0.698129
    outer loop
      vertex 2.48793 1.90906 8.84187
      vertex 2.61302 1.99921 9
      vertex 2.61033 2.00297 9
    endloop
  endfacet
  facet normal -0.581932 -0.417085 0.698137
    outer loop
      vertex 2.46546 1.7371 8.72041
      vertex 2.61302 1.99921 9
      vertex 2.49548 1.84012 8.80698
    endloop
  endfacet
  facet normal -0.582406 -0.416664 0.697993
    outer loop
      vertex 2.46546 1.7371 8.72041
      vertex 2.41126 1.61115 8.6
      vertex 2.61302 1.99921 9
    endloop
  endfacet
  facet normal -0.582048 -0.416945 0.698124
    outer loop
      vertex 2.3983 1.65342 8.61444
      vertex 2.41126 1.61115 8.6
      vertex 2.46546 1.7371 8.72041
    endloop
  endfacet
  facet normal -0.581914 -0.416942 0.698238
    outer loop
      vertex 2.41126 1.61115 8.6
      vertex 2.3983 1.65342 8.61444
      vertex 2.38586 1.6466 8.6
    endloop
  endfacet
  facet normal 0.337715 0.631314 0.698133
    outer loop
      vertex -1.37882 -2.7771 8.80584
      vertex -1.45524 -2.95093 9
      vertex -1.36652 -2.77104 8.79441
    endloop
  endfacet
  facet normal 0.337436 0.63145 0.698145
    outer loop
      vertex -1.45577 -2.78215 8.8476
      vertex -1.45524 -2.95093 9
      vertex -1.37882 -2.7771 8.80584
    endloop
  endfacet
  facet normal 0.337398 0.63146 0.698156
    outer loop
      vertex -1.45524 -2.95093 9
      vertex -1.45577 -2.78215 8.8476
      vertex -1.45932 -2.94875 9
    endloop
  endfacet
  facet normal 0.294492 0.652322 0.698392
    outer loop
      vertex -1.28259 -2.72965 8.72022
      vertex -1.26334 -3.03788 9
      vertex -1.27722 -2.72352 8.71223
    endloop
  endfacet
  facet normal 0.295506 0.652145 0.698128
    outer loop
      vertex -1.36652 -2.77104 8.79441
      vertex -1.26334 -3.03788 9
      vertex -1.28259 -2.72965 8.72022
    endloop
  endfacet
  facet normal 0.295487 0.652145 0.698137
    outer loop
      vertex -1.26334 -3.03788 9
      vertex -1.36652 -2.77104 8.79441
      vertex -1.45524 -2.95093 9
    endloop
  endfacet
  facet normal 0.522342 -0.489658 0.698136
    outer loop
      vertex -2.32655 2.32655 9
      vertex -2.13883 2.12636 8.71914
      vertex -2.11119 2.11119 8.68782
    endloop
  endfacet
  facet normal 0.522539 -0.48946 0.698127
    outer loop
      vertex -2.32655 2.32655 9
      vertex -2.2455 2.13804 8.80717
      vertex -2.13883 2.12636 8.71914
    endloop
  endfacet
  facet normal 0.521275 -0.490339 0.698455
    outer loop
      vertex -2.32972 2.32318 9
      vertex -2.2455 2.13804 8.80717
      vertex -2.32655 2.32655 9
    endloop
  endfacet
  facet normal 0.522443 -0.489507 0.698167
    outer loop
      vertex -2.2455 2.13804 8.80717
      vertex -2.32972 2.32318 9
      vertex -2.26082 2.13357 8.8155
    endloop
  endfacet
  facet normal 0.378112 -0.607991 0.698125
    outer loop
      vertex -1.64905 2.84699 9
      vertex -1.66817 2.67888 8.86395
      vertex -1.63682 2.70638 8.87092
    endloop
  endfacet
  facet normal 0.378067 -0.608 0.698142
    outer loop
      vertex -1.82796 2.73574 9
      vertex -1.66817 2.67888 8.86395
      vertex -1.64905 2.84699 9
    endloop
  endfacet
  facet normal 0.378424 -0.607772 0.698147
    outer loop
      vertex -1.71563 2.58265 8.80584
      vertex -1.82796 2.73574 9
      vertex -1.71653 2.56896 8.79441
    endloop
  endfacet
  facet normal 0.378047 -0.608026 0.698129
    outer loop
      vertex -1.66817 2.67888 8.86395
      vertex -1.82796 2.73574 9
      vertex -1.71563 2.58265 8.80584
    endloop
  endfacet
  facet normal -0.0701754 -0.712507 0.698147
    outer loop
      vertex 0.219798 3.28275 9
      vertex 0.409326 3.10914 8.84187
      vertex 0.429462 3.2621 9
    endloop
  endfacet
  facet normal -0.0702087 -0.712524 0.698127
    outer loop
      vertex 0.219798 3.28275 9
      vertex 0.345846 3.08121 8.80698
      vertex 0.409326 3.10914 8.84187
    endloop
  endfacet
  facet normal -0.0702356 -0.712531 0.698116
    outer loop
      vertex 0.345846 3.08121 8.80698
      vertex 0.219798 3.28275 9
      vertex 0.312042 3.0459 8.76754
    endloop
  endfacet
  facet normal -0.652263 0.295219 0.698139
    outer loop
      vertex 2.89726 -1.20008 8.84187
      vertex 3.03788 -1.26334 9
      vertex 3.03979 -1.25912 9
    endloop
  endfacet
  facet normal -0.652154 0.295462 0.698139
    outer loop
      vertex 2.84133 -1.24109 8.80698
      vertex 3.03788 -1.26334 9
      vertex 2.89726 -1.20008 8.84187
    endloop
  endfacet
  facet normal -0.652113 0.295607 0.698115
    outer loop
      vertex 2.7371 -1.2666 8.72042
      vertex 3.03788 -1.26334 9
      vertex 2.84133 -1.24109 8.80698
    endloop
  endfacet
  facet normal -0.652245 0.294965 0.698264
    outer loop
      vertex 2.7371 -1.2666 8.72042
      vertex 2.60093 -1.28264 8.6
      vertex 3.03788 -1.26334 9
    endloop
  endfacet
  facet normal -0.652181 0.295418 0.698132
    outer loop
      vertex 2.63105 -1.25027 8.61444
      vertex 2.60093 -1.28264 8.6
      vertex 2.7371 -1.2666 8.72042
    endloop
  endfacet
  facet normal -0.652291 0.2956 0.697952
    outer loop
      vertex 2.60093 -1.28264 8.6
      vertex 2.63105 -1.25027 8.61444
      vertex 2.61893 -1.24292 8.6
    endloop
  endfacet
  facet normal -0.0232035 0.715595 0.69813
    outer loop
      vertex 0.189669 -2.89379 8.6
      vertex 0.210566 -3.28335 9
      vertex 0.215192 -3.2832 9
    endloop
  endfacet
  facet normal -0.0234292 0.715585 0.698132
    outer loop
      vertex 0.210566 -3.28335 9
      vertex 0.189669 -2.89379 8.6
      vertex 0 -2.9 8.6
    endloop
  endfacet
  facet normal 0.417037 0.581923 0.698173
    outer loop
      vertex -1.76541 -2.30072 8.6
      vertex -1.68816 -2.37397 8.61491
      vertex -1.67852 -2.36299 8.6
    endloop
  endfacet
  facet normal 0.417092 0.581967 0.698104
    outer loop
      vertex -1.76541 -2.30072 8.6
      vertex -1.72003 -2.46787 8.71223
      vertex -1.68816 -2.37397 8.61491
    endloop
  endfacet
  facet normal 0.417031 0.581972 0.698136
    outer loop
      vertex -2.00297 -2.61033 9
      vertex -1.72003 -2.46787 8.71223
      vertex -1.76541 -2.30072 8.6
    endloop
  endfacet
  facet normal 0.416667 0.582405 0.697992
    outer loop
      vertex -1.72003 -2.46787 8.71223
      vertex -2.00297 -2.61033 9
      vertex -1.99921 -2.61302 9
    endloop
  endfacet
  facet normal -0.454193 0.55346 0.698134
    outer loop
      vertex 1.76541 -2.30072 8.6
      vertex 2.00655 -2.60739 9
      vertex 1.9121 -2.18034 8.6
    endloop
  endfacet
  facet normal -0.454388 0.553303 0.698131
    outer loop
      vertex 2.00655 -2.60739 9
      vertex 1.76541 -2.30072 8.6
      vertex 2.00297 -2.61033 9
    endloop
  endfacet
  facet normal -0.161923 0.697438 0.698112
    outer loop
      vertex 0.77206 -2.91546 8.71914
      vertex 0.851577 -3.17813 9
      vertex 0.772748 -2.88394 8.68781
    endloop
  endfacet
  facet normal -0.162617 0.697253 0.698136
    outer loop
      vertex 0.728846 -3.01368 8.80717
      vertex 0.851577 -3.17813 9
      vertex 0.77206 -2.91546 8.71914
    endloop
  endfacet
  facet normal -0.162554 0.697283 0.698121
    outer loop
      vertex 0.689144 -3.05168 8.83588
      vertex 0.851577 -3.17813 9
      vertex 0.728846 -3.01368 8.80717
    endloop
  endfacet
  facet normal -0.162579 0.697266 0.698132
    outer loop
      vertex 0.851577 -3.17813 9
      vertex 0.689144 -3.05168 8.83588
      vertex 0.646402 -3.22597 9
    endloop
  endfacet
  facet normal -0.161923 -0.697438 0.698112
    outer loop
      vertex 0.851577 3.17813 9
      vertex 0.77206 2.91546 8.71914
      vertex 0.772748 2.88394 8.68781
    endloop
  endfacet
  facet normal -0.162617 -0.697253 0.698136
    outer loop
      vertex 0.851577 3.17813 9
      vertex 0.728846 3.01368 8.80717
      vertex 0.77206 2.91546 8.71914
    endloop
  endfacet
  facet normal -0.162554 -0.697283 0.698121
    outer loop
      vertex 0.851577 3.17813 9
      vertex 0.689144 3.05168 8.83588
      vertex 0.728846 3.01368 8.80717
    endloop
  endfacet
  facet normal -0.162579 -0.697266 0.698132
    outer loop
      vertex 0.689144 3.05168 8.83588
      vertex 0.851577 3.17813 9
      vertex 0.646402 3.22597 9
    endloop
  endfacet
  facet normal -0.522592 -0.489381 0.698144
    outer loop
      vertex 2.47374 2.16941 9
      vertex 2.34851 2.10801 8.86322
      vertex 2.37734 2.08487 8.86858
    endloop
  endfacet
  facet normal -0.52256 -0.489426 0.698135
    outer loop
      vertex 2.32972 2.32318 9
      vertex 2.34851 2.10801 8.86322
      vertex 2.47374 2.16941 9
    endloop
  endfacet
  facet normal -0.522572 -0.489423 0.698129
    outer loop
      vertex 2.34851 2.10801 8.86322
      vertex 2.32972 2.32318 9
      vertex 2.26082 2.13357 8.8155
    endloop
  endfacet
  facet normal 0.162579 -0.697266 0.698132
    outer loop
      vertex -0.851577 3.17813 9
      vertex -0.689144 3.05168 8.83588
      vertex -0.646402 3.22597 9
    endloop
  endfacet
  facet normal 0.162554 -0.697283 0.698121
    outer loop
      vertex -0.689144 3.05168 8.83588
      vertex -0.851577 3.17813 9
      vertex -0.728846 3.01368 8.80717
    endloop
  endfacet
  facet normal 0.161923 -0.697438 0.698112
    outer loop
      vertex -0.77206 2.91546 8.71914
      vertex -0.851577 3.17813 9
      vertex -0.772748 2.88394 8.68781
    endloop
  endfacet
  facet normal 0.162617 -0.697253 0.698136
    outer loop
      vertex -0.728846 3.01368 8.80717
      vertex -0.851577 3.17813 9
      vertex -0.77206 2.91546 8.71914
    endloop
  endfacet
  facet normal -0.454388 -0.553303 0.698131
    outer loop
      vertex 1.76541 2.30072 8.6
      vertex 2.00655 2.60739 9
      vertex 2.00297 2.61033 9
    endloop
  endfacet
  facet normal -0.454193 -0.55346 0.698134
    outer loop
      vertex 2.00655 2.60739 9
      vertex 1.76541 2.30072 8.6
      vertex 1.9121 2.18034 8.6
    endloop
  endfacet
  facet normal -0.417031 0.581972 0.698136
    outer loop
      vertex 1.72003 -2.46787 8.71223
      vertex 2.00297 -2.61033 9
      vertex 1.76541 -2.30072 8.6
    endloop
  endfacet
  facet normal -0.416667 0.582405 0.697992
    outer loop
      vertex 2.00297 -2.61033 9
      vertex 1.72003 -2.46787 8.71223
      vertex 1.99921 -2.61302 9
    endloop
  endfacet
  facet normal -0.417092 0.581967 0.698104
    outer loop
      vertex 1.76541 -2.30072 8.6
      vertex 1.68816 -2.37397 8.61491
      vertex 1.72003 -2.46787 8.71223
    endloop
  endfacet
  facet normal -0.417037 0.581923 0.698173
    outer loop
      vertex 1.68816 -2.37397 8.61491
      vertex 1.76541 -2.30072 8.6
      vertex 1.67852 -2.36299 8.6
    endloop
  endfacet
  facet normal 0.489427 -0.522561 0.698134
    outer loop
      vertex -1.9121 2.18034 8.6
      vertex -2.16941 2.47374 9
      vertex -2.32318 2.32972 9
    endloop
  endfacet
  facet normal -0.581963 0.417043 0.698136
    outer loop
      vertex 2.61302 -1.99921 9
      vertex 2.73574 -1.82796 9
      vertex 2.41126 -1.61115 8.6
    endloop
  endfacet
  facet normal -0.581965 0.417052 0.698129
    outer loop
      vertex 2.48793 -1.90906 8.84187
      vertex 2.61302 -1.99921 9
      vertex 2.49548 -1.84012 8.80698
    endloop
  endfacet
  facet normal -0.581932 0.417085 0.698137
    outer loop
      vertex 2.61302 -1.99921 9
      vertex 2.46546 -1.7371 8.72041
      vertex 2.49548 -1.84012 8.80698
    endloop
  endfacet
  facet normal -0.582406 0.416664 0.697993
    outer loop
      vertex 2.41126 -1.61115 8.6
      vertex 2.46546 -1.7371 8.72041
      vertex 2.61302 -1.99921 9
    endloop
  endfacet
  facet normal -0.582048 0.416945 0.698124
    outer loop
      vertex 2.41126 -1.61115 8.6
      vertex 2.3983 -1.65342 8.61444
      vertex 2.46546 -1.7371 8.72041
    endloop
  endfacet
  facet normal -0.581914 0.416942 0.698238
    outer loop
      vertex 2.3983 -1.65342 8.61444
      vertex 2.41126 -1.61115 8.6
      vertex 2.38586 -1.6466 8.6
    endloop
  endfacet
  facet normal -0.582297 0.41659 0.698129
    outer loop
      vertex 2.61302 -1.99921 9
      vertex 2.48793 -1.90906 8.84187
      vertex 2.61033 -2.00297 9
    endloop
  endfacet
  facet normal -0.670252 -0.25173 0.698136
    outer loop
      vertex 3.114 1.06195 9
      vertex 2.99422 1.0164 8.86858
      vertex 3.11563 1.05761 9
    endloop
  endfacet
  facet normal -0.670076 -0.252197 0.698137
    outer loop
      vertex 2.99422 1.0164 8.86858
      vertex 3.114 1.06195 9
      vertex 2.98503 1.07614 8.88134
    endloop
  endfacet
  facet normal 0.71558 0.0234151 0.698138
    outer loop
      vertex -3.28335 -0.210566 9
      vertex -3.09445 -0.194454 8.80584
      vertex -3.13729 -0.13034 8.8476
    endloop
  endfacet
  facet normal 0.715593 0.0232034 0.698132
    outer loop
      vertex -3.2832 -0.215192 9
      vertex -3.09445 -0.194454 8.80584
      vertex -3.28335 -0.210566 9
    endloop
  endfacet
  facet normal 0.715582 0.0233525 0.698138
    outer loop
      vertex -3.09445 -0.194454 8.80584
      vertex -3.2832 -0.215192 9
      vertex -3.08305 -0.202073 8.79441
    endloop
  endfacet
  facet normal 0.454193 0.55346 0.698134
    outer loop
      vertex -2.00655 -2.60739 9
      vertex -1.76541 -2.30072 8.6
      vertex -1.9121 -2.18034 8.6
    endloop
  endfacet
  facet normal 0.454388 0.553303 0.698131
    outer loop
      vertex -1.76541 -2.30072 8.6
      vertex -2.00655 -2.60739 9
      vertex -2.00297 -2.61033 9
    endloop
  endfacet
  facet normal -0.706401 0.116631 0.698136
    outer loop
      vertex 3.22778 -0.637328 9
      vertex 3.2621 -0.429462 9
      vertex 2.87519 -0.378526 8.6
    endloop
  endfacet
  facet normal -0.712517 0.0701765 0.698136
    outer loop
      vertex 3.2621 -0.429462 9
      vertex 3.28275 -0.219798 9
      vertex 2.87519 -0.378526 8.6
    endloop
  endfacet
  facet normal 0.295546 -0.652184 0.698075
    outer loop
      vertex -1.10978 2.67925 8.6
      vertex -1.21184 2.64897 8.61492
      vertex -1.20714 2.63513 8.6
    endloop
  endfacet
  facet normal 0.295518 -0.652135 0.698133
    outer loop
      vertex -1.27722 2.72352 8.71223
      vertex -1.10978 2.67925 8.6
      vertex -1.25912 3.03979 9
    endloop
  endfacet
  facet normal 0.295187 -0.652193 0.698218
    outer loop
      vertex -1.27722 2.72352 8.71223
      vertex -1.25912 3.03979 9
      vertex -1.26334 3.03788 9
    endloop
  endfacet
  facet normal 0.295535 -0.65211 0.698149
    outer loop
      vertex -1.10978 2.67925 8.6
      vertex -1.27722 2.72352 8.71223
      vertex -1.21184 2.64897 8.61492
    endloop
  endfacet
  facet normal -0.023415 -0.715589 0.698129
    outer loop
      vertex 0 2.9 8.6
      vertex 0.210566 3.28335 9
      vertex 0 3.29024 9
    endloop
  endfacet
  facet normal 0.652291 0.2956 0.697952
    outer loop
      vertex -2.63105 -1.25027 8.61444
      vertex -2.60093 -1.28264 8.6
      vertex -2.61893 -1.24292 8.6
    endloop
  endfacet
  facet normal 0.652181 0.295418 0.698132
    outer loop
      vertex -2.7371 -1.2666 8.72042
      vertex -2.60093 -1.28264 8.6
      vertex -2.63105 -1.25027 8.61444
    endloop
  endfacet
  facet normal 0.652245 0.294965 0.698264
    outer loop
      vertex -2.7371 -1.2666 8.72042
      vertex -3.03788 -1.26334 9
      vertex -2.60093 -1.28264 8.6
    endloop
  endfacet
  facet normal 0.652113 0.295607 0.698115
    outer loop
      vertex -2.84133 -1.24109 8.80698
      vertex -3.03788 -1.26334 9
      vertex -2.7371 -1.2666 8.72042
    endloop
  endfacet
  facet normal 0.652154 0.295462 0.698139
    outer loop
      vertex -2.89726 -1.20008 8.84187
      vertex -3.03788 -1.26334 9
      vertex -2.84133 -1.24109 8.80698
    endloop
  endfacet
  facet normal 0.652263 0.295219 0.698139
    outer loop
      vertex -3.03788 -1.26334 9
      vertex -2.89726 -1.20008 8.84187
      vertex -3.03979 -1.25912 9
    endloop
  endfacet
  facet normal -0.685075 -0.207977 0.698153
    outer loop
      vertex 3.11698 1.05319 9
      vertex 2.99422 1.0164 8.86858
      vertex 2.99985 0.979862 8.86322
    endloop
  endfacet
  facet normal -0.684725 -0.209135 0.69815
    outer loop
      vertex 2.99422 1.0164 8.86858
      vertex 3.11698 1.05319 9
      vertex 3.11563 1.05761 9
    endloop
  endfacet
  facet normal -0.685163 -0.207784 0.698125
    outer loop
      vertex 3.11698 1.05319 9
      vertex 2.99985 0.979862 8.86322
      vertex 2.98741 0.929024 8.83588
    endloop
  endfacet
  facet normal 0.631421 0.337517 0.698133
    outer loop
      vertex -2.60093 -1.28264 8.6
      vertex -2.94875 -1.45932 9
      vertex -2.51147 -1.45 8.6
    endloop
  endfacet
  facet normal 0.631478 0.337407 0.698135
    outer loop
      vertex -2.94875 -1.45932 9
      vertex -2.60093 -1.28264 8.6
      vertex -2.95093 -1.45524 9
    endloop
  endfacet
  facet normal 0.337648 0.631396 0.698092
    outer loop
      vertex -1.48589 -2.78412 8.86395
      vertex -1.45932 -2.94875 9
      vertex -1.45577 -2.78215 8.8476
    endloop
  endfacet
  facet normal 0.337461 0.631455 0.698129
    outer loop
      vertex -1.64512 -2.84944 9
      vertex -1.48589 -2.78412 8.86395
      vertex -1.5875 -2.74963 8.88187
    endloop
  endfacet
  facet normal 0.337492 0.631417 0.698148
    outer loop
      vertex -1.48589 -2.78412 8.86395
      vertex -1.64512 -2.84944 9
      vertex -1.45932 -2.94875 9
    endloop
  endfacet
  facet normal -0.522592 0.489381 0.698144
    outer loop
      vertex 2.34851 -2.10801 8.86322
      vertex 2.47374 -2.16941 9
      vertex 2.37734 -2.08487 8.86858
    endloop
  endfacet
  facet normal -0.52256 0.489426 0.698135
    outer loop
      vertex 2.34851 -2.10801 8.86322
      vertex 2.32972 -2.32318 9
      vertex 2.47374 -2.16941 9
    endloop
  endfacet
  facet normal -0.522572 0.489423 0.698129
    outer loop
      vertex 2.32972 -2.32318 9
      vertex 2.34851 -2.10801 8.86322
      vertex 2.26082 -2.13357 8.8155
    endloop
  endfacet
  facet normal 0.117527 -0.706245 0.698144
    outer loop
      vertex -0.616881 3.10127 8.86858
      vertex -0.637328 3.22778 9
      vertex -0.641895 3.22702 9
    endloop
  endfacet
  facet normal 0.116614 -0.706394 0.698146
    outer loop
      vertex -0.637328 3.22778 9
      vertex -0.616881 3.10127 8.86858
      vertex -0.560552 3.12318 8.88134
    endloop
  endfacet
  facet normal 0.0701754 -0.712507 0.698147
    outer loop
      vertex -0.409326 3.10914 8.84187
      vertex -0.219798 3.28275 9
      vertex -0.429462 3.2621 9
    endloop
  endfacet
  facet normal 0.0702087 -0.712524 0.698127
    outer loop
      vertex -0.345846 3.08121 8.80698
      vertex -0.219798 3.28275 9
      vertex -0.409326 3.10914 8.84187
    endloop
  endfacet
  facet normal 0.0702356 -0.712531 0.698116
    outer loop
      vertex -0.219798 3.28275 9
      vertex -0.345846 3.08121 8.80698
      vertex -0.312042 3.0459 8.76754
    endloop
  endfacet
  facet normal -0.162595 -0.697266 0.698128
    outer loop
      vertex 0.646402 3.22597 9
      vertex 0.651337 3.08787 8.86322
      vertex 0.689144 3.05168 8.83588
    endloop
  endfacet
  facet normal -0.16245 -0.697296 0.698132
    outer loop
      vertex 0.616881 3.10127 8.86858
      vertex 0.646402 3.22597 9
      vertex 0.641895 3.22702 9
    endloop
  endfacet
  facet normal -0.162567 -0.697269 0.698132
    outer loop
      vertex 0.646402 3.22597 9
      vertex 0.616881 3.10127 8.86858
      vertex 0.651337 3.08787 8.86322
    endloop
  endfacet
  facet normal 0.684725 -0.209135 0.69815
    outer loop
      vertex -3.11698 1.05319 9
      vertex -2.99422 1.0164 8.86858
      vertex -3.11563 1.05761 9
    endloop
  endfacet
  facet normal 0.685075 -0.207977 0.698153
    outer loop
      vertex -2.99422 1.0164 8.86858
      vertex -3.11698 1.05319 9
      vertex -2.99985 0.979862 8.86322
    endloop
  endfacet
  facet normal 0.685163 -0.207784 0.698125
    outer loop
      vertex -2.99985 0.979862 8.86322
      vertex -3.11698 1.05319 9
      vertex -2.98741 0.929024 8.83588
    endloop
  endfacet
  facet normal 0.0696043 -0.712439 0.698273
    outer loop
      vertex -0.312042 3.0459 8.76754
      vertex -0.215192 3.2832 9
      vertex -0.219798 3.28275 9
    endloop
  endfacet
  facet normal 0.0700437 -0.712507 0.69816
    outer loop
      vertex -0.271646 3.0037 8.72042
      vertex -0.215192 3.2832 9
      vertex -0.312042 3.0459 8.76754
    endloop
  endfacet
  facet normal 0.0700547 -0.712583 0.698081
    outer loop
      vertex -0.189669 2.89379 8.6
      vertex -0.271646 3.0037 8.72042
      vertex -0.232758 2.9037 8.61444
    endloop
  endfacet
  facet normal 0.0701036 -0.712495 0.698166
    outer loop
      vertex -0.189669 2.89379 8.6
      vertex -0.232758 2.9037 8.61444
      vertex -0.233067 2.88952 8.6
    endloop
  endfacet
  facet normal 0.0702211 -0.712516 0.698133
    outer loop
      vertex -0.271646 3.0037 8.72042
      vertex -0.189669 2.89379 8.6
      vertex -0.215192 3.2832 9
    endloop
  endfacet
  facet normal 0.337715 -0.631314 0.698133
    outer loop
      vertex -1.45524 2.95093 9
      vertex -1.37882 2.7771 8.80584
      vertex -1.36652 2.77104 8.79441
    endloop
  endfacet
  facet normal 0.337436 -0.63145 0.698145
    outer loop
      vertex -1.45524 2.95093 9
      vertex -1.45577 2.78215 8.8476
      vertex -1.37882 2.7771 8.80584
    endloop
  endfacet
  facet normal 0.337398 -0.63146 0.698156
    outer loop
      vertex -1.45577 2.78215 8.8476
      vertex -1.45524 2.95093 9
      vertex -1.45932 2.94875 9
    endloop
  endfacet
  facet normal -0.162595 0.697266 0.698128
    outer loop
      vertex 0.651337 -3.08787 8.86322
      vertex 0.646402 -3.22597 9
      vertex 0.689144 -3.05168 8.83588
    endloop
  endfacet
  facet normal -0.162567 0.697269 0.698132
    outer loop
      vertex 0.616881 -3.10127 8.86858
      vertex 0.646402 -3.22597 9
      vertex 0.651337 -3.08787 8.86322
    endloop
  endfacet
  facet normal -0.16245 0.697296 0.698132
    outer loop
      vertex 0.646402 -3.22597 9
      vertex 0.616881 -3.10127 8.86858
      vertex 0.641895 -3.22702 9
    endloop
  endfacet
  facet normal -0.117527 0.706245 0.698144
    outer loop
      vertex 0.616881 -3.10127 8.86858
      vertex 0.637328 -3.22778 9
      vertex 0.641895 -3.22702 9
    endloop
  endfacet
  facet normal -0.116614 0.706394 0.698146
    outer loop
      vertex 0.637328 -3.22778 9
      vertex 0.616881 -3.10127 8.86858
      vertex 0.560552 -3.12318 8.88134
    endloop
  endfacet
  facet normal -0.553533 0.454096 0.698139
    outer loop
      vertex 2.4838 -1.94678 8.86313
      vertex 2.61033 -2.00297 9
      vertex 2.48793 -1.90906 8.84187
    endloop
  endfacet
  facet normal -0.553336 0.454416 0.698087
    outer loop
      vertex 2.61033 -2.00297 9
      vertex 2.4838 -1.94678 8.86313
      vertex 2.60739 -2.00655 9
    endloop
  endfacet
  facet normal -0.553476 0.454197 0.698118
    outer loop
      vertex 2.60739 -2.00655 9
      vertex 2.4838 -1.94678 8.86313
      vertex 2.46793 -1.97571 8.86937
    endloop
  endfacet
  facet normal -0.416667 -0.582405 0.697992
    outer loop
      vertex 1.72003 2.46787 8.71223
      vertex 2.00297 2.61033 9
      vertex 1.99921 2.61302 9
    endloop
  endfacet
  facet normal -0.417031 -0.581972 0.698136
    outer loop
      vertex 2.00297 2.61033 9
      vertex 1.72003 2.46787 8.71223
      vertex 1.76541 2.30072 8.6
    endloop
  endfacet
  facet normal -0.417092 -0.581967 0.698104
    outer loop
      vertex 1.68816 2.37397 8.61491
      vertex 1.76541 2.30072 8.6
      vertex 1.72003 2.46787 8.71223
    endloop
  endfacet
  facet normal -0.417037 -0.581923 0.698173
    outer loop
      vertex 1.76541 2.30072 8.6
      vertex 1.68816 2.37397 8.61491
      vertex 1.67852 2.36299 8.6
    endloop
  endfacet
  facet normal -0.417027 -0.581988 0.698125
    outer loop
      vertex 1.99921 2.61302 9
      vertex 1.71653 2.56896 8.79441
      vertex 1.72265 2.47558 8.72022
    endloop
  endfacet
  facet normal -0.417041 -0.581961 0.698139
    outer loop
      vertex 1.71653 2.56896 8.79441
      vertex 1.99921 2.61302 9
      vertex 1.82796 2.73574 9
    endloop
  endfacet
  facet normal -0.417202 -0.581778 0.698195
    outer loop
      vertex 1.99921 2.61302 9
      vertex 1.72265 2.47558 8.72022
      vertex 1.72003 2.46787 8.71223
    endloop
  endfacet
  facet normal 0.11663 -0.706394 0.698144
    outer loop
      vertex -0.637328 3.22778 9
      vertex -0.551332 3.12676 8.88342
      vertex -0.429462 3.2621 9
    endloop
  endfacet
  facet normal 0.116752 -0.706335 0.698183
    outer loop
      vertex -0.551332 3.12676 8.88342
      vertex -0.637328 3.22778 9
      vertex -0.560552 3.12318 8.88134
    endloop
  endfacet
  facet normal 0.116638 -0.706397 0.698139
    outer loop
      vertex -0.444058 3.12442 8.86313
      vertex -0.429462 3.2621 9
      vertex -0.551332 3.12676 8.88342
    endloop
  endfacet
  facet normal 0.116574 -0.706399 0.698148
    outer loop
      vertex -0.429462 3.2621 9
      vertex -0.444058 3.12442 8.86313
      vertex -0.409326 3.10914 8.84187
    endloop
  endfacet
  facet normal 0.652148 0.295489 0.698133
    outer loop
      vertex -2.95093 -1.45524 9
      vertex -2.60093 -1.28264 8.6
      vertex -3.03788 -1.26334 9
    endloop
  endfacet
  facet normal 0.20781 -0.685155 0.698124
    outer loop
      vertex -1.05319 3.11698 9
      vertex -0.772748 2.88394 8.68781
      vertex -0.851577 3.17813 9
    endloop
  endfacet
  facet normal 0.207901 -0.685092 0.698159
    outer loop
      vertex -0.772748 2.88394 8.68781
      vertex -1.05319 3.11698 9
      vertex -0.774021 2.82565 8.63099
    endloop
  endfacet
  facet normal 0.71254 -0.0702174 0.698109
    outer loop
      vertex -2.87519 0.378526 8.6
      vertex -3.00524 0.254066 8.72022
      vertex -2.9 0.275 8.61491
    endloop
  endfacet
  facet normal 0.712515 -0.0701599 0.698141
    outer loop
      vertex -3.28275 0.219798 9
      vertex -3.00524 0.254066 8.72022
      vertex -2.87519 0.378526 8.6
    endloop
  endfacet
  facet normal 0.712561 -0.0696162 0.698148
    outer loop
      vertex -3.08305 0.202073 8.79441
      vertex -3.28275 0.219798 9
      vertex -3.2832 0.215192 9
    endloop
  endfacet
  facet normal 0.712514 -0.0701112 0.698146
    outer loop
      vertex -3.28275 0.219798 9
      vertex -3.08305 0.202073 8.79441
      vertex -3.00524 0.254066 8.72022
    endloop
  endfacet
  facet normal 0.712473 -0.0701911 0.69818
    outer loop
      vertex -2.87519 0.378526 8.6
      vertex -2.9 0.275 8.61491
      vertex -2.88567 0.272149 8.6
    endloop
  endfacet
  facet normal 0.652291 -0.2956 0.697952
    outer loop
      vertex -2.60093 1.28264 8.6
      vertex -2.63105 1.25027 8.61444
      vertex -2.61893 1.24292 8.6
    endloop
  endfacet
  facet normal 0.652181 -0.295418 0.698132
    outer loop
      vertex -2.60093 1.28264 8.6
      vertex -2.7371 1.2666 8.72042
      vertex -2.63105 1.25027 8.61444
    endloop
  endfacet
  facet normal 0.652245 -0.294965 0.698264
    outer loop
      vertex -3.03788 1.26334 9
      vertex -2.7371 1.2666 8.72042
      vertex -2.60093 1.28264 8.6
    endloop
  endfacet
  facet normal 0.652113 -0.295607 0.698115
    outer loop
      vertex -3.03788 1.26334 9
      vertex -2.84133 1.24109 8.80698
      vertex -2.7371 1.2666 8.72042
    endloop
  endfacet
  facet normal 0.652154 -0.295462 0.698139
    outer loop
      vertex -3.03788 1.26334 9
      vertex -2.89726 1.20008 8.84187
      vertex -2.84133 1.24109 8.80698
    endloop
  endfacet
  facet normal 0.652263 -0.295219 0.698139
    outer loop
      vertex -2.89726 1.20008 8.84187
      vertex -3.03788 1.26334 9
      vertex -3.03979 1.25912 9
    endloop
  endfacet
  facet normal -0.0234292 -0.715585 0.698132
    outer loop
      vertex 0.189669 2.89379 8.6
      vertex 0.210566 3.28335 9
      vertex 0 2.9 8.6
    endloop
  endfacet
  facet normal -0.0232035 -0.715595 0.69813
    outer loop
      vertex 0.210566 3.28335 9
      vertex 0.189669 2.89379 8.6
      vertex 0.215192 3.2832 9
    endloop
  endfacet
  facet normal 0.652148 -0.295489 0.698133
    outer loop
      vertex -2.60093 1.28264 8.6
      vertex -2.95093 1.45524 9
      vertex -3.03788 1.26334 9
    endloop
  endfacet
  facet normal -0.0696043 -0.712439 0.698273
    outer loop
      vertex 0.215192 3.2832 9
      vertex 0.312042 3.0459 8.76754
      vertex 0.219798 3.28275 9
    endloop
  endfacet
  facet normal -0.0700437 -0.712507 0.69816
    outer loop
      vertex 0.215192 3.2832 9
      vertex 0.271646 3.0037 8.72042
      vertex 0.312042 3.0459 8.76754
    endloop
  endfacet
  facet normal -0.0702211 -0.712516 0.698133
    outer loop
      vertex 0.189669 2.89379 8.6
      vertex 0.271646 3.0037 8.72042
      vertex 0.215192 3.2832 9
    endloop
  endfacet
  facet normal -0.0700547 -0.712583 0.698081
    outer loop
      vertex 0.271646 3.0037 8.72042
      vertex 0.189669 2.89379 8.6
      vertex 0.232758 2.9037 8.61444
    endloop
  endfacet
  facet normal -0.0701036 -0.712495 0.698166
    outer loop
      vertex 0.232758 2.9037 8.61444
      vertex 0.189669 2.89379 8.6
      vertex 0.233067 2.88952 8.6
    endloop
  endfacet
  facet normal 0.417037 -0.581923 0.698173
    outer loop
      vertex -1.68816 2.37397 8.61491
      vertex -1.76541 2.30072 8.6
      vertex -1.67852 2.36299 8.6
    endloop
  endfacet
  facet normal 0.417092 -0.581967 0.698104
    outer loop
      vertex -1.72003 2.46787 8.71223
      vertex -1.76541 2.30072 8.6
      vertex -1.68816 2.37397 8.61491
    endloop
  endfacet
  facet normal 0.416667 -0.582405 0.697992
    outer loop
      vertex -2.00297 2.61033 9
      vertex -1.72003 2.46787 8.71223
      vertex -1.99921 2.61302 9
    endloop
  endfacet
  facet normal 0.417031 -0.581972 0.698136
    outer loop
      vertex -1.72003 2.46787 8.71223
      vertex -2.00297 2.61033 9
      vertex -1.76541 2.30072 8.6
    endloop
  endfacet
  facet normal 0.715593 -0.0232034 0.698132
    outer loop
      vertex -3.09445 0.194454 8.80584
      vertex -3.2832 0.215192 9
      vertex -3.28335 0.210566 9
    endloop
  endfacet
  facet normal 0.715582 -0.0233525 0.698138
    outer loop
      vertex -3.2832 0.215192 9
      vertex -3.09445 0.194454 8.80584
      vertex -3.08305 0.202073 8.79441
    endloop
  endfacet
  facet normal 0.71558 -0.0234151 0.698138
    outer loop
      vertex -3.09445 0.194454 8.80584
      vertex -3.28335 0.210566 9
      vertex -3.13729 0.13034 8.8476
    endloop
  endfacet
  facet normal 0.582297 -0.41659 0.698129
    outer loop
      vertex -2.61302 1.99921 9
      vertex -2.48793 1.90906 8.84187
      vertex -2.61033 2.00297 9
    endloop
  endfacet
  facet normal 0.581914 -0.416942 0.698238
    outer loop
      vertex -2.3983 1.65342 8.61444
      vertex -2.41126 1.61115 8.6
      vertex -2.38586 1.6466 8.6
    endloop
  endfacet
  facet normal 0.582048 -0.416945 0.698124
    outer loop
      vertex -2.46546 1.7371 8.72041
      vertex -2.41126 1.61115 8.6
      vertex -2.3983 1.65342 8.61444
    endloop
  endfacet
  facet normal 0.581965 -0.417052 0.698129
    outer loop
      vertex -2.48793 1.90906 8.84187
      vertex -2.61302 1.99921 9
      vertex -2.49548 1.84012 8.80698
    endloop
  endfacet
  facet normal 0.581932 -0.417085 0.698137
    outer loop
      vertex -2.49548 1.84012 8.80698
      vertex -2.61302 1.99921 9
      vertex -2.46546 1.7371 8.72041
    endloop
  endfacet
  facet normal 0.582406 -0.416664 0.697993
    outer loop
      vertex -2.46546 1.7371 8.72041
      vertex -2.61302 1.99921 9
      vertex -2.41126 1.61115 8.6
    endloop
  endfacet
  facet normal -0.337398 0.63146 0.698156
    outer loop
      vertex 1.45577 -2.78215 8.8476
      vertex 1.45524 -2.95093 9
      vertex 1.45932 -2.94875 9
    endloop
  endfacet
  facet normal -0.337436 0.63145 0.698145
    outer loop
      vertex 1.37882 -2.7771 8.80584
      vertex 1.45524 -2.95093 9
      vertex 1.45577 -2.78215 8.8476
    endloop
  endfacet
  facet normal -0.337715 0.631314 0.698133
    outer loop
      vertex 1.45524 -2.95093 9
      vertex 1.37882 -2.7771 8.80584
      vertex 1.36652 -2.77104 8.79441
    endloop
  endfacet
  facet normal 0.0232035 -0.715595 0.69813
    outer loop
      vertex -0.189669 2.89379 8.6
      vertex -0.210566 3.28335 9
      vertex -0.215192 3.2832 9
    endloop
  endfacet
  facet normal 0.0234292 -0.715585 0.698132
    outer loop
      vertex -0.210566 3.28335 9
      vertex -0.189669 2.89379 8.6
      vertex 0 2.9 8.6
    endloop
  endfacet
  facet normal -0.661966 -0.249136 0.706917
    outer loop
      vertex -5.70222 -2.02094 8.94814
      vertex -5.54328 -2.2961 9
      vertex -5.67015 -1.959 9
    endloop
  endfacet
  facet normal -0.66197 -0.249139 0.706912
    outer loop
      vertex -5.74281 -2.08816 8.88644
      vertex -5.54328 -2.2961 9
      vertex -5.70222 -2.02094 8.94814
    endloop
  endfacet
  facet normal -0.661972 -0.249143 0.706909
    outer loop
      vertex -5.78771 -2.15258 8.82169
      vertex -5.54328 -2.2961 9
      vertex -5.74281 -2.08816 8.88644
    endloop
  endfacet
  facet normal -0.661965 -0.249103 0.706931
    outer loop
      vertex -5.83673 -2.21393 8.75417
      vertex -5.54328 -2.2961 9
      vertex -5.78771 -2.15258 8.82169
    endloop
  endfacet
  facet normal -0.661965 -0.249041 0.706952
    outer loop
      vertex -5.86433 -2.24418 8.71767
      vertex -5.54328 -2.2961 9
      vertex -5.83673 -2.21393 8.75417
    endloop
  endfacet
  facet normal -0.661955 -0.249165 0.706917
    outer loop
      vertex -5.54328 -2.2961 9
      vertex -5.86433 -2.24418 8.71767
      vertex -6.00522 -2.48744 8.5
    endloop
  endfacet
  facet normal -0.644249 -0.291911 0.706917
    outer loop
      vertex -5.54328 -2.2961 9
      vertex -6.00522 -2.48744 8.5
      vertex -5.82967 -2.87488 8.5
    endloop
  endfacet
  facet normal -0.685651 0.310666 -0.658307
    outer loop
      vertex -5.3585 2.21956 0
      vertex -6.00522 2.48744 0.8
      vertex -5.20186 2.56527 0
    endloop
  endfacet
  facet normal -0.935905 -0.352253 0
    outer loop
      vertex -6.00522 -2.48744 0.8
      vertex -6.03801 -2.40032 8.5
      vertex -6.03801 -2.40032 0.8
    endloop
  endfacet
  facet normal -0.935905 -0.352253 0
    outer loop
      vertex -6.03801 -2.40032 8.5
      vertex -6.00522 -2.48744 0.8
      vertex -6.00522 -2.48744 8.5
    endloop
  endfacet
  facet normal -0.205298 0.676787 0.706974
    outer loop
      vertex -2.08936 6.15505 8.5
      vertex -1.71721 6.19396 8.57082
      vertex -1.73612 6.22186 8.53862
    endloop
  endfacet
  facet normal -0.205301 0.676828 0.706933
    outer loop
      vertex -2.08936 6.15505 8.5
      vertex -1.73612 6.22186 8.53862
      vertex -1.75619 6.25611 8.5
    endloop
  endfacet
  facet normal -0.205294 0.676844 0.70692
    outer loop
      vertex -1.71721 6.19396 8.57082
      vertex -2.08936 6.15505 8.5
      vertex -1.92864 5.68158 9
    endloop
  endfacet
  facet normal -0.623778 0.333431 0.706912
    outer loop
      vertex -5.31738 2.88531 8.94712
      vertex -5.38124 2.65373 9
      vertex -5.24774 2.90348 9
    endloop
  endfacet
  facet normal -0.623722 0.333427 0.706963
    outer loop
      vertex -5.3945 2.87049 8.88607
      vertex -5.38124 2.65373 9
      vertex -5.31738 2.88531 8.94712
    endloop
  endfacet
  facet normal -0.623875 0.333363 0.706859
    outer loop
      vertex -5.47241 2.86075 8.8219
      vertex -5.38124 2.65373 9
      vertex -5.3945 2.87049 8.88607
    endloop
  endfacet
  facet normal -0.623762 0.33346 0.706913
    outer loop
      vertex -5.5508 2.85613 8.75491
      vertex -5.38124 2.65373 9
      vertex -5.47241 2.86075 8.8219
    endloop
  endfacet
  facet normal -0.623737 0.333489 0.70692
    outer loop
      vertex -5.62933 2.85664 8.68538
      vertex -5.38124 2.65373 9
      vertex -5.5508 2.85613 8.75491
    endloop
  endfacet
  facet normal -0.623742 0.333483 0.70692
    outer loop
      vertex -5.70765 2.86229 8.61361
      vertex -5.38124 2.65373 9
      vertex -5.62933 2.85664 8.68538
    endloop
  endfacet
  facet normal -0.62371 0.333538 0.706922
    outer loop
      vertex -5.78544 2.87305 8.5399
      vertex -5.38124 2.65373 9
      vertex -5.70765 2.86229 8.61361
    endloop
  endfacet
  facet normal -0.623755 0.333804 0.706756
    outer loop
      vertex -5.82967 2.87488 8.5
      vertex -5.78544 2.87305 8.5399
      vertex -5.81163 2.87844 8.51424
    endloop
  endfacet
  facet normal -0.623932 0.333124 0.706921
    outer loop
      vertex -5.78544 2.87305 8.5399
      vertex -5.82967 2.87488 8.5
      vertex -5.38124 2.65373 9
    endloop
  endfacet
  facet normal -0.704471 -0.265207 -0.65832
    outer loop
      vertex -5.49219 -1.86435 0
      vertex -5.66612 -1.9512 0.221111
      vertex -5.65183 -1.91854 0.192662
    endloop
  endfacet
  facet normal -0.704453 -0.265249 -0.658323
    outer loop
      vertex -5.49219 -1.86435 0
      vertex -5.70222 -2.02094 0.28784
      vertex -5.66612 -1.9512 0.221111
    endloop
  endfacet
  facet normal -0.704496 -0.265168 -0.65831
    outer loop
      vertex -5.49219 -1.86435 0
      vertex -5.74281 -2.08816 0.358354
      vertex -5.70222 -2.02094 0.28784
    endloop
  endfacet
  facet normal -0.704471 -0.265211 -0.658319
    outer loop
      vertex -5.49219 -1.86435 0
      vertex -5.78771 -2.15258 0.432354
      vertex -5.74281 -2.08816 0.358354
    endloop
  endfacet
  facet normal -0.704604 -0.264992 -0.658264
    outer loop
      vertex -5.49219 -1.86435 0
      vertex -5.83673 -2.21393 0.509522
      vertex -5.78771 -2.15258 0.432354
    endloop
  endfacet
  facet normal -0.704505 -0.265152 -0.658307
    outer loop
      vertex -6.00522 -2.48744 0.8
      vertex -5.83673 -2.21393 0.509522
      vertex -5.49219 -1.86435 0
    endloop
  endfacet
  facet normal -0.704512 -0.265162 -0.658295
    outer loop
      vertex -6.00631 -2.37697 0.756669
      vertex -6.00522 -2.48744 0.8
      vertex -6.03801 -2.40032 0.8
    endloop
  endfacet
  facet normal -0.704459 -0.265181 -0.658344
    outer loop
      vertex -5.94626 -2.32636 0.672027
      vertex -6.00522 -2.48744 0.8
      vertex -6.00631 -2.37697 0.756669
    endloop
  endfacet
  facet normal -0.704602 -0.265049 -0.658244
    outer loop
      vertex -5.88966 -2.27194 0.589528
      vertex -6.00522 -2.48744 0.8
      vertex -5.94626 -2.32636 0.672027
    endloop
  endfacet
  facet normal -0.704419 -0.265257 -0.658356
    outer loop
      vertex -5.83673 -2.21393 0.509522
      vertex -6.00522 -2.48744 0.8
      vertex -5.88966 -2.27194 0.589528
    endloop
  endfacet
  facet normal -0.644253 -0.291907 0.706915
    outer loop
      vertex -5.54328 -2.2961 9
      vertex -5.82967 -2.87488 8.5
      vertex -5.38124 -2.65373 9
    endloop
  endfacet
  facet normal -0.742465 0.12266 -0.65856
    outer loop
      vertex -5.75038 0.757051 0
      vertex -5.75597 0.761621 0.00715339
      vertex -5.74742 0.774968 0
    endloop
  endfacet
  facet normal -0.662286 -0.248808 0.706733
    outer loop
      vertex -5.88966 -2.27194 8.68416
      vertex -6.00522 -2.48744 8.5
      vertex -5.86433 -2.24418 8.71767
    endloop
  endfacet
  facet normal -0.661965 -0.249138 0.706918
    outer loop
      vertex -5.94626 -2.32636 8.61198
      vertex -6.00522 -2.48744 8.5
      vertex -5.88966 -2.27194 8.68416
    endloop
  endfacet
  facet normal -0.661988 -0.24912 0.706903
    outer loop
      vertex -6.00631 -2.37697 8.53791
      vertex -6.00522 -2.48744 8.5
      vertex -5.94626 -2.32636 8.61198
    endloop
  endfacet
  facet normal -0.66193 -0.249136 0.706951
    outer loop
      vertex -6.00522 -2.48744 8.5
      vertex -6.00631 -2.37697 8.53791
      vertex -6.03801 -2.40032 8.5
    endloop
  endfacet
  facet normal -0.623804 -0.333331 0.706936
    outer loop
      vertex -5.81163 -2.87844 8.51424
      vertex -5.82967 -2.87488 8.5
      vertex -5.82617 -2.88143 8.5
    endloop
  endfacet
  facet normal -0.170879 -0.733088 -0.658318
    outer loop
      vertex -1.47643 -5.92963 0.358013
      vertex -1.50115 -5.60237 0
      vertex -1.4162 -5.88403 0.2916
    endloop
  endfacet
  facet normal -0.17102 -0.733075 -0.658296
    outer loop
      vertex -1.53581 -5.98101 0.430656
      vertex -1.50115 -5.60237 0
      vertex -1.47643 -5.92963 0.358013
    endloop
  endfacet
  facet normal -0.170968 -0.733084 -0.658299
    outer loop
      vertex -1.59169 -6.03617 0.506595
      vertex -1.50115 -5.60237 0
      vertex -1.53581 -5.98101 0.430656
    endloop
  endfacet
  facet normal -0.17076 -0.73313 -0.658302
    outer loop
      vertex -1.50115 -5.60237 0
      vertex -1.59169 -6.03617 0.506595
      vertex -1.62848 -6.07757 0.562244
    endloop
  endfacet
  facet normal 0.733044 -0.170905 -0.65836
    outer loop
      vertex 6.25635 -1.60741 0.755864
      vertex 6.3751 -1.26809 0.8
      vertex 6.29605 -1.60715 0.8
    endloop
  endfacet
  facet normal 0.733099 -0.170933 -0.658292
    outer loop
      vertex 6.17803 -1.61306 0.670111
      vertex 6.3751 -1.26809 0.8
      vertex 6.25635 -1.60741 0.755864
    endloop
  endfacet
  facet normal 0.73307 -0.170902 -0.658332
    outer loop
      vertex 6.10024 -1.62382 0.586283
      vertex 6.3751 -1.26809 0.8
      vertex 6.17803 -1.61306 0.670111
    endloop
  endfacet
  facet normal 0.733122 -0.17099 -0.658252
    outer loop
      vertex 6.07757 -1.62848 0.562245
      vertex 6.3751 -1.26809 0.8
      vertex 6.10024 -1.62382 0.586283
    endloop
  endfacet
  facet normal 0.733089 -0.170928 -0.658304
    outer loop
      vertex 6.3751 -1.26809 0.8
      vertex 6.07757 -1.62848 0.562245
      vertex 5.60237 -1.50115 0
    endloop
  endfacet
  facet normal 0.412026 -0.574887 0.706923
    outer loop
      vertex 3.41864 -5.0649 8.88846
      vertex 3.33342 -4.98882 9
      vertex 3.41766 -5.1149 8.84837
    endloop
  endfacet
  facet normal 0.41201 -0.574901 0.706921
    outer loop
      vertex 3.33342 -4.98882 9
      vertex 3.41864 -5.0649 8.88846
      vertex 3.42307 -5.01297 8.92811
    endloop
  endfacet
  facet normal 0.0693196 -0.703893 0.706916
    outer loop
      vertex 0.783156 -5.94867 9
      vertex 0.392418 -5.98715 9
      vertex 0.84842 -6.44439 8.5
    endloop
  endfacet
  facet normal -0.448611 0.546771 0.706958
    outer loop
      vertex -3.98075 4.89933 8.68403
      vertex -3.95607 4.51104 9
      vertex -3.95659 4.88838 8.70783
    endloop
  endfacet
  facet normal -0.448675 0.546861 0.706848
    outer loop
      vertex -4.28575 4.88696 8.5
      vertex -3.98075 4.89933 8.68403
      vertex -4.05 4.93634 8.61144
    endloop
  endfacet
  facet normal -0.448684 0.546785 0.706901
    outer loop
      vertex -4.28575 4.88696 8.5
      vertex -4.05 4.93634 8.61144
      vertex -4.11668 4.97781 8.53704
    endloop
  endfacet
  facet normal -0.448651 0.546682 0.707002
    outer loop
      vertex -4.28575 4.88696 8.5
      vertex -4.11668 4.97781 8.53704
      vertex -4.14784 5.00014 8.5
    endloop
  endfacet
  facet normal -0.448714 0.546734 0.706921
    outer loop
      vertex -3.98075 4.89933 8.68403
      vertex -4.28575 4.88696 8.5
      vertex -3.95607 4.51104 9
    endloop
  endfacet
  facet normal 0.812851 -0.582472 0
    outer loop
      vertex 5.1568 -3.95695 8.5
      vertex 5.40455 -3.61121 0.8
      vertex 5.40455 -3.61121 8.5
    endloop
  endfacet
  facet normal 0.812851 -0.582472 0
    outer loop
      vertex 5.40455 -3.61121 0.8
      vertex 5.1568 -3.95695 8.5
      vertex 5.1568 -3.95695 0.8
    endloop
  endfacet
  facet normal 0.0336419 0.999434 -0
    outer loop
      vertex 0.425119 6.48608 0.8
      vertex 0.417692 6.48633 8.5
      vertex 0.425119 6.48608 8.5
    endloop
  endfacet
  facet normal 0.0336419 0.999434 0
    outer loop
      vertex 0.417692 6.48633 8.5
      vertex 0.425119 6.48608 0.8
      vertex 0.417692 6.48633 0.8
    endloop
  endfacet
  facet normal 0.581852 -0.47757 -0.658312
    outer loop
      vertex 4.6798 -3.92934 0.358355
      vertex 4.60145 -3.53082 0
      vertex 4.75458 -3.93572 0.429078
    endloop
  endfacet
  facet normal 0.581891 -0.477547 -0.658295
    outer loop
      vertex 4.60129 -3.9278 0.28784
      vertex 4.60145 -3.53082 0
      vertex 4.6798 -3.92934 0.358355
    endloop
  endfacet
  facet normal 0.581911 -0.477539 -0.658283
    outer loop
      vertex 4.52285 -3.9314 0.221112
      vertex 4.60145 -3.53082 0
      vertex 4.60129 -3.9278 0.28784
    endloop
  endfacet
  facet normal 0.581826 -0.477625 -0.658296
    outer loop
      vertex 4.36067 -3.82421 0
      vertex 4.52285 -3.9314 0.221112
      vertex 4.48741 -3.93536 0.192662
    endloop
  endfacet
  facet normal 0.581886 -0.477544 -0.658301
    outer loop
      vertex 4.52285 -3.9314 0.221112
      vertex 4.36067 -3.82421 0
      vertex 4.60145 -3.53082 0
    endloop
  endfacet
  facet normal 0.704468 0.265117 -0.65836
    outer loop
      vertex 5.47744 1.93603 0.013082
      vertex 5.49219 1.86435 0
      vertex 5.45768 1.95605 0
    endloop
  endfacet
  facet normal 0.704541 0.265117 -0.658282
    outer loop
      vertex 5.49219 1.86435 0
      vertex 5.47744 1.93603 0.013082
      vertex 5.52004 1.89817 0.0434278
    endloop
  endfacet
  facet normal 0.720112 -0.21889 -0.658427
    outer loop
      vertex 5.80107 -1.71671 0.288977
      vertex 5.60237 -1.50115 0
      vertex 5.80382 -1.71555 0.291599
    endloop
  endfacet
  facet normal 0.720329 -0.218532 -0.658309
    outer loop
      vertex 5.73087 -1.7519 0.223845
      vertex 5.60237 -1.50115 0
      vertex 5.80107 -1.71671 0.288977
    endloop
  endfacet
  facet normal 0.720376 -0.218478 -0.658275
    outer loop
      vertex 5.66313 -1.79161 0.162894
      vertex 5.60237 -1.50115 0
      vertex 5.73087 -1.7519 0.223845
    endloop
  endfacet
  facet normal 0.720307 -0.218525 -0.658334
    outer loop
      vertex 5.59812 -1.83566 0.106386
      vertex 5.60237 -1.50115 0
      vertex 5.66313 -1.79161 0.162894
    endloop
  endfacet
  facet normal 0.72033 -0.218518 -0.658312
    outer loop
      vertex 5.59812 -1.83566 0.106386
      vertex 5.49219 -1.86435 0
      vertex 5.60237 -1.50115 0
    endloop
  endfacet
  facet normal 0.72033 -0.218498 -0.658318
    outer loop
      vertex 5.49219 -1.86435 0
      vertex 5.59812 -1.83566 0.106386
      vertex 5.54026 -1.88066 0.0580114
    endloop
  endfacet
  facet normal -0.706917 -0.0231485 0.706917
    outer loop
      vertex -6 0 9
      vertex -6.5 0 8.5
      vertex -5.98715 -0.392418 9
    endloop
  endfacet
  facet normal 0.373537 -0.600694 0.70685
    outer loop
      vertex 3.46205 -5.45343 8.53728
      vertex 3.25 -5.62916 8.5
      vertex 3.47369 -5.49006 8.5
    endloop
  endfacet
  facet normal 0.373459 -0.600621 0.706953
    outer loop
      vertex 3.44322 -5.37719 8.612
      vertex 3.25 -5.62916 8.5
      vertex 3.46205 -5.45343 8.53728
    endloop
  endfacet
  facet normal 0.37362 -0.600683 0.706815
    outer loop
      vertex 3.43754 -5.34534 8.64207
      vertex 3.25 -5.62916 8.5
      vertex 3.44322 -5.37719 8.612
    endloop
  endfacet
  facet normal 0.373488 -0.600647 0.706916
    outer loop
      vertex 3.25 -5.62916 8.5
      vertex 3.43754 -5.34534 8.64207
      vertex 3 -5.19615 9
    endloop
  endfacet
  facet normal -0.623804 0.333331 0.706936
    outer loop
      vertex -5.82617 2.88143 8.5
      vertex -5.82967 2.87488 8.5
      vertex -5.81163 2.87844 8.51424
    endloop
  endfacet
  facet normal -0.0246379 0.75235 -0.658303
    outer loop
      vertex 0 5.8 0
      vertex -0.0159035 5.89138 0.10503
      vertex 0 5.90375 0.118572
    endloop
  endfacet
  facet normal -0.0246033 0.752353 -0.6583
    outer loop
      vertex 0 5.8 0
      vertex -0.0809088 5.84733 0.057116
      vertex -0.0159035 5.89138 0.10503
    endloop
  endfacet
  facet normal -0.0246358 0.752329 -0.658327
    outer loop
      vertex 0 5.8 0
      vertex -0.148655 5.80762 0.014271
      vertex -0.0809088 5.84733 0.057116
    endloop
  endfacet
  facet normal -0.024634 0.75234 -0.658314
    outer loop
      vertex -0.148655 5.80762 0.014271
      vertex 0 5.8 0
      vertex -0.175304 5.79426 0
    endloop
  endfacet
  facet normal 0.291877 0.644265 0.706916
    outer loop
      vertex 2.67701 5.49308 8.88846
      vertex 2.65373 5.38124 9
      vertex 2.7208 5.51723 8.84837
    endloop
  endfacet
  facet normal 0.291861 0.64427 0.706918
    outer loop
      vertex 2.60591 5.45974 8.9482
      vertex 2.65373 5.38124 9
      vertex 2.67701 5.49308 8.88846
    endloop
  endfacet
  facet normal 0.291919 0.644282 0.706883
    outer loop
      vertex 2.65373 5.38124 9
      vertex 2.60591 5.45974 8.9482
      vertex 2.53861 5.4334 9
    endloop
  endfacet
  facet normal -0.290269 0.956945 0
    outer loop
      vertex -1.75619 6.25611 0.8
      vertex -2.08936 6.15505 8.5
      vertex -1.75619 6.25611 8.5
    endloop
  endfacet
  facet normal -0.290269 0.956945 0
    outer loop
      vertex -2.08936 6.15505 8.5
      vertex -1.75619 6.25611 0.8
      vertex -2.08936 6.15505 0.8
    endloop
  endfacet
  facet normal -0.249168 -0.661948 0.706923
    outer loop
      vertex -1.92864 -5.68158 9
      vertex -2.26027 -5.81894 8.75449
      vertex -2.25517 -5.87069 8.70783
    endloop
  endfacet
  facet normal -0.249136 -0.661984 0.7069
    outer loop
      vertex -1.92864 -5.68158 9
      vertex -2.27306 -5.74147 8.82253
      vertex -2.26027 -5.81894 8.75449
    endloop
  endfacet
  facet normal -0.249155 -0.66195 0.706926
    outer loop
      vertex -1.92864 -5.68158 9
      vertex -2.29089 -5.66499 8.88786
      vertex -2.27306 -5.74147 8.82253
    endloop
  endfacet
  facet normal -0.249148 -0.661981 0.706899
    outer loop
      vertex -2.2961 -5.54328 9
      vertex -2.29089 -5.66499 8.88786
      vertex -1.92864 -5.68158 9
    endloop
  endfacet
  facet normal -0.249251 -0.661966 0.706877
    outer loop
      vertex -2.2961 -5.54328 9
      vertex -2.31368 -5.58985 8.95019
      vertex -2.29089 -5.66499 8.88786
    endloop
  endfacet
  facet normal -0.246494 -0.663002 0.706873
    outer loop
      vertex -2.31368 -5.58985 8.95019
      vertex -2.2961 -5.54328 9
      vertex -2.3145 -5.58769 8.95193
    endloop
  endfacet
  facet normal 0.676834 -0.205296 0.706929
    outer loop
      vertex 5.79555 -1.55291 9
      vertex 6.02333 -1.63964 8.75673
      vertex 6.07757 -1.62848 8.70804
    endloop
  endfacet
  facet normal 0.676833 -0.2053 0.706929
    outer loop
      vertex 5.79555 -1.55291 9
      vertex 5.94761 -1.66046 8.82318
      vertex 6.02333 -1.63964 8.75673
    endloop
  endfacet
  facet normal 0.676837 -0.205292 0.706928
    outer loop
      vertex 5.79555 -1.55291 9
      vertex 5.87342 -1.68619 8.88674
      vertex 5.94761 -1.66046 8.82318
    endloop
  endfacet
  facet normal 0.67685 -0.205278 0.70692
    outer loop
      vertex 5.79555 -1.55291 9
      vertex 5.80107 -1.71671 8.94715
      vertex 5.87342 -1.68619 8.88674
    endloop
  endfacet
  facet normal 0.676834 -0.205283 0.706934
    outer loop
      vertex 5.80107 -1.71671 8.94715
      vertex 5.79555 -1.55291 9
      vertex 5.73597 -1.74935 9
    endloop
  endfacet
  facet normal 0.115187 -0.697865 0.706906
    outer loop
      vertex 0.783156 -5.94867 9
      vertex 0.988648 -6.20075 8.71766
      vertex 1.00105 -6.16172 8.75417
    endloop
  endfacet
  facet normal 0.115197 -0.69786 0.70691
    outer loop
      vertex 0.783156 -5.94867 9
      vertex 1.00105 -6.16172 8.75417
      vertex 1.02967 -6.0886 8.82169
    endloop
  endfacet
  facet normal 0.11523 -0.69783 0.706933
    outer loop
      vertex 0.783156 -5.94867 9
      vertex 1.02967 -6.0886 8.82169
      vertex 1.06301 -6.0175 8.88644
    endloop
  endfacet
  facet normal 0.115219 -0.69785 0.706916
    outer loop
      vertex 0.988648 -6.20075 8.71766
      vertex 0.783156 -5.94867 9
      vertex 0.84842 -6.44439 8.5
    endloop
  endfacet
  facet normal 0.115212 -0.697861 0.706906
    outer loop
      vertex 1.10093 -5.94874 8.94814
      vertex 0.783156 -5.94867 9
      vertex 1.06301 -6.0175 8.88644
    endloop
  endfacet
  facet normal 0.115212 -0.697859 0.706908
    outer loop
      vertex 0.783156 -5.94867 9
      vertex 1.10093 -5.94874 8.94814
      vertex 1.13853 -5.89 9
    endloop
  endfacet
  facet normal -0.160643 -0.68885 0.70688
    outer loop
      vertex -1.55291 -5.79555 9
      vertex -1.41382 -5.88223 8.94714
      vertex -1.353 -5.84217 9
    endloop
  endfacet
  facet normal -0.160564 -0.688777 0.706969
    outer loop
      vertex -1.55291 -5.79555 9
      vertex -1.47643 -5.92963 8.88674
      vertex -1.41382 -5.88223 8.94714
    endloop
  endfacet
  facet normal -0.16068 -0.688801 0.706919
    outer loop
      vertex -1.55291 -5.79555 9
      vertex -1.53581 -5.98101 8.82318
      vertex -1.47643 -5.92963 8.88674
    endloop
  endfacet
  facet normal -0.160707 -0.6888 0.706915
    outer loop
      vertex -1.55291 -5.79555 9
      vertex -1.59169 -6.03617 8.75673
      vertex -1.53581 -5.98101 8.82318
    endloop
  endfacet
  facet normal -0.16041 -0.688858 0.706925
    outer loop
      vertex -1.59169 -6.03617 8.75673
      vertex -1.55291 -5.79555 9
      vertex -1.62848 -6.07757 8.70804
    endloop
  endfacet
  facet normal 0.688806 -0.160627 0.706927
    outer loop
      vertex 5.88471 -1.17054 9
      vertex 6.17803 -1.61306 8.61365
      vertex 6.22274 -1.60983 8.57082
    endloop
  endfacet
  facet normal 0.6888 -0.160634 0.706931
    outer loop
      vertex 5.88471 -1.17054 9
      vertex 6.10024 -1.62382 8.687
      vertex 6.17803 -1.61306 8.61365
    endloop
  endfacet
  facet normal 0.688969 -0.160466 0.706804
    outer loop
      vertex 5.88471 -1.17054 9
      vertex 6.07757 -1.62848 8.70804
      vertex 6.10024 -1.62382 8.687
    endloop
  endfacet
  facet normal 0.688807 -0.160614 0.706929
    outer loop
      vertex 6.07757 -1.62848 8.70804
      vertex 5.88471 -1.17054 9
      vertex 5.79555 -1.55291 9
    endloop
  endfacet
  facet normal -0.706917 0.0231485 0.706917
    outer loop
      vertex -5.98715 0.392418 9
      vertex -6.5 0 8.5
      vertex -6 0 9
    endloop
  endfacet
  facet normal 0.115486 0.697911 0.706812
    outer loop
      vertex 0.97727 6.23656 8.68416
      vertex 0.84842 6.44439 8.5
      vertex 0.988648 6.20075 8.71766
    endloop
  endfacet
  facet normal 0.114944 0.697774 0.707036
    outer loop
      vertex 0.95844 6.3128 8.61198
      vertex 0.84842 6.44439 8.5
      vertex 0.97727 6.23656 8.68416
    endloop
  endfacet
  facet normal 0.115161 0.697856 0.70692
    outer loop
      vertex 0.944635 6.3901 8.53792
      vertex 0.84842 6.44439 8.5
      vertex 0.95844 6.3128 8.61198
    endloop
  endfacet
  facet normal 0.115197 0.697891 0.706879
    outer loop
      vertex 0.84842 6.44439 8.5
      vertex 0.944635 6.3901 8.53792
      vertex 0.940263 6.42923 8.5
    endloop
  endfacet
  facet normal 0.986635 0.162944 0
    outer loop
      vertex 6.40417 1.09207 8.5
      vertex 6.3751 1.26809 0.8
      vertex 6.3751 1.26809 8.5
    endloop
  endfacet
  facet normal 0.986635 0.162944 0
    outer loop
      vertex 6.3751 1.26809 0.8
      vertex 6.40417 1.09207 8.5
      vertex 6.40417 1.09207 0.8
    endloop
  endfacet
  facet normal -0.63923 0.397552 -0.658283
    outer loop
      vertex -5.02295 2.9 0
      vertex -5.09413 2.95946 0.105029
      vertex -5.06296 2.97458 0.0838925
    endloop
  endfacet
  facet normal -0.639148 0.397667 -0.658293
    outer loop
      vertex -5.09413 2.95946 0.105029
      vertex -5.02295 2.9 0
      vertex -5.1128 2.95187 0.118571
    endloop
  endfacet
  facet normal -0.516241 -0.48347 0.706931
    outer loop
      vertex -4.41181 -4.32055 8.82318
      vertex -4.24264 -4.24264 9
      vertex -4.39885 -4.25309 8.87878
    endloop
  endfacet
  facet normal -0.516199 -0.483533 0.706919
    outer loop
      vertex -4.43163 -4.39654 8.75673
      vertex -4.24264 -4.24264 9
      vertex -4.41181 -4.32055 8.82318
    endloop
  endfacet
  facet normal -0.516257 -0.483467 0.706922
    outer loop
      vertex -4.24264 -4.24264 9
      vertex -4.43163 -4.39654 8.75673
      vertex -4.44909 -4.44909 8.70804
    endloop
  endfacet
  facet normal 0.600262 0.373855 0.707049
    outer loop
      vertex 5.40455 3.61121 8.5
      vertex 5.39862 3.5938 8.51424
      vertex 5.40848 3.6049 8.5
    endloop
  endfacet
  facet normal 0.704389 0.265337 -0.658356
    outer loop
      vertex 5.53614 1.88387 0.0548902
      vertex 5.49219 1.86435 0
      vertex 5.52004 1.89817 0.0434278
    endloop
  endfacet
  facet normal 0.704756 0.264431 -0.658327
    outer loop
      vertex 5.49219 1.86435 0
      vertex 5.53614 1.88387 0.0548902
      vertex 5.54026 1.88066 0.0580114
    endloop
  endfacet
  facet normal 0.663962 -0.35488 -0.658191
    outer loop
      vertex 5.10387 -2.77507 0.0142704
      vertex 5.02295 -2.9 0
      vertex 5.10563 -2.74531 0
    endloop
  endfacet
  facet normal 0.66388 -0.354813 -0.65831
    outer loop
      vertex 5.10439 -2.85359 0.0571152
      vertex 5.02295 -2.9 0
      vertex 5.10387 -2.77507 0.0142704
    endloop
  endfacet
  facet normal 0.663885 -0.354858 -0.65828
    outer loop
      vertex 5.02295 -2.9 0
      vertex 5.10439 -2.85359 0.0571152
      vertex 5.10754 -2.89737 0.0838924
    endloop
  endfacet
  facet normal 0.33343 0.623765 0.706924
    outer loop
      vertex 2.99178 5.72494 8.53728
      vertex 3.25 5.62916 8.5
      vertex 3.01769 5.75334 8.5
    endloop
  endfacet
  facet normal 0.333431 0.623769 0.70692
    outer loop
      vertex 2.93517 5.67052 8.612
      vertex 3.25 5.62916 8.5
      vertex 2.99178 5.72494 8.53728
    endloop
  endfacet
  facet normal 0.333446 0.623676 0.706995
    outer loop
      vertex 2.91043 5.64966 8.64207
      vertex 3.25 5.62916 8.5
      vertex 2.93517 5.67052 8.612
    endloop
  endfacet
  facet normal 0.333419 0.62378 0.706916
    outer loop
      vertex 3.25 5.62916 8.5
      vertex 2.91043 5.64966 8.64207
      vertex 3 5.19615 9
    endloop
  endfacet
  facet normal -0.703903 -0.0692216 0.706915
    outer loop
      vertex -5.98715 -0.392418 9
      vertex -6.09565 -0.428185 8.88846
      vertex -6.0529 -0.457983 8.92811
    endloop
  endfacet
  facet normal -0.703879 -0.0693349 0.706928
    outer loop
      vertex -6.09565 -0.428185 8.88846
      vertex -5.98715 -0.392418 9
      vertex -6.13846 -0.402335 8.84837
    endloop
  endfacet
  facet normal 0.742695 0.122629 -0.658306
    outer loop
      vertex 5.75038 0.757051 0
      vertex 5.68855 1.13152 0
      vertex 6.3751 1.26809 0.8
    endloop
  endfacet
  facet normal -0.703903 0.0692216 0.706915
    outer loop
      vertex -6.09565 0.428185 8.88846
      vertex -5.98715 0.392418 9
      vertex -6.0529 0.457983 8.92811
    endloop
  endfacet
  facet normal -0.703879 0.0693349 0.706928
    outer loop
      vertex -5.98715 0.392418 9
      vertex -6.09565 0.428185 8.88846
      vertex -6.13846 0.402335 8.84837
    endloop
  endfacet
  facet normal 0.574922 0.411984 0.706919
    outer loop
      vertex 5.1568 3.95695 8.5
      vertex 4.76012 3.65257 9
      vertex 4.98882 3.33342 9
    endloop
  endfacet
  facet normal 0.973882 -0.227055 0
    outer loop
      vertex 6.29605 -1.60715 8.5
      vertex 6.3751 -1.26809 0.8
      vertex 6.3751 -1.26809 8.5
    endloop
  endfacet
  facet normal 0.973882 -0.227055 0
    outer loop
      vertex 6.3751 -1.26809 0.8
      vertex 6.29605 -1.60715 8.5
      vertex 6.29605 -1.60715 0.8
    endloop
  endfacet
  facet normal 0.600448 -0.373721 0.706962
    outer loop
      vertex 5.38085 -3.57381 8.5399
      vertex 5.40455 -3.61121 8.5
      vertex 5.39862 -3.5938 8.51424
    endloop
  endfacet
  facet normal 0.600693 -0.373408 0.706919
    outer loop
      vertex 4.98882 -3.33342 9
      vertex 5.38085 -3.57381 8.5399
      vertex 5.33264 -3.51182 8.61361
    endloop
  endfacet
  facet normal 0.600581 -0.37359 0.706918
    outer loop
      vertex 5.38085 -3.57381 8.5399
      vertex 4.98882 -3.33342 9
      vertex 5.40455 -3.61121 8.5
    endloop
  endfacet
  facet normal 0.600647 -0.373489 0.706915
    outer loop
      vertex 5.28859 -3.44682 8.68538
      vertex 4.98882 -3.33342 9
      vertex 5.33264 -3.51182 8.61361
    endloop
  endfacet
  facet normal 0.60068 -0.373421 0.706923
    outer loop
      vertex 5.24888 -3.37907 8.75491
      vertex 4.98882 -3.33342 9
      vertex 5.28859 -3.44682 8.68538
    endloop
  endfacet
  facet normal 0.600656 -0.373486 0.706909
    outer loop
      vertex 5.21369 -3.30887 8.8219
      vertex 4.98882 -3.33342 9
      vertex 5.24888 -3.37907 8.75491
    endloop
  endfacet
  facet normal 0.600639 -0.373581 0.706874
    outer loop
      vertex 5.18317 -3.23652 8.88607
      vertex 4.98882 -3.33342 9
      vertex 5.21369 -3.30887 8.8219
    endloop
  endfacet
  facet normal 0.600622 -0.373445 0.70696
    outer loop
      vertex 5.15744 -3.16233 8.94712
      vertex 4.98882 -3.33342 9
      vertex 5.18317 -3.23652 8.88607
    endloop
  endfacet
  facet normal 0.600673 -0.373522 0.706875
    outer loop
      vertex 4.98882 -3.33342 9
      vertex 5.15744 -3.16233 8.94712
      vertex 5.13836 -3.09294 9
    endloop
  endfacet
  facet normal -0.249168 0.661948 0.706923
    outer loop
      vertex -2.26027 5.81894 8.75449
      vertex -1.92864 5.68158 9
      vertex -2.25517 5.87069 8.70783
    endloop
  endfacet
  facet normal -0.249136 0.661984 0.7069
    outer loop
      vertex -2.27306 5.74147 8.82253
      vertex -1.92864 5.68158 9
      vertex -2.26027 5.81894 8.75449
    endloop
  endfacet
  facet normal -0.249155 0.66195 0.706926
    outer loop
      vertex -2.29089 5.66499 8.88786
      vertex -1.92864 5.68158 9
      vertex -2.27306 5.74147 8.82253
    endloop
  endfacet
  facet normal -0.249148 0.661981 0.706899
    outer loop
      vertex -2.29089 5.66499 8.88786
      vertex -2.2961 5.54328 9
      vertex -1.92864 5.68158 9
    endloop
  endfacet
  facet normal -0.249251 0.661966 0.706877
    outer loop
      vertex -2.31368 5.58985 8.95019
      vertex -2.2961 5.54328 9
      vertex -2.29089 5.66499 8.88786
    endloop
  endfacet
  facet normal -0.246494 0.663002 0.706873
    outer loop
      vertex -2.2961 5.54328 9
      vertex -2.31368 5.58985 8.95019
      vertex -2.3145 5.58769 8.95193
    endloop
  endfacet
  facet normal 0.41201 0.574901 0.706921
    outer loop
      vertex 3.41864 5.0649 8.88846
      vertex 3.33342 4.98882 9
      vertex 3.42307 5.01297 8.92811
    endloop
  endfacet
  facet normal 0.412026 0.574887 0.706923
    outer loop
      vertex 3.33342 4.98882 9
      vertex 3.41864 5.0649 8.88846
      vertex 3.41766 5.1149 8.84837
    endloop
  endfacet
  facet normal 0.41205 -0.574837 0.706949
    outer loop
      vertex 3.42532 -4.98665 8.9482
      vertex 3.33342 -4.98882 9
      vertex 3.42307 -5.01297 8.92811
    endloop
  endfacet
  facet normal 0.412006 -0.574972 0.706865
    outer loop
      vertex 3.33342 -4.98882 9
      vertex 3.42532 -4.98665 8.9482
      vertex 3.43616 -4.9152 9
    endloop
  endfacet
  facet normal 0.600262 -0.373855 0.707049
    outer loop
      vertex 5.40848 -3.6049 8.5
      vertex 5.39862 -3.5938 8.51424
      vertex 5.40455 -3.61121 8.5
    endloop
  endfacet
  facet normal 0.581885 -0.477572 -0.658282
    outer loop
      vertex 5.06167 -4.01313 0.756668
      vertex 5.1568 -3.95695 0.8
      vertex 5.09774 -4.02891 0.8
    endloop
  endfacet
  facet normal 0.581875 -0.477523 -0.658326
    outer loop
      vertex 4.98782 -3.98643 0.672027
      vertex 5.1568 -3.95695 0.8
      vertex 5.06167 -4.01313 0.756668
    endloop
  endfacet
  facet normal 0.581873 -0.477532 -0.658321
    outer loop
      vertex 4.91238 -3.96462 0.589527
      vertex 5.1568 -3.95695 0.8
      vertex 4.98782 -3.98643 0.672027
    endloop
  endfacet
  facet normal 0.581879 -0.477553 -0.658301
    outer loop
      vertex 4.60145 -3.53082 0
      vertex 4.91238 -3.96462 0.589527
      vertex 4.83568 -3.94779 0.509522
    endloop
  endfacet
  facet normal 0.581968 -0.477476 -0.658278
    outer loop
      vertex 4.60145 -3.53082 0
      vertex 4.83568 -3.94779 0.509522
      vertex 4.75805 -3.93602 0.432354
    endloop
  endfacet
  facet normal 0.580556 -0.478532 -0.658757
    outer loop
      vertex 4.60145 -3.53082 0
      vertex 4.75805 -3.93602 0.432354
      vertex 4.75458 -3.93572 0.429078
    endloop
  endfacet
  facet normal 0.58186 -0.477571 -0.658304
    outer loop
      vertex 4.91238 -3.96462 0.589527
      vertex 4.60145 -3.53082 0
      vertex 5.1568 -3.95695 0.8
    endloop
  endfacet
  facet normal 0.265287 -0.704255 -0.658519
    outer loop
      vertex 2.22259 -5.36582 0.00904905
      vertex 2.20257 -5.3649 0
      vertex 2.21956 -5.3585 0
    endloop
  endfacet
  facet normal -0.122273 0.742719 -0.658345
    outer loop
      vertex -1.13659 5.73637 0.0548903
      vertex -1.13152 5.68855 0
      vertex -1.14143 5.73834 0.0580117
    endloop
  endfacet
  facet normal -0.122679 0.742662 -0.658333
    outer loop
      vertex -1.06206 5.71162 0.0130814
      vertex -1.13152 5.68855 0
      vertex -1.13659 5.73637 0.0548903
    endloop
  endfacet
  facet normal -0.122584 0.742494 -0.658541
    outer loop
      vertex -1.13152 5.68855 0
      vertex -1.06206 5.71162 0.0130814
      vertex -1.03485 5.70451 0
    endloop
  endfacet
  facet normal -0.17076 0.73313 -0.658302
    outer loop
      vertex -1.59169 6.03617 0.506595
      vertex -1.50115 5.60237 0
      vertex -1.62848 6.07757 0.562244
    endloop
  endfacet
  facet normal -0.170968 0.733084 -0.658299
    outer loop
      vertex -1.53581 5.98101 0.430656
      vertex -1.50115 5.60237 0
      vertex -1.59169 6.03617 0.506595
    endloop
  endfacet
  facet normal -0.17102 0.733075 -0.658296
    outer loop
      vertex -1.47643 5.92963 0.358013
      vertex -1.50115 5.60237 0
      vertex -1.53581 5.98101 0.430656
    endloop
  endfacet
  facet normal -0.170879 0.733088 -0.658318
    outer loop
      vertex -1.50115 5.60237 0
      vertex -1.47643 5.92963 0.358013
      vertex -1.4162 5.88403 0.2916
    endloop
  endfacet
  facet normal 0.373493 0.600644 0.706916
    outer loop
      vertex 3 5.19615 9
      vertex 3.4171 5.14341 8.82444
      vertex 3.4207 5.22185 8.75589
    endloop
  endfacet
  facet normal 0.373481 0.600672 0.706898
    outer loop
      vertex 3 5.19615 9
      vertex 3.4207 5.22185 8.75589
      vertex 3.42942 5.29989 8.68497
    endloop
  endfacet
  facet normal 0.373554 0.600556 0.706958
    outer loop
      vertex 3 5.19615 9
      vertex 3.42942 5.29989 8.68497
      vertex 3.43754 5.34534 8.64207
    endloop
  endfacet
  facet normal 0.373494 0.600639 0.706919
    outer loop
      vertex 3.4171 5.14341 8.82444
      vertex 3 5.19615 9
      vertex 3.33342 4.98882 9
    endloop
  endfacet
  facet normal 0.373401 0.600693 0.706923
    outer loop
      vertex 3.41766 5.1149 8.84837
      vertex 3.4171 5.14341 8.82444
      vertex 3.33342 4.98882 9
    endloop
  endfacet
  facet normal 0.638337 -0.398418 -0.658627
    outer loop
      vertex 5.40455 -3.61121 0.8
      vertex 5.38085 -3.57381 0.754406
      vertex 5.39003 -3.58413 0.769546
    endloop
  endfacet
  facet normal 0.639337 -0.397372 -0.658288
    outer loop
      vertex 5.40455 -3.61121 0.8
      vertex 5.33264 -3.51182 0.670164
      vertex 5.38085 -3.57381 0.754406
    endloop
  endfacet
  facet normal 0.639248 -0.397445 -0.658331
    outer loop
      vertex 4.82252 -3.22231 0
      vertex 5.15085 -3.13838 0.268143
      vertex 5.15744 -3.16233 0.289001
    endloop
  endfacet
  facet normal 0.639239 -0.397492 -0.658311
    outer loop
      vertex 4.82252 -3.22231 0
      vertex 5.15744 -3.16233 0.289001
      vertex 5.18317 -3.23652 0.358782
    endloop
  endfacet
  facet normal 0.639222 -0.397546 -0.658295
    outer loop
      vertex 4.82252 -3.22231 0
      vertex 5.18317 -3.23652 0.358782
      vertex 5.21369 -3.30887 0.43211
    endloop
  endfacet
  facet normal 0.639239 -0.397514 -0.658298
    outer loop
      vertex 5.15085 -3.13838 0.268143
      vertex 4.82252 -3.22231 0
      vertex 5.02295 -2.9 0
    endloop
  endfacet
  facet normal 0.639239 -0.397505 -0.658303
    outer loop
      vertex 5.24888 -3.37907 0.50867
      vertex 4.82252 -3.22231 0
      vertex 5.21369 -3.30887 0.43211
    endloop
  endfacet
  facet normal 0.639273 -0.397439 -0.658311
    outer loop
      vertex 5.28859 -3.44682 0.588134
      vertex 4.82252 -3.22231 0
      vertex 5.24888 -3.37907 0.50867
    endloop
  endfacet
  facet normal 0.639178 -0.397609 -0.6583
    outer loop
      vertex 5.33264 -3.51182 0.670164
      vertex 4.82252 -3.22231 0
      vertex 5.28859 -3.44682 0.588134
    endloop
  endfacet
  facet normal 0.639284 -0.397431 -0.658304
    outer loop
      vertex 4.82252 -3.22231 0
      vertex 5.33264 -3.51182 0.670164
      vertex 5.40455 -3.61121 0.8
    endloop
  endfacet
  facet normal 0.733122 0.17099 -0.658252
    outer loop
      vertex 6.3751 1.26809 0.8
      vertex 6.07757 1.62848 0.562245
      vertex 6.10024 1.62382 0.586283
    endloop
  endfacet
  facet normal 0.73307 0.170902 -0.658332
    outer loop
      vertex 6.3751 1.26809 0.8
      vertex 6.10024 1.62382 0.586283
      vertex 6.17803 1.61306 0.670111
    endloop
  endfacet
  facet normal 0.733099 0.170933 -0.658292
    outer loop
      vertex 6.3751 1.26809 0.8
      vertex 6.17803 1.61306 0.670111
      vertex 6.25635 1.60741 0.755864
    endloop
  endfacet
  facet normal 0.733044 0.170905 -0.65836
    outer loop
      vertex 6.3751 1.26809 0.8
      vertex 6.25635 1.60741 0.755864
      vertex 6.29605 1.60715 0.8
    endloop
  endfacet
  facet normal 0.733089 0.170928 -0.658304
    outer loop
      vertex 6.07757 1.62848 0.562245
      vertex 6.3751 1.26809 0.8
      vertex 5.60237 1.50115 0
    endloop
  endfacet
  facet normal -0.706914 0.0230001 0.706926
    outer loop
      vertex -6.16287 0.387595 8.82444
      vertex -5.98715 0.392418 9
      vertex -6.13846 0.402335 8.84837
    endloop
  endfacet
  facet normal -0.706913 0.0230832 0.706923
    outer loop
      vertex -6.2326 0.351488 8.75589
      vertex -5.98715 0.392418 9
      vertex -6.16287 0.387595 8.82444
    endloop
  endfacet
  facet normal -0.706921 0.0231545 0.706914
    outer loop
      vertex -6.5 0 8.5
      vertex -6.2326 0.351488 8.75589
      vertex -6.30455 0.320019 8.68497
    endloop
  endfacet
  facet normal -0.706883 0.0231081 0.706953
    outer loop
      vertex -6.5 0 8.5
      vertex -6.30455 0.320019 8.68497
      vertex -6.3784 0.293323 8.612
    endloop
  endfacet
  facet normal -0.706938 0.0231524 0.706897
    outer loop
      vertex -6.5 0 8.5
      vertex -6.3784 0.293323 8.612
      vertex -6.45383 0.271513 8.53728
    endloop
  endfacet
  facet normal -0.706918 0.0231498 0.706917
    outer loop
      vertex -6.2326 0.351488 8.75589
      vertex -6.5 0 8.5
      vertex -5.98715 0.392418 9
    endloop
  endfacet
  facet normal -0.706915 0.0231454 0.70692
    outer loop
      vertex -6.5 0 8.5
      vertex -6.45383 0.271513 8.53728
      vertex -6.49138 0.263275 8.5
    endloop
  endfacet
  facet normal -0.292072 -0.64417 0.706922
    outer loop
      vertex -2.2961 -5.54328 9
      vertex -2.3257 -5.55792 8.97443
      vertex -2.3145 -5.58769 8.95193
    endloop
  endfacet
  facet normal -0.685651 -0.31067 -0.658306
    outer loop
      vertex -5.82967 -2.87488 0.8
      vertex -6.00522 -2.48744 0.8
      vertex -5.20186 -2.56527 0
    endloop
  endfacet
  facet normal -0.448611 -0.546771 0.706958
    outer loop
      vertex -3.95607 -4.51104 9
      vertex -3.98075 -4.89933 8.68403
      vertex -3.95659 -4.88838 8.70783
    endloop
  endfacet
  facet normal -0.448714 -0.546734 0.706921
    outer loop
      vertex -4.28575 -4.88696 8.5
      vertex -3.98075 -4.89933 8.68403
      vertex -3.95607 -4.51104 9
    endloop
  endfacet
  facet normal -0.448675 -0.546861 0.706848
    outer loop
      vertex -3.98075 -4.89933 8.68403
      vertex -4.28575 -4.88696 8.5
      vertex -4.05 -4.93634 8.61144
    endloop
  endfacet
  facet normal -0.448684 -0.546785 0.706901
    outer loop
      vertex -4.05 -4.93634 8.61144
      vertex -4.28575 -4.88696 8.5
      vertex -4.11668 -4.97781 8.53704
    endloop
  endfacet
  facet normal -0.448651 -0.546682 0.707002
    outer loop
      vertex -4.11668 -4.97781 8.53704
      vertex -4.28575 -4.88696 8.5
      vertex -4.14784 -5.00014 8.5
    endloop
  endfacet
  facet normal -0.623778 -0.333431 0.706912
    outer loop
      vertex -5.38124 -2.65373 9
      vertex -5.31738 -2.88531 8.94712
      vertex -5.24774 -2.90348 9
    endloop
  endfacet
  facet normal -0.623722 -0.333427 0.706963
    outer loop
      vertex -5.38124 -2.65373 9
      vertex -5.3945 -2.87049 8.88607
      vertex -5.31738 -2.88531 8.94712
    endloop
  endfacet
  facet normal -0.623875 -0.333363 0.706859
    outer loop
      vertex -5.38124 -2.65373 9
      vertex -5.47241 -2.86075 8.8219
      vertex -5.3945 -2.87049 8.88607
    endloop
  endfacet
  facet normal -0.623762 -0.33346 0.706913
    outer loop
      vertex -5.38124 -2.65373 9
      vertex -5.5508 -2.85613 8.75491
      vertex -5.47241 -2.86075 8.8219
    endloop
  endfacet
  facet normal -0.623737 -0.333489 0.70692
    outer loop
      vertex -5.38124 -2.65373 9
      vertex -5.62933 -2.85664 8.68538
      vertex -5.5508 -2.85613 8.75491
    endloop
  endfacet
  facet normal -0.623742 -0.333483 0.70692
    outer loop
      vertex -5.38124 -2.65373 9
      vertex -5.70765 -2.86229 8.61361
      vertex -5.62933 -2.85664 8.68538
    endloop
  endfacet
  facet normal -0.62371 -0.333538 0.706922
    outer loop
      vertex -5.38124 -2.65373 9
      vertex -5.78544 -2.87305 8.5399
      vertex -5.70765 -2.86229 8.61361
    endloop
  endfacet
  facet normal -0.623932 -0.333124 0.706921
    outer loop
      vertex -5.82967 -2.87488 8.5
      vertex -5.78544 -2.87305 8.5399
      vertex -5.38124 -2.65373 9
    endloop
  endfacet
  facet normal -0.623755 -0.333804 0.706756
    outer loop
      vertex -5.78544 -2.87305 8.5399
      vertex -5.82967 -2.87488 8.5
      vertex -5.81163 -2.87844 8.51424
    endloop
  endfacet
  facet normal 0.477837 -0.581693 -0.658259
    outer loop
      vertex 3.53564 -4.60773 0.00904842
      vertex 3.53082 -4.60145 0
      vertex 3.53757 -4.604 0.00715329
    endloop
  endfacet
  facet normal -0.291941 0.644309 0.706849
    outer loop
      vertex -2.3257 5.55792 8.97443
      vertex -2.33843 5.5241 9
      vertex -2.2961 5.54328 9
    endloop
  endfacet
  facet normal 0.720342 0.218505 -0.658303
    outer loop
      vertex 5.87342 1.68619 0.358013
      vertex 5.60237 1.50115 0
      vertex 5.80382 1.71555 0.291599
    endloop
  endfacet
  facet normal 0.720353 0.218482 -0.658299
    outer loop
      vertex 5.94761 1.66046 0.430657
      vertex 5.60237 1.50115 0
      vertex 5.87342 1.68619 0.358013
    endloop
  endfacet
  facet normal 0.720314 0.218588 -0.658307
    outer loop
      vertex 6.02333 1.63964 0.506596
      vertex 5.60237 1.50115 0
      vertex 5.94761 1.66046 0.430657
    endloop
  endfacet
  facet normal 0.720354 0.218459 -0.658305
    outer loop
      vertex 5.60237 1.50115 0
      vertex 6.02333 1.63964 0.506596
      vertex 6.07757 1.62848 0.562245
    endloop
  endfacet
  facet normal 0.663885 0.354858 -0.65828
    outer loop
      vertex 5.10439 2.85359 0.0571152
      vertex 5.02295 2.9 0
      vertex 5.10754 2.89737 0.0838924
    endloop
  endfacet
  facet normal 0.66388 0.354813 -0.65831
    outer loop
      vertex 5.10387 2.77507 0.0142704
      vertex 5.02295 2.9 0
      vertex 5.10439 2.85359 0.0571152
    endloop
  endfacet
  facet normal 0.663962 0.35488 -0.658191
    outer loop
      vertex 5.02295 2.9 0
      vertex 5.10387 2.77507 0.0142704
      vertex 5.10563 2.74531 0
    endloop
  endfacet
  facet normal 0.438117 -0.611911 -0.658498
    outer loop
      vertex 3.50243 -4.68303 0.0569198
      vertex 3.53082 -4.60145 0
      vertex 3.53218 -4.61503 0.0135241
    endloop
  endfacet
  facet normal 0.43846 -0.61188 -0.658297
    outer loop
      vertex 3.22231 -4.82252 0
      vertex 3.50243 -4.68303 0.0569198
      vertex 3.47573 -4.75688 0.107779
    endloop
  endfacet
  facet normal 0.438461 -0.611886 -0.658291
    outer loop
      vertex 3.50243 -4.68303 0.0569198
      vertex 3.22231 -4.82252 0
      vertex 3.53082 -4.60145 0
    endloop
  endfacet
  facet normal 0.438458 -0.611897 -0.658283
    outer loop
      vertex 3.45392 -4.83231 0.163367
      vertex 3.22231 -4.82252 0
      vertex 3.47573 -4.75688 0.107779
    endloop
  endfacet
  facet normal 0.438486 -0.611839 -0.658319
    outer loop
      vertex 3.43709 -4.90902 0.223451
      vertex 3.22231 -4.82252 0
      vertex 3.45392 -4.83231 0.163367
    endloop
  endfacet
  facet normal 0.438445 -0.611889 -0.658299
    outer loop
      vertex 3.42532 -4.98665 0.287769
      vertex 3.22231 -4.82252 0
      vertex 3.43709 -4.90902 0.223451
    endloop
  endfacet
  facet normal 0.438491 -0.611847 -0.658308
    outer loop
      vertex 3.41864 -5.0649 0.356047
      vertex 3.22231 -4.82252 0
      vertex 3.42532 -4.98665 0.287769
    endloop
  endfacet
  facet normal 0.438347 -0.611956 -0.658302
    outer loop
      vertex 3.22231 -4.82252 0
      vertex 3.41864 -5.0649 0.356047
      vertex 3.41766 -5.11489 0.401865
    endloop
  endfacet
  facet normal 0.438868 0.611613 -0.658274
    outer loop
      vertex 3.5339 4.61109 0.0110101
      vertex 3.53082 4.60145 0
      vertex 3.53218 4.61503 0.0135241
    endloop
  endfacet
  facet normal 0.438889 0.611602 -0.65827
    outer loop
      vertex 3.53082 4.60145 0
      vertex 3.5339 4.61109 0.0110101
      vertex 3.53564 4.60773 0.00904842
    endloop
  endfacet
  facet normal 0.397502 -0.639244 -0.658301
    outer loop
      vertex 2.9 -5.02295 0
      vertex 3.4171 -5.14341 0.429213
      vertex 3.4207 -5.22185 0.507556
    endloop
  endfacet
  facet normal 0.397508 -0.639236 -0.658304
    outer loop
      vertex 2.9 -5.02295 0
      vertex 3.4207 -5.22185 0.507556
      vertex 3.42942 -5.29989 0.588601
    endloop
  endfacet
  facet normal 0.397774 -0.638958 -0.658413
    outer loop
      vertex 2.9 -5.02295 0
      vertex 3.42942 -5.29989 0.588601
      vertex 3.43083 -5.30777 0.5971
    endloop
  endfacet
  facet normal 0.39751 -0.639232 -0.658307
    outer loop
      vertex 3.4171 -5.14341 0.429213
      vertex 2.9 -5.02295 0
      vertex 3.22231 -4.82252 0
    endloop
  endfacet
  facet normal 0.397783 -0.639064 -0.658306
    outer loop
      vertex 3.41766 -5.11489 0.401865
      vertex 3.4171 -5.14341 0.429213
      vertex 3.22231 -4.82252 0
    endloop
  endfacet
  facet normal 0.749142 -0.0733098 -0.658341
    outer loop
      vertex 5.96397 -0.75 0.242264
      vertex 5.75038 -0.757051 0
      vertex 5.75107 -0.75 0
    endloop
  endfacet
  facet normal 0.749121 -0.0738089 -0.658308
    outer loop
      vertex 5.75038 -0.757051 0
      vertex 5.96397 -0.75 0.242264
      vertex 5.99633 -0.789431 0.283509
    endloop
  endfacet
  facet normal 0.611876 0.438454 -0.658306
    outer loop
      vertex 4.82252 3.22231 0
      vertex 4.60145 3.53082 0
      vertex 5.40455 3.61121 0.8
    endloop
  endfacet
  facet normal 0.0693246 -0.70389 0.706918
    outer loop
      vertex 0.84842 -6.44439 8.5
      vertex 0.392418 -5.98715 9
      vertex 0.425119 -6.48608 8.5
    endloop
  endfacet
  facet normal -0.451028 0.544892 0.706871
    outer loop
      vertex -3.68411 4.79863 8.95019
      vertex -3.65257 4.76012 9
      vertex -3.68183 4.79826 8.95193
    endloop
  endfacet
  facet normal -0.448666 0.546833 0.706875
    outer loop
      vertex -3.76058 4.81646 8.88786
      vertex -3.65257 4.76012 9
      vertex -3.68411 4.79863 8.95019
    endloop
  endfacet
  facet normal -0.448627 0.546731 0.706978
    outer loop
      vertex -3.95607 4.51104 9
      vertex -3.76058 4.81646 8.88786
      vertex -3.83573 4.83926 8.82254
    endloop
  endfacet
  facet normal -0.448777 0.546734 0.706881
    outer loop
      vertex -3.95607 4.51104 9
      vertex -3.83573 4.83926 8.82254
      vertex -3.90922 4.86692 8.75449
    endloop
  endfacet
  facet normal -0.448723 0.546762 0.706894
    outer loop
      vertex -3.76058 4.81646 8.88786
      vertex -3.95607 4.51104 9
      vertex -3.65257 4.76012 9
    endloop
  endfacet
  facet normal -0.448649 0.546759 0.706943
    outer loop
      vertex -3.95607 4.51104 9
      vertex -3.90922 4.86692 8.75449
      vertex -3.95659 4.88838 8.70783
    endloop
  endfacet
  facet normal -0.706915 -0.0231454 0.70692
    outer loop
      vertex -6.45383 -0.271513 8.53728
      vertex -6.5 0 8.5
      vertex -6.49138 -0.263275 8.5
    endloop
  endfacet
  facet normal -0.706938 -0.0231524 0.706897
    outer loop
      vertex -6.3784 -0.293323 8.612
      vertex -6.5 0 8.5
      vertex -6.45383 -0.271513 8.53728
    endloop
  endfacet
  facet normal -0.706883 -0.0231081 0.706953
    outer loop
      vertex -6.30455 -0.320019 8.68497
      vertex -6.5 0 8.5
      vertex -6.3784 -0.293323 8.612
    endloop
  endfacet
  facet normal -0.706921 -0.0231545 0.706914
    outer loop
      vertex -6.2326 -0.351488 8.75589
      vertex -6.5 0 8.5
      vertex -6.30455 -0.320019 8.68497
    endloop
  endfacet
  facet normal -0.706913 -0.0230832 0.706923
    outer loop
      vertex -5.98715 -0.392418 9
      vertex -6.2326 -0.351488 8.75589
      vertex -6.16287 -0.387595 8.82444
    endloop
  endfacet
  facet normal -0.706918 -0.0231498 0.706917
    outer loop
      vertex -6.2326 -0.351488 8.75589
      vertex -5.98715 -0.392418 9
      vertex -6.5 0 8.5
    endloop
  endfacet
  facet normal -0.706914 -0.0230001 0.706926
    outer loop
      vertex -5.98715 -0.392418 9
      vertex -6.16287 -0.387595 8.82444
      vertex -6.13846 -0.402335 8.84837
    endloop
  endfacet
  facet normal -0.703868 0.0693331 0.706939
    outer loop
      vertex -6.03123 0.473085 8.9482
      vertex -5.98715 0.392418 9
      vertex -5.97476 0.518201 9
    endloop
  endfacet
  facet normal -0.703809 0.0693998 0.706991
    outer loop
      vertex -5.98715 0.392418 9
      vertex -6.03123 0.473085 8.9482
      vertex -6.0529 0.457983 8.92811
    endloop
  endfacet
  facet normal -0.516251 0.483516 0.706892
    outer loop
      vertex -4.24264 4.24264 9
      vertex -4.38725 4.16552 8.94714
      vertex -4.38296 4.09282 9
    endloop
  endfacet
  facet normal -0.516238 0.483458 0.706941
    outer loop
      vertex -4.24264 4.24264 9
      vertex -4.39699 4.24344 8.88674
      vertex -4.38725 4.16552 8.94714
    endloop
  endfacet
  facet normal -0.516194 0.483592 0.706882
    outer loop
      vertex -4.39699 4.24344 8.88674
      vertex -4.24264 4.24264 9
      vertex -4.39885 4.25309 8.87878
    endloop
  endfacet
  facet normal -0.483498 0.516229 0.706921
    outer loop
      vertex -3.95607 4.51104 9
      vertex -4.28575 4.88696 8.5
      vertex -4.24264 4.24264 9
    endloop
  endfacet
  facet normal 0.373401 -0.600693 0.706923
    outer loop
      vertex 3.41766 -5.1149 8.84837
      vertex 3.33342 -4.98882 9
      vertex 3.4171 -5.14341 8.82444
    endloop
  endfacet
  facet normal 0.373494 -0.600639 0.706919
    outer loop
      vertex 3 -5.19615 9
      vertex 3.4171 -5.14341 8.82444
      vertex 3.33342 -4.98882 9
    endloop
  endfacet
  facet normal 0.373493 -0.600644 0.706916
    outer loop
      vertex 3.4171 -5.14341 8.82444
      vertex 3 -5.19615 9
      vertex 3.4207 -5.22185 8.75589
    endloop
  endfacet
  facet normal 0.373481 -0.600672 0.706898
    outer loop
      vertex 3.4207 -5.22185 8.75589
      vertex 3 -5.19615 9
      vertex 3.42942 -5.29989 8.68497
    endloop
  endfacet
  facet normal 0.373554 -0.600556 0.706958
    outer loop
      vertex 3.42942 -5.29989 8.68497
      vertex 3 -5.19615 9
      vertex 3.43754 -5.34534 8.64207
    endloop
  endfacet
  facet normal -0.703868 -0.0693331 0.706939
    outer loop
      vertex -5.98715 -0.392418 9
      vertex -6.03123 -0.473085 8.9482
      vertex -5.97476 -0.518201 9
    endloop
  endfacet
  facet normal -0.703809 -0.0693998 0.706991
    outer loop
      vertex -6.03123 -0.473085 8.9482
      vertex -5.98715 -0.392418 9
      vertex -6.0529 -0.457983 8.92811
    endloop
  endfacet
  facet normal 0.0253196 0.752193 -0.658456
    outer loop
      vertex 0.425119 6.48608 0.8
      vertex 0.404583 6.44686 0.754407
      vertex 0.417692 6.48633 0.8
    endloop
  endfacet
  facet normal 0.0245748 0.752375 -0.658277
    outer loop
      vertex 0.425119 6.48608 0.8
      vertex 0.375008 6.37412 0.670165
      vertex 0.404583 6.44686 0.754407
    endloop
  endfacet
  facet normal 0.0236796 0.752142 -0.658576
    outer loop
      vertex 0.211329 6.10702 0.358783
      vertex 0.379337 5.78758 0
      vertex 0.210041 6.10553 0.357035
    endloop
  endfacet
  facet normal 0.0246347 0.752345 -0.658309
    outer loop
      vertex 0.258723 6.16963 0.43211
      vertex 0.379337 5.78758 0
      vertex 0.211329 6.10702 0.358783
    endloop
  endfacet
  facet normal 0.0247187 0.752355 -0.658294
    outer loop
      vertex 0.301921 6.2352 0.508671
      vertex 0.379337 5.78758 0
      vertex 0.258723 6.16963 0.43211
    endloop
  endfacet
  facet normal 0.0246299 0.75235 -0.658304
    outer loop
      vertex 0.340738 6.30346 0.588135
      vertex 0.379337 5.78758 0
      vertex 0.301921 6.2352 0.508671
    endloop
  endfacet
  facet normal 0.0245179 0.752348 -0.65831
    outer loop
      vertex 0.375008 6.37412 0.670165
      vertex 0.379337 5.78758 0
      vertex 0.340738 6.30346 0.588135
    endloop
  endfacet
  facet normal 0.0247166 0.752345 -0.658306
    outer loop
      vertex 0.379337 5.78758 0
      vertex 0.375008 6.37412 0.670165
      vertex 0.425119 6.48608 0.8
    endloop
  endfacet
  facet normal 0.122714 0.74268 -0.658307
    outer loop
      vertex 1.13152 5.68855 0
      vertex 1.14327 5.8826 0.221111
      vertex 1.16441 5.85389 0.192662
    endloop
  endfacet
  facet normal 0.122628 0.74269 -0.658311
    outer loop
      vertex 0.757051 5.75038 0
      vertex 1.14327 5.8826 0.221111
      vertex 1.13152 5.68855 0
    endloop
  endfacet
  facet normal 0.122634 0.742684 -0.658317
    outer loop
      vertex 1.14327 5.8826 0.221111
      vertex 0.757051 5.75038 0
      vertex 1.10093 5.94874 0.28784
    endloop
  endfacet
  facet normal 0.122601 0.742709 -0.658295
    outer loop
      vertex 1.10093 5.94874 0.28784
      vertex 0.757051 5.75038 0
      vertex 1.06301 6.0175 0.358355
    endloop
  endfacet
  facet normal 0.122633 0.742691 -0.658309
    outer loop
      vertex 1.06301 6.0175 0.358355
      vertex 0.757051 5.75038 0
      vertex 1.03114 6.08545 0.429078
    endloop
  endfacet
  facet normal 0.477737 0.581828 -0.658213
    outer loop
      vertex 3.54485 4.58993 0
      vertex 3.53082 4.60145 0
      vertex 3.53757 4.604 0.00715329
    endloop
  endfacet
  facet normal -0.663854 -0.354865 -0.658307
    outer loop
      vertex -5.20186 -2.56527 0
      vertex -5.47241 -2.86075 0.43211
      vertex -5.5508 -2.85613 0.50867
    endloop
  endfacet
  facet normal -0.663924 -0.354771 -0.658287
    outer loop
      vertex -5.20186 -2.56527 0
      vertex -5.3945 -2.87049 0.358782
      vertex -5.47241 -2.86075 0.43211
    endloop
  endfacet
  facet normal -0.663857 -0.354846 -0.658315
    outer loop
      vertex -5.20186 -2.56527 0
      vertex -5.31738 -2.88531 0.289001
      vertex -5.3945 -2.87049 0.358782
    endloop
  endfacet
  facet normal -0.663911 -0.354799 -0.658285
    outer loop
      vertex -5.20186 -2.56527 0
      vertex -5.29335 -2.89158 0.268145
      vertex -5.31738 -2.88531 0.289001
    endloop
  endfacet
  facet normal -0.663869 -0.354832 -0.65831
    outer loop
      vertex -5.29335 -2.89158 0.268145
      vertex -5.20186 -2.56527 0
      vertex -5.02295 -2.9 0
    endloop
  endfacet
  facet normal -0.663843 -0.354882 -0.65831
    outer loop
      vertex -5.62933 -2.85664 0.588135
      vertex -5.20186 -2.56527 0
      vertex -5.5508 -2.85613 0.50867
    endloop
  endfacet
  facet normal -0.663884 -0.354812 -0.658305
    outer loop
      vertex -5.70765 -2.86229 0.670164
      vertex -5.20186 -2.56527 0
      vertex -5.62933 -2.85664 0.588135
    endloop
  endfacet
  facet normal -0.66417 -0.353904 -0.658506
    outer loop
      vertex -5.82967 -2.87488 0.8
      vertex -5.70765 -2.86229 0.670164
      vertex -5.78544 -2.87305 0.754406
    endloop
  endfacet
  facet normal -0.66386 -0.354856 -0.658306
    outer loop
      vertex -5.70765 -2.86229 0.670164
      vertex -5.82967 -2.87488 0.8
      vertex -5.20186 -2.56527 0
    endloop
  endfacet
  facet normal -0.663739 -0.355378 -0.658147
    outer loop
      vertex -5.82967 -2.87488 0.8
      vertex -5.78544 -2.87305 0.754406
      vertex -5.79896 -2.87583 0.769542
    endloop
  endfacet
  facet normal -0.514577 0.549404 -0.658305
    outer loop
      vertex -4.10122 4.10122 0
      vertex -4.28575 4.88696 0.8
      vertex -3.82421 4.36067 0
    endloop
  endfacet
  facet normal 0.581852 0.47757 -0.658312
    outer loop
      vertex 4.60145 3.53082 0
      vertex 4.6798 3.92934 0.358355
      vertex 4.75458 3.93572 0.429078
    endloop
  endfacet
  facet normal 0.581891 0.477547 -0.658295
    outer loop
      vertex 4.60145 3.53082 0
      vertex 4.60129 3.9278 0.28784
      vertex 4.6798 3.92934 0.358355
    endloop
  endfacet
  facet normal 0.581911 0.477539 -0.658283
    outer loop
      vertex 4.60145 3.53082 0
      vertex 4.52285 3.9314 0.221112
      vertex 4.60129 3.9278 0.28784
    endloop
  endfacet
  facet normal 0.581886 0.477544 -0.658301
    outer loop
      vertex 4.36067 3.82421 0
      vertex 4.52285 3.9314 0.221112
      vertex 4.60145 3.53082 0
    endloop
  endfacet
  facet normal 0.581826 0.477625 -0.658296
    outer loop
      vertex 4.52285 3.9314 0.221112
      vertex 4.36067 3.82421 0
      vertex 4.48741 3.93536 0.192662
    endloop
  endfacet
  facet normal 0.397513 0.639237 -0.6583
    outer loop
      vertex 2.9 5.02295 0
      vertex 3.41766 5.11489 0.401865
      vertex 3.22231 4.82252 0
    endloop
  endfacet
  facet normal 0.397587 0.639121 -0.658369
    outer loop
      vertex 3.41766 5.11489 0.401865
      vertex 2.9 5.02295 0
      vertex 3.4171 5.14341 0.429213
    endloop
  endfacet
  facet normal 0.397502 0.639244 -0.658301
    outer loop
      vertex 3.4171 5.14341 0.429213
      vertex 2.9 5.02295 0
      vertex 3.4207 5.22185 0.507556
    endloop
  endfacet
  facet normal 0.397508 0.639236 -0.658304
    outer loop
      vertex 3.4207 5.22185 0.507556
      vertex 2.9 5.02295 0
      vertex 3.42942 5.29989 0.588601
    endloop
  endfacet
  facet normal 0.397774 0.638958 -0.658413
    outer loop
      vertex 3.42942 5.29989 0.588601
      vertex 2.9 5.02295 0
      vertex 3.43083 5.30777 0.5971
    endloop
  endfacet
  facet normal 0.546744 0.448712 0.706915
    outer loop
      vertex 4.76012 3.65257 9
      vertex 4.87568 3.95657 8.71766
      vertex 4.83568 3.94779 8.75417
    endloop
  endfacet
  facet normal 0.546732 0.44872 0.706919
    outer loop
      vertex 4.87568 3.95657 8.71766
      vertex 4.76012 3.65257 9
      vertex 5.1568 3.95695 8.5
    endloop
  endfacet
  facet normal 0.546803 0.448677 0.706891
    outer loop
      vertex 4.75805 3.93602 8.82169
      vertex 4.76012 3.65257 9
      vertex 4.83568 3.94779 8.75417
    endloop
  endfacet
  facet normal 0.546684 0.448718 0.706957
    outer loop
      vertex 4.6798 3.92934 8.88644
      vertex 4.76012 3.65257 9
      vertex 4.75805 3.93602 8.82169
    endloop
  endfacet
  facet normal 0.546748 0.448717 0.706908
    outer loop
      vertex 4.60129 3.9278 8.94814
      vertex 4.76012 3.65257 9
      vertex 4.6798 3.92934 8.88644
    endloop
  endfacet
  facet normal 0.546783 0.44873 0.706873
    outer loop
      vertex 4.76012 3.65257 9
      vertex 4.60129 3.9278 8.94814
      vertex 4.53162 3.931 9
    endloop
  endfacet
  facet normal -0.634394 0.77301 0
    outer loop
      vertex -4.14784 5.00014 0.8
      vertex -4.28575 4.88696 8.5
      vertex -4.14784 5.00014 8.5
    endloop
  endfacet
  facet normal -0.634394 0.77301 0
    outer loop
      vertex -4.28575 4.88696 8.5
      vertex -4.14784 5.00014 0.8
      vertex -4.28575 4.88696 0.8
    endloop
  endfacet
  facet normal 0.697308 0.118763 0.706864
    outer loop
      vertex 5.99779 0.791215 8.95019
      vertex 5.94867 0.783156 9
      vertex 5.99633 0.789431 8.95193
    endloop
  endfacet
  facet normal 0.697921 0.115067 0.70687
    outer loop
      vertex 6.05147 0.848528 8.88786
      vertex 5.94867 0.783156 9
      vertex 5.99779 0.791215 8.95019
    endloop
  endfacet
  facet normal 0.697875 0.115236 0.706888
    outer loop
      vertex 5.88471 1.17054 9
      vertex 6.05147 0.848528 8.88786
      vertex 6.10878 0.902207 8.82253
    endloop
  endfacet
  facet normal 0.697823 0.115148 0.706954
    outer loop
      vertex 5.88471 1.17054 9
      vertex 6.10878 0.902207 8.82253
      vertex 6.16949 0.952024 8.75449
    endloop
  endfacet
  facet normal 0.69786 0.115222 0.706905
    outer loop
      vertex 6.05147 0.848528 8.88786
      vertex 5.88471 1.17054 9
      vertex 5.94867 0.783156 9
    endloop
  endfacet
  facet normal 0.697832 0.115174 0.706941
    outer loop
      vertex 5.88471 1.17054 9
      vertex 6.16949 0.952024 8.75449
      vertex 6.21176 0.982313 8.70783
    endloop
  endfacet
  facet normal -0.249154 0.66194 0.706935
    outer loop
      vertex -2.08936 6.15505 8.5
      vertex -2.25257 6.05406 8.53704
      vertex -2.25 5.97557 8.61144
    endloop
  endfacet
  facet normal -0.249171 0.661959 0.706912
    outer loop
      vertex -2.25257 6.05406 8.53704
      vertex -2.08936 6.15505 8.5
      vertex -2.25633 6.0922 8.5
    endloop
  endfacet
  facet normal -0.249244 0.661979 0.706868
    outer loop
      vertex -2.25257 5.89709 8.68403
      vertex -2.08936 6.15505 8.5
      vertex -2.25 5.97557 8.61144
    endloop
  endfacet
  facet normal -0.249151 0.661957 0.706921
    outer loop
      vertex -2.08936 6.15505 8.5
      vertex -2.25257 5.89709 8.68403
      vertex -1.92864 5.68158 9
    endloop
  endfacet
  facet normal -0.249239 0.661882 0.70696
    outer loop
      vertex -1.92864 5.68158 9
      vertex -2.25257 5.89709 8.68403
      vertex -2.25517 5.87069 8.70783
    endloop
  endfacet
  facet normal 0.333419 -0.62378 0.706916
    outer loop
      vertex 2.91043 -5.64966 8.64207
      vertex 3.25 -5.62916 8.5
      vertex 3 -5.19615 9
    endloop
  endfacet
  facet normal 0.33343 -0.623765 0.706924
    outer loop
      vertex 3.25 -5.62916 8.5
      vertex 2.99178 -5.72494 8.53728
      vertex 3.01769 -5.75334 8.5
    endloop
  endfacet
  facet normal 0.333431 -0.623769 0.70692
    outer loop
      vertex 3.25 -5.62916 8.5
      vertex 2.93517 -5.67052 8.612
      vertex 2.99178 -5.72494 8.53728
    endloop
  endfacet
  facet normal 0.333446 -0.623676 0.706995
    outer loop
      vertex 3.25 -5.62916 8.5
      vertex 2.91043 -5.64966 8.64207
      vertex 2.93517 -5.67052 8.612
    endloop
  endfacet
  facet normal -0.661966 0.249136 0.706917
    outer loop
      vertex -5.54328 2.2961 9
      vertex -5.70222 2.02094 8.94814
      vertex -5.67015 1.959 9
    endloop
  endfacet
  facet normal -0.66197 0.249139 0.706912
    outer loop
      vertex -5.54328 2.2961 9
      vertex -5.74281 2.08816 8.88644
      vertex -5.70222 2.02094 8.94814
    endloop
  endfacet
  facet normal -0.661972 0.249143 0.706909
    outer loop
      vertex -5.54328 2.2961 9
      vertex -5.78771 2.15258 8.82169
      vertex -5.74281 2.08816 8.88644
    endloop
  endfacet
  facet normal -0.661965 0.249103 0.706931
    outer loop
      vertex -5.54328 2.2961 9
      vertex -5.83673 2.21393 8.75417
      vertex -5.78771 2.15258 8.82169
    endloop
  endfacet
  facet normal -0.661965 0.249041 0.706952
    outer loop
      vertex -5.54328 2.2961 9
      vertex -5.86433 2.24418 8.71767
      vertex -5.83673 2.21393 8.75417
    endloop
  endfacet
  facet normal -0.661955 0.249165 0.706917
    outer loop
      vertex -5.86433 2.24418 8.71767
      vertex -5.54328 2.2961 9
      vertex -6.00522 2.48744 8.5
    endloop
  endfacet
  facet normal -0.516241 0.48347 0.706931
    outer loop
      vertex -4.24264 4.24264 9
      vertex -4.41181 4.32055 8.82318
      vertex -4.39885 4.25309 8.87878
    endloop
  endfacet
  facet normal -0.516199 0.483533 0.706919
    outer loop
      vertex -4.24264 4.24264 9
      vertex -4.43163 4.39654 8.75673
      vertex -4.41181 4.32055 8.82318
    endloop
  endfacet
  facet normal -0.516257 0.483467 0.706922
    outer loop
      vertex -4.43163 4.39654 8.75673
      vertex -4.24264 4.24264 9
      vertex -4.44909 4.44909 8.70804
    endloop
  endfacet
  facet normal 0.703889 0.069252 0.706926
    outer loop
      vertex 5.99633 0.789431 8.95193
      vertex 5.94867 0.783156 9
      vertex 5.95322 0.736909 9
    endloop
  endfacet
  facet normal 0.52807 -0.849201 0
    outer loop
      vertex 3.25 -5.62916 0.8
      vertex 3.47369 -5.49006 8.5
      vertex 3.25 -5.62916 8.5
    endloop
  endfacet
  facet normal 0.52807 -0.849201 0
    outer loop
      vertex 3.47369 -5.49006 8.5
      vertex 3.25 -5.62916 0.8
      vertex 3.47369 -5.49006 0.8
    endloop
  endfacet
  facet normal 0.600448 0.373721 0.706962
    outer loop
      vertex 5.40455 3.61121 8.5
      vertex 5.38085 3.57381 8.5399
      vertex 5.39862 3.5938 8.51424
    endloop
  endfacet
  facet normal 0.600581 0.37359 0.706918
    outer loop
      vertex 4.98882 3.33342 9
      vertex 5.38085 3.57381 8.5399
      vertex 5.40455 3.61121 8.5
    endloop
  endfacet
  facet normal 0.600673 0.373522 0.706875
    outer loop
      vertex 5.15744 3.16233 8.94712
      vertex 4.98882 3.33342 9
      vertex 5.13836 3.09294 9
    endloop
  endfacet
  facet normal 0.600622 0.373445 0.70696
    outer loop
      vertex 5.18317 3.23652 8.88607
      vertex 4.98882 3.33342 9
      vertex 5.15744 3.16233 8.94712
    endloop
  endfacet
  facet normal 0.600639 0.373581 0.706874
    outer loop
      vertex 5.21369 3.30887 8.8219
      vertex 4.98882 3.33342 9
      vertex 5.18317 3.23652 8.88607
    endloop
  endfacet
  facet normal 0.600656 0.373486 0.706909
    outer loop
      vertex 5.24888 3.37907 8.75491
      vertex 4.98882 3.33342 9
      vertex 5.21369 3.30887 8.8219
    endloop
  endfacet
  facet normal 0.60068 0.373421 0.706923
    outer loop
      vertex 5.28859 3.44682 8.68538
      vertex 4.98882 3.33342 9
      vertex 5.24888 3.37907 8.75491
    endloop
  endfacet
  facet normal 0.600647 0.373489 0.706915
    outer loop
      vertex 5.33264 3.51182 8.61361
      vertex 4.98882 3.33342 9
      vertex 5.28859 3.44682 8.68538
    endloop
  endfacet
  facet normal 0.600693 0.373408 0.706919
    outer loop
      vertex 5.38085 3.57381 8.5399
      vertex 4.98882 3.33342 9
      vertex 5.33264 3.51182 8.61361
    endloop
  endfacet
  facet normal 0.438117 0.611911 -0.658498
    outer loop
      vertex 3.53082 4.60145 0
      vertex 3.50243 4.68303 0.0569198
      vertex 3.53218 4.61503 0.0135241
    endloop
  endfacet
  facet normal 0.438461 0.611886 -0.658291
    outer loop
      vertex 3.22231 4.82252 0
      vertex 3.50243 4.68303 0.0569198
      vertex 3.53082 4.60145 0
    endloop
  endfacet
  facet normal 0.438347 0.611956 -0.658302
    outer loop
      vertex 3.41864 5.0649 0.356047
      vertex 3.22231 4.82252 0
      vertex 3.41766 5.11489 0.401865
    endloop
  endfacet
  facet normal 0.438491 0.611847 -0.658308
    outer loop
      vertex 3.42532 4.98665 0.287769
      vertex 3.22231 4.82252 0
      vertex 3.41864 5.0649 0.356047
    endloop
  endfacet
  facet normal 0.438445 0.611889 -0.658299
    outer loop
      vertex 3.43709 4.90902 0.223451
      vertex 3.22231 4.82252 0
      vertex 3.42532 4.98665 0.287769
    endloop
  endfacet
  facet normal 0.438486 0.611839 -0.658319
    outer loop
      vertex 3.45392 4.83231 0.163367
      vertex 3.22231 4.82252 0
      vertex 3.43709 4.90902 0.223451
    endloop
  endfacet
  facet normal 0.438458 0.611897 -0.658283
    outer loop
      vertex 3.47573 4.75688 0.107779
      vertex 3.22231 4.82252 0
      vertex 3.45392 4.83231 0.163367
    endloop
  endfacet
  facet normal 0.43846 0.61188 -0.658297
    outer loop
      vertex 3.50243 4.68303 0.0569198
      vertex 3.22231 4.82252 0
      vertex 3.47573 4.75688 0.107779
    endloop
  endfacet
  facet normal 0.581885 0.477572 -0.658282
    outer loop
      vertex 5.1568 3.95695 0.8
      vertex 5.06167 4.01313 0.756668
      vertex 5.09774 4.02891 0.8
    endloop
  endfacet
  facet normal 0.581875 0.477523 -0.658326
    outer loop
      vertex 5.1568 3.95695 0.8
      vertex 4.98782 3.98643 0.672027
      vertex 5.06167 4.01313 0.756668
    endloop
  endfacet
  facet normal 0.581873 0.477532 -0.658321
    outer loop
      vertex 5.1568 3.95695 0.8
      vertex 4.91238 3.96462 0.589527
      vertex 4.98782 3.98643 0.672027
    endloop
  endfacet
  facet normal 0.58186 0.477571 -0.658304
    outer loop
      vertex 4.60145 3.53082 0
      vertex 4.91238 3.96462 0.589527
      vertex 5.1568 3.95695 0.8
    endloop
  endfacet
  facet normal 0.581879 0.477553 -0.658301
    outer loop
      vertex 4.91238 3.96462 0.589527
      vertex 4.60145 3.53082 0
      vertex 4.83568 3.94779 0.509522
    endloop
  endfacet
  facet normal 0.581968 0.477476 -0.658278
    outer loop
      vertex 4.83568 3.94779 0.509522
      vertex 4.60145 3.53082 0
      vertex 4.75805 3.93602 0.432354
    endloop
  endfacet
  facet normal 0.580556 0.478532 -0.658757
    outer loop
      vertex 4.75805 3.93602 0.432354
      vertex 4.60145 3.53082 0
      vertex 4.75458 3.93572 0.429078
    endloop
  endfacet
  facet normal 0.47142 -0.881909 0
    outer loop
      vertex 3.01769 -5.75334 0.8
      vertex 3.25 -5.62916 8.5
      vertex 3.01769 -5.75334 8.5
    endloop
  endfacet
  facet normal 0.47142 -0.881909 0
    outer loop
      vertex 3.25 -5.62916 8.5
      vertex 3.01769 -5.75334 0.8
      vertex 3.25 -5.62916 0.8
    endloop
  endfacet
  facet normal -0.411952 -0.574938 0.706924
    outer loop
      vertex -3.65257 -4.76012 9
      vertex -3.68183 -4.79826 8.95193
      vertex -3.61479 -4.78719 9
    endloop
  endfacet
  facet normal 0.310876 -0.685367 -0.658505
    outer loop
      vertex 2.21956 -5.3585 0
      vertex 2.22637 -5.36599 0.0110105
      vertex 2.22259 -5.36582 0.00904905
    endloop
  endfacet
  facet normal 0.310795 -0.685418 -0.658489
    outer loop
      vertex 2.21956 -5.3585 0
      vertex 2.30441 -5.37471 0.0569206
      vertex 2.22637 -5.36599 0.0110105
    endloop
  endfacet
  facet normal 0.310655 -0.685626 -0.658339
    outer loop
      vertex 2.56527 -5.20186 0
      vertex 2.30441 -5.37471 0.0569206
      vertex 2.21956 -5.3585 0
    endloop
  endfacet
  facet normal 0.310445 -0.685681 -0.658381
    outer loop
      vertex 2.53279 -5.43112 0.223451
      vertex 2.56527 -5.20186 0
      vertex 2.54269 -5.435 0.23216
    endloop
  endfacet
  facet normal 0.310615 -0.685654 -0.658329
    outer loop
      vertex 2.45794 -5.40734 0.163368
      vertex 2.56527 -5.20186 0
      vertex 2.53279 -5.43112 0.223451
    endloop
  endfacet
  facet normal 0.310678 -0.685659 -0.658294
    outer loop
      vertex 2.38171 -5.38851 0.107779
      vertex 2.56527 -5.20186 0
      vertex 2.45794 -5.40734 0.163368
    endloop
  endfacet
  facet normal 0.310695 -0.685667 -0.658278
    outer loop
      vertex 2.30441 -5.37471 0.0569206
      vertex 2.56527 -5.20186 0
      vertex 2.38171 -5.38851 0.107779
    endloop
  endfacet
  facet normal -0.516251 -0.483516 0.706892
    outer loop
      vertex -4.38725 -4.16552 8.94714
      vertex -4.24264 -4.24264 9
      vertex -4.38296 -4.09282 9
    endloop
  endfacet
  facet normal -0.516238 -0.483458 0.706941
    outer loop
      vertex -4.39699 -4.24344 8.88674
      vertex -4.24264 -4.24264 9
      vertex -4.38725 -4.16552 8.94714
    endloop
  endfacet
  facet normal -0.516194 -0.483592 0.706882
    outer loop
      vertex -4.24264 -4.24264 9
      vertex -4.39699 -4.24344 8.88674
      vertex -4.39885 -4.25309 8.87878
    endloop
  endfacet
  facet normal -0.663807 -0.35508 -0.658239
    outer loop
      vertex -5.02295 -2.9 0
      vertex -5.2414 -2.90513 0.223065
      vertex -5.29335 -2.89158 0.268145
    endloop
  endfacet
  facet normal -0.663907 -0.354726 -0.658329
    outer loop
      vertex -5.02295 -2.9 0
      vertex -5.16688 -2.92989 0.161255
      vertex -5.2414 -2.90513 0.223065
    endloop
  endfacet
  facet normal -0.663832 -0.354923 -0.658299
    outer loop
      vertex -5.16688 -2.92989 0.161255
      vertex -5.02295 -2.9 0
      vertex -5.1128 -2.95187 0.118571
    endloop
  endfacet
  facet normal -0.663897 -0.354754 -0.658324
    outer loop
      vertex -5.82617 -2.88143 0.8
      vertex -5.82967 -2.87488 0.8
      vertex -5.79896 -2.87583 0.769542
    endloop
  endfacet
  facet normal -0.639319 -0.397541 -0.658204
    outer loop
      vertex -4.95522 -3.03255 0.0142706
      vertex -5.02295 -2.9 0
      vertex -4.93033 -3.04895 0
    endloop
  endfacet
  facet normal -0.639255 -0.397517 -0.658281
    outer loop
      vertex -5.02348 -2.99373 0.0571155
      vertex -5.02295 -2.9 0
      vertex -4.95522 -3.03255 0.0142706
    endloop
  endfacet
  facet normal -0.639277 -0.397507 -0.658266
    outer loop
      vertex -5.02295 -2.9 0
      vertex -5.02348 -2.99373 0.0571155
      vertex -5.06296 -2.97458 0.0838925
    endloop
  endfacet
  facet normal 0.0235706 0.707063 0.706758
    outer loop
      vertex 0.392418 5.98715 9
      vertex 0.258723 6.16963 8.8219
      vertex 0.255775 6.16573 8.8259
    endloop
  endfacet
  facet normal 0.023196 0.70693 0.706903
    outer loop
      vertex 0.392418 5.98715 9
      vertex 0.301921 6.2352 8.75491
      vertex 0.258723 6.16963 8.8219
    endloop
  endfacet
  facet normal 0.0231261 0.706918 0.706917
    outer loop
      vertex 0.392418 5.98715 9
      vertex 0.340738 6.30346 8.68538
      vertex 0.301921 6.2352 8.75491
    endloop
  endfacet
  facet normal 0.022953 0.706907 0.706934
    outer loop
      vertex 0.392418 5.98715 9
      vertex 0.375008 6.37412 8.61361
      vertex 0.340738 6.30346 8.68538
    endloop
  endfacet
  facet normal 0.0234369 0.70691 0.706915
    outer loop
      vertex 0.392418 5.98715 9
      vertex 0.404583 6.44686 8.53989
      vertex 0.375008 6.37412 8.61361
    endloop
  endfacet
  facet normal 0.023054 0.706921 0.706916
    outer loop
      vertex 0.425119 6.48608 8.5
      vertex 0.404583 6.44686 8.53989
      vertex 0.392418 5.98715 9
    endloop
  endfacet
  facet normal 0.0237888 0.706718 0.707095
    outer loop
      vertex 0.404583 6.44686 8.53989
      vertex 0.425119 6.48608 8.5
      vertex 0.417692 6.48633 8.5
    endloop
  endfacet
  facet normal 0.0336419 -0.999434 0
    outer loop
      vertex 0.417692 -6.48633 0.8
      vertex 0.425119 -6.48608 8.5
      vertex 0.417692 -6.48633 8.5
    endloop
  endfacet
  facet normal 0.0336419 -0.999434 0
    outer loop
      vertex 0.425119 -6.48608 8.5
      vertex 0.417692 -6.48633 0.8
      vertex 0.425119 -6.48608 0.8
    endloop
  endfacet
  facet normal -0.352284 -0.935893 0
    outer loop
      vertex -2.25633 -6.0922 0.8
      vertex -2.08936 -6.15505 8.5
      vertex -2.25633 -6.0922 8.5
    endloop
  endfacet
  facet normal -0.352284 -0.935893 -0
    outer loop
      vertex -2.08936 -6.15505 8.5
      vertex -2.25633 -6.0922 0.8
      vertex -2.08936 -6.15505 0.8
    endloop
  endfacet
  facet normal 0.639074 0.397674 -0.658362
    outer loop
      vertex 5.13662 3.08662 0.223065
      vertex 5.02295 2.9 0
      vertex 5.15085 3.13838 0.268143
    endloop
  endfacet
  facet normal 0.639231 0.397512 -0.658306
    outer loop
      vertex 5.1208 3.0097 0.161256
      vertex 5.02295 2.9 0
      vertex 5.13662 3.08662 0.223065
    endloop
  endfacet
  facet normal 0.639284 0.397447 -0.658294
    outer loop
      vertex 5.02295 2.9 0
      vertex 5.1208 3.0097 0.161256
      vertex 5.1128 2.95187 0.118572
    endloop
  endfacet
  facet normal 0.63887 0.397902 -0.658422
    outer loop
      vertex 5.40848 3.6049 0.8
      vertex 5.39003 3.58413 0.769546
      vertex 5.40455 3.61121 0.8
    endloop
  endfacet
  facet normal 0.663762 0.355055 -0.658298
    outer loop
      vertex 5.11004 2.93192 0.105029
      vertex 5.02295 2.9 0
      vertex 5.1128 2.95187 0.118572
    endloop
  endfacet
  facet normal 0.663924 0.354702 -0.658325
    outer loop
      vertex 5.02295 2.9 0
      vertex 5.11004 2.93192 0.105029
      vertex 5.10754 2.89737 0.0838924
    endloop
  endfacet
  facet normal 0.47142 0.881909 -0
    outer loop
      vertex 3.25 5.62916 0.8
      vertex 3.01769 5.75334 8.5
      vertex 3.25 5.62916 8.5
    endloop
  endfacet
  facet normal 0.47142 0.881909 0
    outer loop
      vertex 3.01769 5.75334 8.5
      vertex 3.25 5.62916 0.8
      vertex 3.01769 5.75334 0.8
    endloop
  endfacet
  facet normal 0.333409 -0.623781 0.706919
    outer loop
      vertex 3 -5.19615 9
      vertex 2.87513 -5.61991 8.68497
      vertex 2.91043 -5.64966 8.64207
    endloop
  endfacet
  facet normal 0.33345 -0.62378 0.706902
    outer loop
      vertex 3 -5.19615 9
      vertex 2.8119 -5.57334 8.75589
      vertex 2.87513 -5.61991 8.68497
    endloop
  endfacet
  facet normal 0.333416 -0.623776 0.706921
    outer loop
      vertex 3 -5.19615 9
      vertex 2.74577 -5.531 8.82444
      vertex 2.8119 -5.57334 8.75589
    endloop
  endfacet
  facet normal 0.333426 -0.623779 0.706913
    outer loop
      vertex 2.65373 -5.38124 9
      vertex 2.74577 -5.531 8.82444
      vertex 3 -5.19615 9
    endloop
  endfacet
  facet normal 0.333509 -0.623732 0.706916
    outer loop
      vertex 2.74577 -5.531 8.82444
      vertex 2.65373 -5.38124 9
      vertex 2.7208 -5.51723 8.84837
    endloop
  endfacet
  facet normal -0.205513 0.676899 0.706804
    outer loop
      vertex -1.92864 5.68158 9
      vertex -1.62848 6.07757 8.70804
      vertex -1.64386 6.09487 8.687
    endloop
  endfacet
  facet normal -0.205279 0.676836 0.706933
    outer loop
      vertex -1.92864 5.68158 9
      vertex -1.64386 6.09487 8.687
      vertex -1.69207 6.15686 8.61365
    endloop
  endfacet
  facet normal -0.205414 0.676855 0.706875
    outer loop
      vertex -1.92864 5.68158 9
      vertex -1.69207 6.15686 8.61365
      vertex -1.71721 6.19396 8.57082
    endloop
  endfacet
  facet normal -0.205303 0.676832 0.706929
    outer loop
      vertex -1.62848 6.07757 8.70804
      vertex -1.92864 5.68158 9
      vertex -1.55291 5.79555 9
    endloop
  endfacet
  facet normal 0.72033 0.218498 -0.658318
    outer loop
      vertex 5.59812 1.83566 0.106386
      vertex 5.49219 1.86435 0
      vertex 5.54026 1.88066 0.0580114
    endloop
  endfacet
  facet normal 0.720307 0.218525 -0.658334
    outer loop
      vertex 5.60237 1.50115 0
      vertex 5.59812 1.83566 0.106386
      vertex 5.66313 1.79161 0.162894
    endloop
  endfacet
  facet normal 0.720376 0.218478 -0.658275
    outer loop
      vertex 5.60237 1.50115 0
      vertex 5.66313 1.79161 0.162894
      vertex 5.73087 1.7519 0.223845
    endloop
  endfacet
  facet normal 0.720329 0.218532 -0.658309
    outer loop
      vertex 5.60237 1.50115 0
      vertex 5.73087 1.7519 0.223845
      vertex 5.80107 1.71671 0.288977
    endloop
  endfacet
  facet normal 0.72033 0.218518 -0.658312
    outer loop
      vertex 5.59812 1.83566 0.106386
      vertex 5.60237 1.50115 0
      vertex 5.49219 1.86435 0
    endloop
  endfacet
  facet normal 0.720112 0.21889 -0.658427
    outer loop
      vertex 5.60237 1.50115 0
      vertex 5.80107 1.71671 0.288977
      vertex 5.80382 1.71555 0.291599
    endloop
  endfacet
  facet normal 0.170753 0.733126 -0.658309
    outer loop
      vertex 1.18984 5.81938 0.160826
      vertex 1.13152 5.68855 0
      vertex 1.16441 5.85389 0.192662
    endloop
  endfacet
  facet normal 0.170971 0.733055 -0.65833
    outer loop
      vertex 1.24044 5.75933 0.107101
      vertex 1.13152 5.68855 0
      vertex 1.18984 5.81938 0.160826
    endloop
  endfacet
  facet normal 0.170888 0.733115 -0.658285
    outer loop
      vertex 1.29487 5.70273 0.0581968
      vertex 1.13152 5.68855 0
      vertex 1.24044 5.75933 0.107101
    endloop
  endfacet
  facet normal 0.170919 0.733045 -0.658355
    outer loop
      vertex 1.35288 5.6498 0.0143222
      vertex 1.13152 5.68855 0
      vertex 1.29487 5.70273 0.0581968
    endloop
  endfacet
  facet normal 0.170925 0.733107 -0.658285
    outer loop
      vertex 1.13152 5.68855 0
      vertex 1.35288 5.6498 0.0143222
      vertex 1.37561 5.63164 0
    endloop
  endfacet
  facet normal -0.752348 0.0246329 -0.658305
    outer loop
      vertex -5.8 0 0
      vertex -6.5 0 0.8
      vertex -5.78758 0.379337 0
    endloop
  endfacet
  facet normal 0.354442 0.663968 -0.658421
    outer loop
      vertex 2.9 5.02295 0
      vertex 2.87513 5.61991 0.588601
      vertex 2.88125 5.62507 0.597099
    endloop
  endfacet
  facet normal 0.354832 0.663872 -0.658307
    outer loop
      vertex 2.9 5.02295 0
      vertex 2.8119 5.57334 0.507556
      vertex 2.87513 5.61991 0.588601
    endloop
  endfacet
  facet normal 0.354836 0.663871 -0.658306
    outer loop
      vertex 2.9 5.02295 0
      vertex 2.74577 5.531 0.429213
      vertex 2.8119 5.57334 0.507556
    endloop
  endfacet
  facet normal 0.354862 0.663869 -0.658294
    outer loop
      vertex 2.9 5.02295 0
      vertex 2.7208 5.51723 0.401866
      vertex 2.74577 5.531 0.429213
    endloop
  endfacet
  facet normal 0.354832 0.66387 -0.658309
    outer loop
      vertex 2.7208 5.51723 0.401866
      vertex 2.9 5.02295 0
      vertex 2.56527 5.20186 0
    endloop
  endfacet
  facet normal 0.69774 -0.115233 0.707022
    outer loop
      vertex 6.36925 -1.07625 8.53704
      vertex 6.3751 -1.26809 8.5
      vertex 6.40417 -1.09207 8.5
    endloop
  endfacet
  facet normal 0.697876 -0.115204 0.706892
    outer loop
      vertex 6.3 -1.03923 8.61144
      vertex 6.3751 -1.26809 8.5
      vertex 6.36925 -1.07625 8.53704
    endloop
  endfacet
  facet normal 0.697894 -0.115191 0.706877
    outer loop
      vertex 6.23332 -0.997763 8.68403
      vertex 6.3751 -1.26809 8.5
      vertex 6.3 -1.03923 8.61144
    endloop
  endfacet
  facet normal 0.697836 -0.115191 0.706934
    outer loop
      vertex 5.88471 -1.17054 9
      vertex 6.23332 -0.997763 8.68403
      vertex 6.21176 -0.982313 8.70783
    endloop
  endfacet
  facet normal 0.697845 -0.115243 0.706917
    outer loop
      vertex 6.23332 -0.997763 8.68403
      vertex 5.88471 -1.17054 9
      vertex 6.3751 -1.26809 8.5
    endloop
  endfacet
  facet normal 0.742695 -0.122629 -0.658306
    outer loop
      vertex 6.3751 -1.26809 0.8
      vertex 5.68855 -1.13152 0
      vertex 5.75038 -0.757051 0
    endloop
  endfacet
  facet normal 0.574927 -0.41198 0.706917
    outer loop
      vertex 5.40455 -3.61121 8.5
      vertex 4.98882 -3.33342 9
      vertex 5.1568 -3.95695 8.5
    endloop
  endfacet
  facet normal -0.218496 0.720327 -0.658323
    outer loop
      vertex -1.73612 6.22186 0.755863
      vertex -2.08936 6.15505 0.8
      vertex -1.75619 6.25611 0.8
    endloop
  endfacet
  facet normal -0.218498 0.720367 -0.658278
    outer loop
      vertex -1.69207 6.15686 0.670111
      vertex -2.08936 6.15505 0.8
      vertex -1.73612 6.22186 0.755863
    endloop
  endfacet
  facet normal -0.218514 0.720317 -0.658328
    outer loop
      vertex -1.64386 6.09487 0.586282
      vertex -2.08936 6.15505 0.8
      vertex -1.69207 6.15686 0.670111
    endloop
  endfacet
  facet normal -0.218464 0.720405 -0.658248
    outer loop
      vertex -1.62848 6.07757 0.562244
      vertex -2.08936 6.15505 0.8
      vertex -1.64386 6.09487 0.586282
    endloop
  endfacet
  facet normal -0.218504 0.720341 -0.658305
    outer loop
      vertex -2.08936 6.15505 0.8
      vertex -1.62848 6.07757 0.562244
      vertex -1.50115 5.60237 0
    endloop
  endfacet
  facet normal 0.0235706 -0.707063 0.706758
    outer loop
      vertex 0.258723 -6.16963 8.8219
      vertex 0.392418 -5.98715 9
      vertex 0.255775 -6.16573 8.8259
    endloop
  endfacet
  facet normal 0.023196 -0.70693 0.706903
    outer loop
      vertex 0.301921 -6.2352 8.75491
      vertex 0.392418 -5.98715 9
      vertex 0.258723 -6.16963 8.8219
    endloop
  endfacet
  facet normal 0.0231261 -0.706918 0.706917
    outer loop
      vertex 0.340738 -6.30346 8.68538
      vertex 0.392418 -5.98715 9
      vertex 0.301921 -6.2352 8.75491
    endloop
  endfacet
  facet normal 0.022953 -0.706907 0.706934
    outer loop
      vertex 0.375008 -6.37412 8.61361
      vertex 0.392418 -5.98715 9
      vertex 0.340738 -6.30346 8.68538
    endloop
  endfacet
  facet normal 0.0234369 -0.70691 0.706915
    outer loop
      vertex 0.404583 -6.44686 8.53989
      vertex 0.392418 -5.98715 9
      vertex 0.375008 -6.37412 8.61361
    endloop
  endfacet
  facet normal 0.0237888 -0.706718 0.707095
    outer loop
      vertex 0.425119 -6.48608 8.5
      vertex 0.404583 -6.44686 8.53989
      vertex 0.417692 -6.48633 8.5
    endloop
  endfacet
  facet normal 0.023054 -0.706921 0.706916
    outer loop
      vertex 0.404583 -6.44686 8.53989
      vertex 0.425119 -6.48608 8.5
      vertex 0.392418 -5.98715 9
    endloop
  endfacet
  facet normal -0.160643 0.68885 0.70688
    outer loop
      vertex -1.41382 5.88223 8.94714
      vertex -1.55291 5.79555 9
      vertex -1.353 5.84217 9
    endloop
  endfacet
  facet normal -0.160564 0.688777 0.706969
    outer loop
      vertex -1.47643 5.92963 8.88674
      vertex -1.55291 5.79555 9
      vertex -1.41382 5.88223 8.94714
    endloop
  endfacet
  facet normal -0.16068 0.688801 0.706919
    outer loop
      vertex -1.53581 5.98101 8.82318
      vertex -1.55291 5.79555 9
      vertex -1.47643 5.92963 8.88674
    endloop
  endfacet
  facet normal -0.160707 0.6888 0.706915
    outer loop
      vertex -1.59169 6.03617 8.75673
      vertex -1.55291 5.79555 9
      vertex -1.53581 5.98101 8.82318
    endloop
  endfacet
  facet normal -0.16041 0.688858 0.706925
    outer loop
      vertex -1.55291 5.79555 9
      vertex -1.59169 6.03617 8.75673
      vertex -1.62848 6.07757 8.70804
    endloop
  endfacet
  facet normal -0.292072 0.64417 0.706922
    outer loop
      vertex -2.3145 5.58769 8.95193
      vertex -2.3257 5.55792 8.97443
      vertex -2.2961 5.54328 9
    endloop
  endfacet
  facet normal 0.697308 -0.118763 0.706864
    outer loop
      vertex 5.94867 -0.783156 9
      vertex 5.99779 -0.791215 8.95019
      vertex 5.99633 -0.789431 8.95193
    endloop
  endfacet
  facet normal 0.697921 -0.115067 0.70687
    outer loop
      vertex 5.94867 -0.783156 9
      vertex 6.05147 -0.848528 8.88786
      vertex 5.99779 -0.791215 8.95019
    endloop
  endfacet
  facet normal 0.69786 -0.115222 0.706905
    outer loop
      vertex 5.88471 -1.17054 9
      vertex 6.05147 -0.848528 8.88786
      vertex 5.94867 -0.783156 9
    endloop
  endfacet
  facet normal 0.697875 -0.115236 0.706888
    outer loop
      vertex 6.05147 -0.848528 8.88786
      vertex 5.88471 -1.17054 9
      vertex 6.10878 -0.902207 8.82253
    endloop
  endfacet
  facet normal 0.697832 -0.115174 0.706941
    outer loop
      vertex 6.16949 -0.952024 8.75449
      vertex 5.88471 -1.17054 9
      vertex 6.21176 -0.982313 8.70783
    endloop
  endfacet
  facet normal 0.697823 -0.115148 0.706954
    outer loop
      vertex 6.10878 -0.902207 8.82253
      vertex 5.88471 -1.17054 9
      vertex 6.16949 -0.952024 8.75449
    endloop
  endfacet
  facet normal 0.31073 0.685629 -0.658301
    outer loop
      vertex 2.60591 5.45974 0.287768
      vertex 2.56527 5.20186 0
      vertex 2.54269 5.435 0.23216
    endloop
  endfacet
  facet normal 0.310678 0.685645 -0.658308
    outer loop
      vertex 2.67701 5.49308 0.356047
      vertex 2.56527 5.20186 0
      vertex 2.60591 5.45974 0.287768
    endloop
  endfacet
  facet normal 0.310681 0.685644 -0.658308
    outer loop
      vertex 2.56527 5.20186 0
      vertex 2.67701 5.49308 0.356047
      vertex 2.7208 5.51723 0.401866
    endloop
  endfacet
  facet normal 0.07378 -0.749128 -0.658304
    outer loop
      vertex 0.425119 -6.48608 0.8
      vertex 0.379337 -5.78758 0
      vertex 0.84842 -6.44439 0.8
    endloop
  endfacet
  facet normal 0.265287 0.704255 -0.658519
    outer loop
      vertex 2.21956 5.3585 0
      vertex 2.20257 5.3649 0
      vertex 2.22259 5.36582 0.00904905
    endloop
  endfacet
  facet normal 0.07378 0.749128 -0.658304
    outer loop
      vertex 0.84842 6.44439 0.8
      vertex 0.379337 5.78758 0
      vertex 0.425119 6.48608 0.8
    endloop
  endfacet
  facet normal -0.291941 -0.644309 0.706849
    outer loop
      vertex -2.2961 -5.54328 9
      vertex -2.33843 -5.5241 9
      vertex -2.3257 -5.55792 8.97443
    endloop
  endfacet
  facet normal 0.477837 0.581693 -0.658259
    outer loop
      vertex 3.53757 4.604 0.00715329
      vertex 3.53082 4.60145 0
      vertex 3.53564 4.60773 0.00904842
    endloop
  endfacet
  facet normal 0.848829 0.528668 0
    outer loop
      vertex 5.40848 3.6049 8.5
      vertex 5.40455 3.61121 0.8
      vertex 5.40455 3.61121 8.5
    endloop
  endfacet
  facet normal 0.848829 0.528668 0
    outer loop
      vertex 5.40455 3.61121 0.8
      vertex 5.40848 3.6049 8.5
      vertex 5.40848 3.6049 0.8
    endloop
  endfacet
  facet normal 0.742473 -0.124083 -0.658283
    outer loop
      vertex 5.99779 -0.791215 0.285492
      vertex 5.75038 -0.757051 0
      vertex 5.99633 -0.789431 0.283509
    endloop
  endfacet
  facet normal 0.742697 -0.122628 -0.658303
    outer loop
      vertex 6.05147 -0.848528 0.35673
      vertex 5.75038 -0.757051 0
      vertex 5.99779 -0.791215 0.285492
    endloop
  endfacet
  facet normal 0.742687 -0.122676 -0.658306
    outer loop
      vertex 6.10878 -0.902207 0.431389
      vertex 5.75038 -0.757051 0
      vertex 6.05147 -0.848528 0.35673
    endloop
  endfacet
  facet normal 0.742562 -0.122829 -0.658418
    outer loop
      vertex 6.3751 -1.26809 0.8
      vertex 6.10878 -0.902207 0.431389
      vertex 6.16949 -0.952024 0.509151
    endloop
  endfacet
  facet normal 0.74268 -0.122659 -0.658317
    outer loop
      vertex 6.3751 -1.26809 0.8
      vertex 6.16949 -0.952024 0.509151
      vertex 6.23332 -0.997763 0.589683
    endloop
  endfacet
  facet normal 0.742715 -0.122617 -0.658286
    outer loop
      vertex 6.3751 -1.26809 0.8
      vertex 6.23332 -0.997763 0.589683
      vertex 6.3 -1.03923 0.672639
    endloop
  endfacet
  facet normal 0.742713 -0.122618 -0.658287
    outer loop
      vertex 6.3751 -1.26809 0.8
      vertex 6.3 -1.03923 0.672639
      vertex 6.36925 -1.07625 0.757666
    endloop
  endfacet
  facet normal 0.742706 -0.122603 -0.658298
    outer loop
      vertex 6.10878 -0.902207 0.431389
      vertex 6.3751 -1.26809 0.8
      vertex 5.75038 -0.757051 0
    endloop
  endfacet
  facet normal 0.742616 -0.122644 -0.658392
    outer loop
      vertex 6.3751 -1.26809 0.8
      vertex 6.36925 -1.07625 0.757666
      vertex 6.40417 -1.09207 0.8
    endloop
  endfacet
  facet normal 0.611875 0.438456 -0.658305
    outer loop
      vertex 5.40455 3.61121 0.8
      vertex 4.60145 3.53082 0
      vertex 5.1568 3.95695 0.8
    endloop
  endfacet
  facet normal -0.17097 0.733035 -0.658353
    outer loop
      vertex -1.13152 5.68855 0
      vertex -1.20933 5.76595 0.106387
      vertex -1.14143 5.73834 0.0580117
    endloop
  endfacet
  facet normal -0.170916 0.733065 -0.658334
    outer loop
      vertex -1.50115 5.60237 0
      vertex -1.20933 5.76595 0.106387
      vertex -1.13152 5.68855 0
    endloop
  endfacet
  facet normal -0.170937 0.733085 -0.658306
    outer loop
      vertex -1.20933 5.76595 0.106387
      vertex -1.50115 5.60237 0
      vertex -1.27998 5.80022 0.162895
    endloop
  endfacet
  facet normal -0.170971 0.733101 -0.658279
    outer loop
      vertex -1.27998 5.80022 0.162895
      vertex -1.50115 5.60237 0
      vertex -1.34824 5.83903 0.223845
    endloop
  endfacet
  facet normal -0.170834 0.733087 -0.65833
    outer loop
      vertex -1.41382 5.88223 0.288978
      vertex -1.50115 5.60237 0
      vertex -1.4162 5.88403 0.2916
    endloop
  endfacet
  facet normal -0.170909 0.733089 -0.658309
    outer loop
      vertex -1.34824 5.83903 0.223845
      vertex -1.50115 5.60237 0
      vertex -1.41382 5.88223 0.288978
    endloop
  endfacet
  facet normal -0.483494 0.516231 0.706923
    outer loop
      vertex -4.28575 4.88696 8.5
      vertex -4.44909 4.44909 8.70804
      vertex -4.24264 4.24264 9
    endloop
  endfacet
  facet normal -0.483605 0.516235 0.706844
    outer loop
      vertex -4.28575 4.88696 8.5
      vertex -4.45639 4.47106 8.687
      vertex -4.44909 4.44909 8.70804
    endloop
  endfacet
  facet normal -0.483559 0.516231 0.706878
    outer loop
      vertex -4.28575 4.88696 8.5
      vertex -4.48596 4.5438 8.61365
      vertex -4.45639 4.47106 8.687
    endloop
  endfacet
  facet normal -0.483465 0.516204 0.706962
    outer loop
      vertex -4.28575 4.88696 8.5
      vertex -4.52023 4.61446 8.53862
      vertex -4.48596 4.5438 8.61365
    endloop
  endfacet
  facet normal -0.483557 0.516268 0.706852
    outer loop
      vertex -4.52023 4.61446 8.53862
      vertex -4.28575 4.88696 8.5
      vertex -4.53985 4.64896 8.5
    endloop
  endfacet
  facet normal 0.115219 0.69785 0.706916
    outer loop
      vertex 0.783156 5.94867 9
      vertex 0.988648 6.20075 8.71766
      vertex 0.84842 6.44439 8.5
    endloop
  endfacet
  facet normal 0.115187 0.697865 0.706906
    outer loop
      vertex 0.988648 6.20075 8.71766
      vertex 0.783156 5.94867 9
      vertex 1.00105 6.16172 8.75417
    endloop
  endfacet
  facet normal 0.115197 0.69786 0.70691
    outer loop
      vertex 1.00105 6.16172 8.75417
      vertex 0.783156 5.94867 9
      vertex 1.02967 6.0886 8.82169
    endloop
  endfacet
  facet normal 0.115212 0.697859 0.706908
    outer loop
      vertex 1.10093 5.94874 8.94814
      vertex 0.783156 5.94867 9
      vertex 1.13853 5.89 9
    endloop
  endfacet
  facet normal 0.115212 0.697861 0.706906
    outer loop
      vertex 1.06301 6.0175 8.88644
      vertex 0.783156 5.94867 9
      vertex 1.10093 5.94874 8.94814
    endloop
  endfacet
  facet normal 0.11523 0.69783 0.706933
    outer loop
      vertex 1.02967 6.0886 8.82169
      vertex 0.783156 5.94867 9
      vertex 1.06301 6.0175 8.88644
    endloop
  endfacet
  facet normal 0.0231541 -0.706945 0.706889
    outer loop
      vertex 0.15994 -6.04764 8.94712
      vertex 0.392418 -5.98715 9
      vertex 0.109385 -5.99642 9
    endloop
  endfacet
  facet normal 0.0231353 -0.706907 0.706928
    outer loop
      vertex 0.211329 -6.10702 8.88606
      vertex 0.392418 -5.98715 9
      vertex 0.15994 -6.04764 8.94712
    endloop
  endfacet
  facet normal 0.0231208 -0.706896 0.70694
    outer loop
      vertex 0.392418 -5.98715 9
      vertex 0.211329 -6.10702 8.88606
      vertex 0.255775 -6.16573 8.8259
    endloop
  endfacet
  facet normal -0.662286 0.248808 0.706733
    outer loop
      vertex -6.00522 2.48744 8.5
      vertex -5.88966 2.27194 8.68416
      vertex -5.86433 2.24418 8.71767
    endloop
  endfacet
  facet normal -0.661965 0.249138 0.706918
    outer loop
      vertex -6.00522 2.48744 8.5
      vertex -5.94626 2.32636 8.61198
      vertex -5.88966 2.27194 8.68416
    endloop
  endfacet
  facet normal -0.661988 0.24912 0.706903
    outer loop
      vertex -6.00522 2.48744 8.5
      vertex -6.00631 2.37697 8.53791
      vertex -5.94626 2.32636 8.61198
    endloop
  endfacet
  facet normal -0.66193 0.249136 0.706951
    outer loop
      vertex -6.00631 2.37697 8.53791
      vertex -6.00522 2.48744 8.5
      vertex -6.03801 2.40032 8.5
    endloop
  endfacet
  facet normal 0.412006 0.574972 0.706865
    outer loop
      vertex 3.42532 4.98665 8.9482
      vertex 3.33342 4.98882 9
      vertex 3.43616 4.9152 9
    endloop
  endfacet
  facet normal 0.41205 0.574837 0.706949
    outer loop
      vertex 3.33342 4.98882 9
      vertex 3.42532 4.98665 8.9482
      vertex 3.42307 5.01297 8.92811
    endloop
  endfacet
  facet normal -0.749129 -0.0737607 -0.658304
    outer loop
      vertex -5.78758 -0.379337 0
      vertex -6.09565 -0.428185 0.356047
      vertex -6.13846 -0.402335 0.401867
    endloop
  endfacet
  facet normal -0.749132 -0.0737367 -0.658304
    outer loop
      vertex -5.78758 -0.379337 0
      vertex -6.03123 -0.473085 0.287768
      vertex -6.09565 -0.428185 0.356047
    endloop
  endfacet
  facet normal -0.749125 -0.07377 -0.658308
    outer loop
      vertex -6.03123 -0.473085 0.287768
      vertex -5.78758 -0.379337 0
      vertex -5.97819 -0.515465 0.23216
    endloop
  endfacet
  facet normal 0.749121 0.0738089 -0.658308
    outer loop
      vertex 5.96397 0.75 0.242264
      vertex 5.75038 0.757051 0
      vertex 5.99633 0.789431 0.283509
    endloop
  endfacet
  facet normal 0.749142 0.0733098 -0.658341
    outer loop
      vertex 5.75038 0.757051 0
      vertex 5.96397 0.75 0.242264
      vertex 5.75107 0.75 0
    endloop
  endfacet
  facet normal 0.733089 0.170921 -0.658306
    outer loop
      vertex 5.68855 1.13152 0
      vertex 5.60237 1.50115 0
      vertex 6.3751 1.26809 0.8
    endloop
  endfacet
  facet normal 0.0253196 -0.752193 -0.658456
    outer loop
      vertex 0.404583 -6.44686 0.754407
      vertex 0.425119 -6.48608 0.8
      vertex 0.417692 -6.48633 0.8
    endloop
  endfacet
  facet normal 0.0245748 -0.752375 -0.658277
    outer loop
      vertex 0.375008 -6.37412 0.670165
      vertex 0.425119 -6.48608 0.8
      vertex 0.404583 -6.44686 0.754407
    endloop
  endfacet
  facet normal 0.0247166 -0.752345 -0.658306
    outer loop
      vertex 0.375008 -6.37412 0.670165
      vertex 0.379337 -5.78758 0
      vertex 0.425119 -6.48608 0.8
    endloop
  endfacet
  facet normal 0.0245179 -0.752348 -0.65831
    outer loop
      vertex 0.340738 -6.30346 0.588135
      vertex 0.379337 -5.78758 0
      vertex 0.375008 -6.37412 0.670165
    endloop
  endfacet
  facet normal 0.0246299 -0.75235 -0.658304
    outer loop
      vertex 0.301921 -6.2352 0.508671
      vertex 0.379337 -5.78758 0
      vertex 0.340738 -6.30346 0.588135
    endloop
  endfacet
  facet normal 0.0247187 -0.752355 -0.658294
    outer loop
      vertex 0.258723 -6.16963 0.43211
      vertex 0.379337 -5.78758 0
      vertex 0.301921 -6.2352 0.508671
    endloop
  endfacet
  facet normal 0.0246347 -0.752345 -0.658309
    outer loop
      vertex 0.211329 -6.10702 0.358783
      vertex 0.379337 -5.78758 0
      vertex 0.258723 -6.16963 0.43211
    endloop
  endfacet
  facet normal 0.0236796 -0.752142 -0.658576
    outer loop
      vertex 0.379337 -5.78758 0
      vertex 0.211329 -6.10702 0.358783
      vertex 0.210041 -6.10553 0.357035
    endloop
  endfacet
  facet normal -0.451028 -0.544892 0.706871
    outer loop
      vertex -3.65257 -4.76012 9
      vertex -3.68411 -4.79863 8.95019
      vertex -3.68183 -4.79826 8.95193
    endloop
  endfacet
  facet normal -0.448666 -0.546833 0.706875
    outer loop
      vertex -3.65257 -4.76012 9
      vertex -3.76058 -4.81646 8.88786
      vertex -3.68411 -4.79863 8.95019
    endloop
  endfacet
  facet normal -0.448723 -0.546762 0.706894
    outer loop
      vertex -3.95607 -4.51104 9
      vertex -3.76058 -4.81646 8.88786
      vertex -3.65257 -4.76012 9
    endloop
  endfacet
  facet normal -0.448627 -0.546731 0.706978
    outer loop
      vertex -3.76058 -4.81646 8.88786
      vertex -3.95607 -4.51104 9
      vertex -3.83573 -4.83926 8.82254
    endloop
  endfacet
  facet normal -0.448777 -0.546734 0.706881
    outer loop
      vertex -3.83573 -4.83926 8.82254
      vertex -3.95607 -4.51104 9
      vertex -3.90922 -4.86692 8.75449
    endloop
  endfacet
  facet normal -0.448649 -0.546759 0.706943
    outer loop
      vertex -3.90922 -4.86692 8.75449
      vertex -3.95607 -4.51104 9
      vertex -3.95659 -4.88838 8.70783
    endloop
  endfacet
  facet normal -0.170834 -0.733087 -0.65833
    outer loop
      vertex -1.50115 -5.60237 0
      vertex -1.41382 -5.88223 0.288978
      vertex -1.4162 -5.88403 0.2916
    endloop
  endfacet
  facet normal -0.170909 -0.733089 -0.658309
    outer loop
      vertex -1.50115 -5.60237 0
      vertex -1.34824 -5.83903 0.223845
      vertex -1.41382 -5.88223 0.288978
    endloop
  endfacet
  facet normal -0.170971 -0.733101 -0.658279
    outer loop
      vertex -1.50115 -5.60237 0
      vertex -1.27998 -5.80022 0.162895
      vertex -1.34824 -5.83903 0.223845
    endloop
  endfacet
  facet normal -0.170937 -0.733085 -0.658306
    outer loop
      vertex -1.50115 -5.60237 0
      vertex -1.20933 -5.76595 0.106387
      vertex -1.27998 -5.80022 0.162895
    endloop
  endfacet
  facet normal -0.170916 -0.733065 -0.658334
    outer loop
      vertex -1.13152 -5.68855 0
      vertex -1.20933 -5.76595 0.106387
      vertex -1.50115 -5.60237 0
    endloop
  endfacet
  facet normal -0.17097 -0.733035 -0.658353
    outer loop
      vertex -1.20933 -5.76595 0.106387
      vertex -1.13152 -5.68855 0
      vertex -1.14143 -5.73834 0.0580117
    endloop
  endfacet
  facet normal -0.644253 0.291907 0.706915
    outer loop
      vertex -5.38124 2.65373 9
      vertex -5.82967 2.87488 8.5
      vertex -5.54328 2.2961 9
    endloop
  endfacet
  facet normal 0.639284 -0.397447 -0.658294
    outer loop
      vertex 5.1208 -3.0097 0.161256
      vertex 5.02295 -2.9 0
      vertex 5.1128 -2.95187 0.118572
    endloop
  endfacet
  facet normal 0.639231 -0.397512 -0.658306
    outer loop
      vertex 5.13662 -3.08662 0.223065
      vertex 5.02295 -2.9 0
      vertex 5.1208 -3.0097 0.161256
    endloop
  endfacet
  facet normal 0.639074 -0.397674 -0.658362
    outer loop
      vertex 5.02295 -2.9 0
      vertex 5.13662 -3.08662 0.223065
      vertex 5.15085 -3.13838 0.268143
    endloop
  endfacet
  facet normal 0.63887 -0.397902 -0.658422
    outer loop
      vertex 5.40455 -3.61121 0.8
      vertex 5.39003 -3.58413 0.769546
      vertex 5.40848 -3.6049 0.8
    endloop
  endfacet
  facet normal 0.848829 -0.528668 0
    outer loop
      vertex 5.40455 -3.61121 8.5
      vertex 5.40848 -3.6049 0.8
      vertex 5.40848 -3.6049 8.5
    endloop
  endfacet
  facet normal 0.848829 -0.528668 0
    outer loop
      vertex 5.40848 -3.6049 0.8
      vertex 5.40455 -3.61121 8.5
      vertex 5.40455 -3.61121 0.8
    endloop
  endfacet
  facet normal 0.291877 -0.644265 0.706916
    outer loop
      vertex 2.65373 -5.38124 9
      vertex 2.67701 -5.49308 8.88846
      vertex 2.7208 -5.51723 8.84837
    endloop
  endfacet
  facet normal 0.291861 -0.64427 0.706918
    outer loop
      vertex 2.65373 -5.38124 9
      vertex 2.60591 -5.45974 8.9482
      vertex 2.67701 -5.49308 8.88846
    endloop
  endfacet
  facet normal 0.291919 -0.644282 0.706883
    outer loop
      vertex 2.60591 -5.45974 8.9482
      vertex 2.65373 -5.38124 9
      vertex 2.53861 -5.4334 9
    endloop
  endfacet
  facet normal 0.115197 -0.697891 0.706879
    outer loop
      vertex 0.944635 -6.3901 8.53792
      vertex 0.84842 -6.44439 8.5
      vertex 0.940263 -6.42923 8.5
    endloop
  endfacet
  facet normal 0.115161 -0.697856 0.70692
    outer loop
      vertex 0.95844 -6.3128 8.61198
      vertex 0.84842 -6.44439 8.5
      vertex 0.944635 -6.3901 8.53792
    endloop
  endfacet
  facet normal 0.114944 -0.697774 0.707036
    outer loop
      vertex 0.97727 -6.23656 8.68416
      vertex 0.84842 -6.44439 8.5
      vertex 0.95844 -6.3128 8.61198
    endloop
  endfacet
  facet normal 0.115486 -0.697911 0.706812
    outer loop
      vertex 0.84842 -6.44439 8.5
      vertex 0.97727 -6.23656 8.68416
      vertex 0.988648 -6.20075 8.71766
    endloop
  endfacet
  facet normal -0.438419 -0.611834 -0.658368
    outer loop
      vertex -3.29337 -4.78584 0.0132351
      vertex -3.53082 -4.60145 0
      vertex -3.26755 -4.7901 0
    endloop
  endfacet
  facet normal -0.438464 -0.611886 -0.658289
    outer loop
      vertex -3.37152 -4.77814 0.0581309
      vertex -3.53082 -4.60145 0
      vertex -3.29337 -4.78584 0.0132351
    endloop
  endfacet
  facet normal -0.438474 -0.611892 -0.658277
    outer loop
      vertex -3.45 -4.77557 0.108017
      vertex -3.53082 -4.60145 0
      vertex -3.37152 -4.77814 0.0581309
    endloop
  endfacet
  facet normal -0.438458 -0.611891 -0.658289
    outer loop
      vertex -3.52848 -4.77814 0.162678
      vertex -3.53082 -4.60145 0
      vertex -3.45 -4.77557 0.108017
    endloop
  endfacet
  facet normal -0.43823 -0.611965 -0.658372
    outer loop
      vertex -3.53082 -4.60145 0
      vertex -3.52848 -4.77814 0.162678
      vertex -3.5487 -4.78014 0.177996
    endloop
  endfacet
  facet normal 0.69774 0.115233 0.707022
    outer loop
      vertex 6.3751 1.26809 8.5
      vertex 6.36925 1.07625 8.53704
      vertex 6.40417 1.09207 8.5
    endloop
  endfacet
  facet normal 0.697876 0.115204 0.706892
    outer loop
      vertex 6.3751 1.26809 8.5
      vertex 6.3 1.03923 8.61144
      vertex 6.36925 1.07625 8.53704
    endloop
  endfacet
  facet normal 0.697894 0.115191 0.706877
    outer loop
      vertex 6.3751 1.26809 8.5
      vertex 6.23332 0.997763 8.68403
      vertex 6.3 1.03923 8.61144
    endloop
  endfacet
  facet normal 0.697845 0.115243 0.706917
    outer loop
      vertex 5.88471 1.17054 9
      vertex 6.23332 0.997763 8.68403
      vertex 6.3751 1.26809 8.5
    endloop
  endfacet
  facet normal 0.697836 0.115191 0.706934
    outer loop
      vertex 6.23332 0.997763 8.68403
      vertex 5.88471 1.17054 9
      vertex 6.21176 0.982313 8.70783
    endloop
  endfacet
  facet normal -0.685651 -0.310666 -0.658307
    outer loop
      vertex -5.20186 -2.56527 0
      vertex -6.00522 -2.48744 0.8
      vertex -5.3585 -2.21956 0
    endloop
  endfacet
  facet normal 0.397527 0.639272 -0.658258
    outer loop
      vertex 3.46205 5.45343 0.757397
      vertex 3.25 5.62916 0.8
      vertex 3.47369 5.49006 0.8
    endloop
  endfacet
  facet normal 0.397477 0.63923 -0.658329
    outer loop
      vertex 3.44322 5.37719 0.672
      vertex 3.25 5.62916 0.8
      vertex 3.46205 5.45343 0.757397
    endloop
  endfacet
  facet normal 0.397564 0.639256 -0.658251
    outer loop
      vertex 3.43083 5.30777 0.5971
      vertex 3.25 5.62916 0.8
      vertex 3.44322 5.37719 0.672
    endloop
  endfacet
  facet normal 0.397493 0.639248 -0.658302
    outer loop
      vertex 3.25 5.62916 0.8
      vertex 3.43083 5.30777 0.5971
      vertex 2.9 5.02295 0
    endloop
  endfacet
  facet normal 0.354846 0.663828 -0.658344
    outer loop
      vertex 3.25 5.62916 0.8
      vertex 2.99178 5.72494 0.757398
      vertex 3.01769 5.75334 0.8
    endloop
  endfacet
  facet normal 0.354854 0.663874 -0.658294
    outer loop
      vertex 3.25 5.62916 0.8
      vertex 2.93517 5.67052 0.672001
      vertex 2.99178 5.72494 0.757398
    endloop
  endfacet
  facet normal 0.354852 0.663881 -0.658287
    outer loop
      vertex 3.25 5.62916 0.8
      vertex 2.88125 5.62507 0.597099
      vertex 2.93517 5.67052 0.672001
    endloop
  endfacet
  facet normal 0.354861 0.663862 -0.658301
    outer loop
      vertex 2.88125 5.62507 0.597099
      vertex 3.25 5.62916 0.8
      vertex 2.9 5.02295 0
    endloop
  endfacet
  facet normal 0.0231541 0.706945 0.706889
    outer loop
      vertex 0.392418 5.98715 9
      vertex 0.15994 6.04764 8.94712
      vertex 0.109385 5.99642 9
    endloop
  endfacet
  facet normal 0.0231353 0.706907 0.706928
    outer loop
      vertex 0.392418 5.98715 9
      vertex 0.211329 6.10702 8.88606
      vertex 0.15994 6.04764 8.94712
    endloop
  endfacet
  facet normal 0.0231208 0.706896 0.70694
    outer loop
      vertex 0.211329 6.10702 8.88606
      vertex 0.392418 5.98715 9
      vertex 0.255775 6.16573 8.8259
    endloop
  endfacet
  facet normal 0.0693246 0.70389 0.706918
    outer loop
      vertex 0.425119 6.48608 8.5
      vertex 0.392418 5.98715 9
      vertex 0.84842 6.44439 8.5
    endloop
  endfacet
  facet normal 0.52807 0.849201 -0
    outer loop
      vertex 3.47369 5.49006 0.8
      vertex 3.25 5.62916 8.5
      vertex 3.47369 5.49006 8.5
    endloop
  endfacet
  facet normal 0.52807 0.849201 0
    outer loop
      vertex 3.25 5.62916 8.5
      vertex 3.47369 5.49006 0.8
      vertex 3.25 5.62916 0.8
    endloop
  endfacet
  facet normal 0.703889 -0.069252 0.706926
    outer loop
      vertex 5.95322 -0.736909 9
      vertex 5.94867 -0.783156 9
      vertex 5.99633 -0.789431 8.95193
    endloop
  endfacet
  facet normal 0.663924 -0.354702 -0.658325
    outer loop
      vertex 5.11004 -2.93192 0.105029
      vertex 5.02295 -2.9 0
      vertex 5.10754 -2.89737 0.0838924
    endloop
  endfacet
  facet normal 0.663762 -0.355055 -0.658298
    outer loop
      vertex 5.02295 -2.9 0
      vertex 5.11004 -2.93192 0.105029
      vertex 5.1128 -2.95187 0.118572
    endloop
  endfacet
  facet normal -0.438419 0.611834 -0.658368
    outer loop
      vertex -3.53082 4.60145 0
      vertex -3.29337 4.78584 0.0132351
      vertex -3.26755 4.7901 0
    endloop
  endfacet
  facet normal -0.438464 0.611886 -0.658289
    outer loop
      vertex -3.53082 4.60145 0
      vertex -3.37152 4.77814 0.0581309
      vertex -3.29337 4.78584 0.0132351
    endloop
  endfacet
  facet normal -0.438474 0.611892 -0.658277
    outer loop
      vertex -3.53082 4.60145 0
      vertex -3.45 4.77557 0.108017
      vertex -3.37152 4.77814 0.0581309
    endloop
  endfacet
  facet normal -0.438458 0.611891 -0.658289
    outer loop
      vertex -3.53082 4.60145 0
      vertex -3.52848 4.77814 0.162678
      vertex -3.45 4.77557 0.108017
    endloop
  endfacet
  facet normal -0.43823 0.611965 -0.658372
    outer loop
      vertex -3.52848 4.77814 0.162678
      vertex -3.53082 4.60145 0
      vertex -3.5487 4.78014 0.177996
    endloop
  endfacet
  facet normal 0.742616 0.122644 -0.658392
    outer loop
      vertex 6.36925 1.07625 0.757666
      vertex 6.3751 1.26809 0.8
      vertex 6.40417 1.09207 0.8
    endloop
  endfacet
  facet normal 0.742713 0.122618 -0.658287
    outer loop
      vertex 6.3 1.03923 0.672639
      vertex 6.3751 1.26809 0.8
      vertex 6.36925 1.07625 0.757666
    endloop
  endfacet
  facet normal 0.742715 0.122617 -0.658286
    outer loop
      vertex 6.23332 0.997763 0.589683
      vertex 6.3751 1.26809 0.8
      vertex 6.3 1.03923 0.672639
    endloop
  endfacet
  facet normal 0.74268 0.122659 -0.658317
    outer loop
      vertex 6.16949 0.952024 0.509151
      vertex 6.3751 1.26809 0.8
      vertex 6.23332 0.997763 0.589683
    endloop
  endfacet
  facet normal 0.742562 0.122829 -0.658418
    outer loop
      vertex 6.10878 0.902207 0.431389
      vertex 6.3751 1.26809 0.8
      vertex 6.16949 0.952024 0.509151
    endloop
  endfacet
  facet normal 0.742687 0.122676 -0.658306
    outer loop
      vertex 5.75038 0.757051 0
      vertex 6.10878 0.902207 0.431389
      vertex 6.05147 0.848528 0.35673
    endloop
  endfacet
  facet normal 0.742697 0.122628 -0.658303
    outer loop
      vertex 5.75038 0.757051 0
      vertex 6.05147 0.848528 0.35673
      vertex 5.99779 0.791215 0.285492
    endloop
  endfacet
  facet normal 0.742473 0.124083 -0.658283
    outer loop
      vertex 5.75038 0.757051 0
      vertex 5.99779 0.791215 0.285492
      vertex 5.99633 0.789431 0.283509
    endloop
  endfacet
  facet normal 0.742706 0.122603 -0.658298
    outer loop
      vertex 6.10878 0.902207 0.431389
      vertex 5.75038 0.757051 0
      vertex 6.3751 1.26809 0.8
    endloop
  endfacet
  facet normal 0.611876 -0.438454 -0.658306
    outer loop
      vertex 5.40455 -3.61121 0.8
      vertex 4.60145 -3.53082 0
      vertex 4.82252 -3.22231 0
    endloop
  endfacet
  facet normal 0.68878 -0.160585 0.706961
    outer loop
      vertex 6.3751 -1.26809 8.5
      vertex 6.25635 -1.60741 8.53862
      vertex 6.29605 -1.60715 8.5
    endloop
  endfacet
  facet normal 0.688823 -0.160605 0.706915
    outer loop
      vertex 6.3751 -1.26809 8.5
      vertex 6.22274 -1.60983 8.57082
      vertex 6.25635 -1.60741 8.53862
    endloop
  endfacet
  facet normal 0.688822 -0.160605 0.706916
    outer loop
      vertex 6.22274 -1.60983 8.57082
      vertex 6.3751 -1.26809 8.5
      vertex 5.88471 -1.17054 9
    endloop
  endfacet
  facet normal 0.0737795 0.749128 -0.658304
    outer loop
      vertex 0.757051 5.75038 0
      vertex 0.379337 5.78758 0
      vertex 0.84842 6.44439 0.8
    endloop
  endfacet
  facet normal -0.549406 0.514576 -0.658304
    outer loop
      vertex -4.10122 4.10122 0
      vertex -4.38314 4.00861 0.162894
      vertex -4.38263 4.08713 0.223845
    endloop
  endfacet
  facet normal -0.549409 0.51455 -0.658323
    outer loop
      vertex -4.10122 4.10122 0
      vertex -4.38879 3.93028 0.106386
      vertex -4.38314 4.00861 0.162894
    endloop
  endfacet
  facet normal -0.549527 0.514522 -0.658245
    outer loop
      vertex -4.38879 3.93028 0.106386
      vertex -4.36067 3.82421 0
      vertex -4.39883 3.85767 0.0580116
    endloop
  endfacet
  facet normal -0.549418 0.51459 -0.658284
    outer loop
      vertex -4.38879 3.93028 0.106386
      vertex -4.10122 4.10122 0
      vertex -4.36067 3.82421 0
    endloop
  endfacet
  facet normal -0.549404 0.514583 -0.6583
    outer loop
      vertex -4.38725 4.16552 0.288977
      vertex -4.10122 4.10122 0
      vertex -4.38263 4.08713 0.223845
    endloop
  endfacet
  facet normal -0.549362 0.51466 -0.658276
    outer loop
      vertex -4.10122 4.10122 0
      vertex -4.38725 4.16552 0.288977
      vertex -4.38762 4.16848 0.2916
    endloop
  endfacet
  facet normal -0.720317 0.218532 -0.658322
    outer loop
      vertex -5.49219 1.86435 0
      vertex -5.63465 1.87926 0.160825
      vertex -5.65183 1.91854 0.192662
    endloop
  endfacet
  facet normal -0.720325 0.218495 -0.658325
    outer loop
      vertex -5.49219 1.86435 0
      vertex -5.60795 1.80541 0.1071
      vertex -5.63465 1.87926 0.160825
    endloop
  endfacet
  facet normal -0.720326 0.218507 -0.65832
    outer loop
      vertex -5.49219 1.86435 0
      vertex -5.58614 1.72997 0.058196
      vertex -5.60795 1.80541 0.1071
    endloop
  endfacet
  facet normal -0.720328 0.218511 -0.658316
    outer loop
      vertex -5.49219 1.86435 0
      vertex -5.56931 1.65327 0.0143221
      vertex -5.58614 1.72997 0.058196
    endloop
  endfacet
  facet normal -0.720427 0.218555 -0.658193
    outer loop
      vertex -5.56931 1.65327 0.0143221
      vertex -5.49219 1.86435 0
      vertex -5.56495 1.62451 0
    endloop
  endfacet
  facet normal 0.986635 -0.162944 0
    outer loop
      vertex 6.3751 -1.26809 8.5
      vertex 6.40417 -1.09207 0.8
      vertex 6.40417 -1.09207 8.5
    endloop
  endfacet
  facet normal 0.986635 -0.162944 0
    outer loop
      vertex 6.40417 -1.09207 0.8
      vertex 6.3751 -1.26809 8.5
      vertex 6.3751 -1.26809 0.8
    endloop
  endfacet
  facet normal 0.638337 0.398418 -0.658627
    outer loop
      vertex 5.38085 3.57381 0.754406
      vertex 5.40455 3.61121 0.8
      vertex 5.39003 3.58413 0.769546
    endloop
  endfacet
  facet normal 0.639337 0.397372 -0.658288
    outer loop
      vertex 5.33264 3.51182 0.670164
      vertex 5.40455 3.61121 0.8
      vertex 5.38085 3.57381 0.754406
    endloop
  endfacet
  facet normal 0.639239 0.397514 -0.658298
    outer loop
      vertex 4.82252 3.22231 0
      vertex 5.15085 3.13838 0.268143
      vertex 5.02295 2.9 0
    endloop
  endfacet
  facet normal 0.639248 0.397445 -0.658331
    outer loop
      vertex 5.15085 3.13838 0.268143
      vertex 4.82252 3.22231 0
      vertex 5.15744 3.16233 0.289001
    endloop
  endfacet
  facet normal 0.639239 0.397492 -0.658311
    outer loop
      vertex 5.15744 3.16233 0.289001
      vertex 4.82252 3.22231 0
      vertex 5.18317 3.23652 0.358782
    endloop
  endfacet
  facet normal 0.639284 0.397431 -0.658304
    outer loop
      vertex 5.33264 3.51182 0.670164
      vertex 4.82252 3.22231 0
      vertex 5.40455 3.61121 0.8
    endloop
  endfacet
  facet normal 0.639178 0.397609 -0.6583
    outer loop
      vertex 5.28859 3.44682 0.588134
      vertex 4.82252 3.22231 0
      vertex 5.33264 3.51182 0.670164
    endloop
  endfacet
  facet normal 0.639273 0.397439 -0.658311
    outer loop
      vertex 5.24888 3.37907 0.50867
      vertex 4.82252 3.22231 0
      vertex 5.28859 3.44682 0.588134
    endloop
  endfacet
  facet normal 0.639239 0.397505 -0.658303
    outer loop
      vertex 5.21369 3.30887 0.43211
      vertex 4.82252 3.22231 0
      vertex 5.24888 3.37907 0.50867
    endloop
  endfacet
  facet normal 0.639222 0.397546 -0.658295
    outer loop
      vertex 5.18317 3.23652 0.358782
      vertex 4.82252 3.22231 0
      vertex 5.21369 3.30887 0.43211
    endloop
  endfacet
  facet normal 0.704756 -0.264431 -0.658327
    outer loop
      vertex 5.53614 -1.88387 0.0548902
      vertex 5.49219 -1.86435 0
      vertex 5.54026 -1.88066 0.0580114
    endloop
  endfacet
  facet normal 0.704389 -0.265337 -0.658356
    outer loop
      vertex 5.49219 -1.86435 0
      vertex 5.53614 -1.88387 0.0548902
      vertex 5.52004 -1.89817 0.0434278
    endloop
  endfacet
  facet normal 0.333409 0.623781 0.706919
    outer loop
      vertex 2.87513 5.61991 8.68497
      vertex 3 5.19615 9
      vertex 2.91043 5.64966 8.64207
    endloop
  endfacet
  facet normal 0.33345 0.62378 0.706902
    outer loop
      vertex 2.8119 5.57334 8.75589
      vertex 3 5.19615 9
      vertex 2.87513 5.61991 8.68497
    endloop
  endfacet
  facet normal 0.333416 0.623776 0.706921
    outer loop
      vertex 2.74577 5.531 8.82444
      vertex 3 5.19615 9
      vertex 2.8119 5.57334 8.75589
    endloop
  endfacet
  facet normal 0.333509 0.623732 0.706916
    outer loop
      vertex 2.65373 5.38124 9
      vertex 2.74577 5.531 8.82444
      vertex 2.7208 5.51723 8.84837
    endloop
  endfacet
  facet normal 0.333426 0.623779 0.706913
    outer loop
      vertex 2.74577 5.531 8.82444
      vertex 2.65373 5.38124 9
      vertex 3 5.19615 9
    endloop
  endfacet
  facet normal 0.0693196 0.703893 0.706916
    outer loop
      vertex 0.84842 6.44439 8.5
      vertex 0.392418 5.98715 9
      vertex 0.783156 5.94867 9
    endloop
  endfacet
  facet normal 0.546782 -0.448762 0.706854
    outer loop
      vertex 5.1568 -3.95695 8.5
      vertex 5.06167 -4.01313 8.53792
      vertex 5.09774 -4.02891 8.5
    endloop
  endfacet
  facet normal 0.546753 -0.448649 0.706948
    outer loop
      vertex 5.1568 -3.95695 8.5
      vertex 4.98782 -3.98643 8.61198
      vertex 5.06167 -4.01313 8.53792
    endloop
  endfacet
  facet normal 0.546768 -0.448551 0.706998
    outer loop
      vertex 5.1568 -3.95695 8.5
      vertex 4.91238 -3.96462 8.68416
      vertex 4.98782 -3.98643 8.61198
    endloop
  endfacet
  facet normal 0.546594 -0.449169 0.70674
    outer loop
      vertex 4.91238 -3.96462 8.68416
      vertex 5.1568 -3.95695 8.5
      vertex 4.87568 -3.95657 8.71766
    endloop
  endfacet
  facet normal 0.574922 -0.411984 0.706919
    outer loop
      vertex 4.98882 -3.33342 9
      vertex 4.76012 -3.65257 9
      vertex 5.1568 -3.95695 8.5
    endloop
  endfacet
  facet normal 0.546732 -0.44872 0.706919
    outer loop
      vertex 4.76012 -3.65257 9
      vertex 4.87568 -3.95657 8.71766
      vertex 5.1568 -3.95695 8.5
    endloop
  endfacet
  facet normal 0.546744 -0.448712 0.706915
    outer loop
      vertex 4.87568 -3.95657 8.71766
      vertex 4.76012 -3.65257 9
      vertex 4.83568 -3.94779 8.75417
    endloop
  endfacet
  facet normal 0.546803 -0.448677 0.706891
    outer loop
      vertex 4.76012 -3.65257 9
      vertex 4.75805 -3.93602 8.82169
      vertex 4.83568 -3.94779 8.75417
    endloop
  endfacet
  facet normal 0.546684 -0.448718 0.706957
    outer loop
      vertex 4.76012 -3.65257 9
      vertex 4.6798 -3.92934 8.88644
      vertex 4.75805 -3.93602 8.82169
    endloop
  endfacet
  facet normal 0.546748 -0.448717 0.706908
    outer loop
      vertex 4.76012 -3.65257 9
      vertex 4.60129 -3.9278 8.94814
      vertex 4.6798 -3.92934 8.88644
    endloop
  endfacet
  facet normal 0.546783 -0.44873 0.706873
    outer loop
      vertex 4.60129 -3.9278 8.94814
      vertex 4.76012 -3.65257 9
      vertex 4.53162 -3.931 9
    endloop
  endfacet
  facet normal -0.477542 0.581884 -0.658305
    outer loop
      vertex -3.82421 4.36067 0
      vertex -4.28575 4.88696 0.8
      vertex -3.53082 4.60145 0
    endloop
  endfacet
  facet normal 0.611875 -0.438456 -0.658305
    outer loop
      vertex 5.1568 -3.95695 0.8
      vertex 4.60145 -3.53082 0
      vertex 5.40455 -3.61121 0.8
    endloop
  endfacet
  facet normal 0.549467 0.514522 -0.658296
    outer loop
      vertex 4.36067 3.82421 0
      vertex 4.44481 3.94012 0.160825
      vertex 4.48741 3.93536 0.192662
    endloop
  endfacet
  facet normal 0.5494 0.514582 -0.658304
    outer loop
      vertex 4.36067 3.82421 0
      vertex 4.36751 3.95392 0.1071
      vertex 4.44481 3.94012 0.160825
    endloop
  endfacet
  facet normal 0.549371 0.514595 -0.658318
    outer loop
      vertex 4.36067 3.82421 0
      vertex 4.29127 3.97275 0.0581962
      vertex 4.36751 3.95392 0.1071
    endloop
  endfacet
  facet normal 0.549421 0.514601 -0.658273
    outer loop
      vertex 4.36067 3.82421 0
      vertex 4.21643 3.99653 0.0143216
      vertex 4.29127 3.97275 0.0581962
    endloop
  endfacet
  facet normal 0.549382 0.514573 -0.658327
    outer loop
      vertex 4.21643 3.99653 0.0143216
      vertex 4.36067 3.82421 0
      vertex 4.18934 4.00713 0
    endloop
  endfacet
  facet normal 0.122592 0.742691 -0.658317
    outer loop
      vertex 0.944635 6.3901 0.756669
      vertex 0.84842 6.44439 0.8
      vertex 0.940263 6.42923 0.8
    endloop
  endfacet
  facet normal 0.122616 0.742712 -0.658289
    outer loop
      vertex 0.95844 6.3128 0.672027
      vertex 0.84842 6.44439 0.8
      vertex 0.944635 6.3901 0.756669
    endloop
  endfacet
  facet normal 0.122482 0.74267 -0.658361
    outer loop
      vertex 0.97727 6.23656 0.589527
      vertex 0.84842 6.44439 0.8
      vertex 0.95844 6.3128 0.672027
    endloop
  endfacet
  facet normal 0.12262 0.742698 -0.658304
    outer loop
      vertex 0.757051 5.75038 0
      vertex 0.97727 6.23656 0.589527
      vertex 1.00105 6.16172 0.509522
    endloop
  endfacet
  facet normal 0.122581 0.742711 -0.658296
    outer loop
      vertex 0.757051 5.75038 0
      vertex 1.00105 6.16172 0.509522
      vertex 1.02967 6.0886 0.432355
    endloop
  endfacet
  facet normal 0.123138 0.742473 -0.658461
    outer loop
      vertex 0.757051 5.75038 0
      vertex 1.02967 6.0886 0.432355
      vertex 1.03114 6.08545 0.429078
    endloop
  endfacet
  facet normal 0.12262 0.742698 -0.658304
    outer loop
      vertex 0.97727 6.23656 0.589527
      vertex 0.757051 5.75038 0
      vertex 0.84842 6.44439 0.8
    endloop
  endfacet
  facet normal 0.310445 0.685681 -0.658381
    outer loop
      vertex 2.56527 5.20186 0
      vertex 2.53279 5.43112 0.223451
      vertex 2.54269 5.435 0.23216
    endloop
  endfacet
  facet normal 0.310615 0.685654 -0.658329
    outer loop
      vertex 2.56527 5.20186 0
      vertex 2.45794 5.40734 0.163368
      vertex 2.53279 5.43112 0.223451
    endloop
  endfacet
  facet normal 0.310678 0.685659 -0.658294
    outer loop
      vertex 2.56527 5.20186 0
      vertex 2.38171 5.38851 0.107779
      vertex 2.45794 5.40734 0.163368
    endloop
  endfacet
  facet normal 0.310695 0.685667 -0.658278
    outer loop
      vertex 2.56527 5.20186 0
      vertex 2.30441 5.37471 0.0569206
      vertex 2.38171 5.38851 0.107779
    endloop
  endfacet
  facet normal 0.310655 0.685626 -0.658339
    outer loop
      vertex 2.21956 5.3585 0
      vertex 2.30441 5.37471 0.0569206
      vertex 2.56527 5.20186 0
    endloop
  endfacet
  facet normal 0.310795 0.685418 -0.658489
    outer loop
      vertex 2.30441 5.37471 0.0569206
      vertex 2.21956 5.3585 0
      vertex 2.22637 5.36599 0.0110105
    endloop
  endfacet
  facet normal 0.310876 0.685367 -0.658505
    outer loop
      vertex 2.22637 5.36599 0.0110105
      vertex 2.21956 5.3585 0
      vertex 2.22259 5.36582 0.00904905
    endloop
  endfacet
  facet normal 0.704541 -0.265117 -0.658282
    outer loop
      vertex 5.47744 -1.93603 0.013082
      vertex 5.49219 -1.86435 0
      vertex 5.52004 -1.89817 0.0434278
    endloop
  endfacet
  facet normal 0.704468 -0.265117 -0.65836
    outer loop
      vertex 5.49219 -1.86435 0
      vertex 5.47744 -1.93603 0.013082
      vertex 5.45768 -1.95605 0
    endloop
  endfacet
  facet normal 0.676834 0.205296 0.706929
    outer loop
      vertex 6.02333 1.63964 8.75673
      vertex 5.79555 1.55291 9
      vertex 6.07757 1.62848 8.70804
    endloop
  endfacet
  facet normal 0.676833 0.2053 0.706929
    outer loop
      vertex 5.94761 1.66046 8.82318
      vertex 5.79555 1.55291 9
      vertex 6.02333 1.63964 8.75673
    endloop
  endfacet
  facet normal 0.676837 0.205292 0.706928
    outer loop
      vertex 5.87342 1.68619 8.88674
      vertex 5.79555 1.55291 9
      vertex 5.94761 1.66046 8.82318
    endloop
  endfacet
  facet normal 0.67685 0.205278 0.70692
    outer loop
      vertex 5.80107 1.71671 8.94715
      vertex 5.79555 1.55291 9
      vertex 5.87342 1.68619 8.88674
    endloop
  endfacet
  facet normal 0.676834 0.205283 0.706934
    outer loop
      vertex 5.79555 1.55291 9
      vertex 5.80107 1.71671 8.94715
      vertex 5.73597 1.74935 9
    endloop
  endfacet
  facet normal 0.0980136 0.995185 -0
    outer loop
      vertex 0.84842 6.44439 0.8
      vertex 0.425119 6.48608 8.5
      vertex 0.84842 6.44439 8.5
    endloop
  endfacet
  facet normal 0.0980136 0.995185 0
    outer loop
      vertex 0.425119 6.48608 8.5
      vertex 0.84842 6.44439 0.8
      vertex 0.425119 6.48608 0.8
    endloop
  endfacet
  facet normal 0.77299 0.634419 0
    outer loop
      vertex 5.1568 3.95695 8.5
      vertex 5.09774 4.02891 0.8
      vertex 5.09774 4.02891 8.5
    endloop
  endfacet
  facet normal 0.77299 0.634419 0
    outer loop
      vertex 5.09774 4.02891 0.8
      vertex 5.1568 3.95695 8.5
      vertex 5.1568 3.95695 0.8
    endloop
  endfacet
  facet normal -0.265189 -0.704511 -0.658285
    outer loop
      vertex -2.25257 -6.05406 0.757667
      vertex -2.08936 -6.15505 0.8
      vertex -2.25633 -6.0922 0.8
    endloop
  endfacet
  facet normal -0.26516 -0.704482 -0.658328
    outer loop
      vertex -2.25 -5.97557 0.672639
      vertex -2.08936 -6.15505 0.8
      vertex -2.25257 -6.05406 0.757667
    endloop
  endfacet
  facet normal -0.265226 -0.704505 -0.658276
    outer loop
      vertex -2.25257 -5.89709 0.589683
      vertex -2.08936 -6.15505 0.8
      vertex -2.25 -5.97557 0.672639
    endloop
  endfacet
  facet normal -0.265189 -0.704499 -0.658297
    outer loop
      vertex -2.26027 -5.81894 0.50915
      vertex -2.08936 -6.15505 0.8
      vertex -2.25257 -5.89709 0.589683
    endloop
  endfacet
  facet normal -0.266307 -0.703708 -0.658692
    outer loop
      vertex -1.86435 -5.49219 0
      vertex -2.26027 -5.81894 0.50915
      vertex -2.26038 -5.81826 0.508468
    endloop
  endfacet
  facet normal -0.265164 -0.704497 -0.65831
    outer loop
      vertex -2.26027 -5.81894 0.50915
      vertex -1.86435 -5.49219 0
      vertex -2.08936 -6.15505 0.8
    endloop
  endfacet
  facet normal -0.75235 0.0246185 -0.658304
    outer loop
      vertex -5.78758 0.379337 0
      vertex -6.16287 0.387595 0.429213
      vertex -6.13846 0.402335 0.401867
    endloop
  endfacet
  facet normal -0.752351 0.0245728 -0.658304
    outer loop
      vertex -5.78758 0.379337 0
      vertex -6.2326 0.351488 0.507557
      vertex -6.16287 0.387595 0.429213
    endloop
  endfacet
  facet normal -0.752352 0.0246478 -0.658301
    outer loop
      vertex -6.5 0 0.8
      vertex -6.2326 0.351488 0.507557
      vertex -5.78758 0.379337 0
    endloop
  endfacet
  facet normal -0.75231 0.0245746 -0.658351
    outer loop
      vertex -6.2326 0.351488 0.507557
      vertex -6.5 0 0.8
      vertex -6.30455 0.320019 0.588601
    endloop
  endfacet
  facet normal -0.752342 0.0246197 -0.658312
    outer loop
      vertex -6.30455 0.320019 0.588601
      vertex -6.5 0 0.8
      vertex -6.3784 0.293323 0.672001
    endloop
  endfacet
  facet normal -0.752374 0.0246495 -0.658274
    outer loop
      vertex -6.3784 0.293323 0.672001
      vertex -6.5 0 0.8
      vertex -6.45383 0.271513 0.757397
    endloop
  endfacet
  facet normal -0.752325 0.0246322 -0.658331
    outer loop
      vertex -6.45383 0.271513 0.757397
      vertex -6.5 0 0.8
      vertex -6.49138 0.263275 0.8
    endloop
  endfacet
  facet normal 0 0 1
    outer loop
      vertex 5.42228 -1.99192 9
      vertex 3.17813 -0.851577 9
      vertex 5.37089 -2.0513 9
    endloop
  endfacet
  facet normal 0 0 1
    outer loop
      vertex 5.10439 2.85359 9
      vertex 4.98882 3.33342 9
      vertex 5.10387 2.77507 9
    endloop
  endfacet
  facet normal 0 0 1
    outer loop
      vertex 5.11004 2.93192 9
      vertex 4.98882 3.33342 9
      vertex 5.10439 2.85359 9
    endloop
  endfacet
  facet normal 0 0 1
    outer loop
      vertex 5.1208 3.0097 9
      vertex 4.98882 3.33342 9
      vertex 5.11004 2.93192 9
    endloop
  endfacet
  facet normal 0 0 1
    outer loop
      vertex 5.13662 3.08662 9
      vertex 4.98882 3.33342 9
      vertex 5.1208 3.0097 9
    endloop
  endfacet
  facet normal 0 0 1
    outer loop
      vertex 4.98882 3.33342 9
      vertex 5.13662 3.08662 9
      vertex 5.13836 3.09294 9
    endloop
  endfacet
  facet normal 0 0 1
    outer loop
      vertex 5.94867 0.783156 9
      vertex 5.94798 0.730514 9
      vertex 5.95322 0.736909 9
    endloop
  endfacet
  facet normal 0 0 1
    outer loop
      vertex 5.94867 0.783156 9
      vertex 5.90224 0.666684 9
      vertex 5.94798 0.730514 9
    endloop
  endfacet
  facet normal 0 0 1
    outer loop
      vertex 5.88471 1.17054 9
      vertex 5.90224 0.666684 9
      vertex 5.94867 0.783156 9
    endloop
  endfacet
  facet normal 0 0 1
    outer loop
      vertex 5.88471 1.17054 9
      vertex 5.86077 0.599999 9
      vertex 5.90224 0.666684 9
    endloop
  endfacet
  facet normal 0 0 1
    outer loop
      vertex 5.88471 1.17054 9
      vertex 5.82375 0.530746 9
      vertex 5.86077 0.599999 9
    endloop
  endfacet
  facet normal 0 0 1
    outer loop
      vertex 5.53614 1.88387 9
      vertex 5.88471 1.17054 9
      vertex 5.79555 1.55291 9
    endloop
  endfacet
  facet normal 0 0 1
    outer loop
      vertex 5.47744 1.93603 9
      vertex 5.88471 1.17054 9
      vertex 5.53614 1.88387 9
    endloop
  endfacet
  facet normal 0 0 1
    outer loop
      vertex 5.88471 1.17054 9
      vertex 5.79134 0.45922 9
      vertex 5.82375 0.530746 9
    endloop
  endfacet
  facet normal 0 0 1
    outer loop
      vertex 5.88471 1.17054 9
      vertex 5.47744 1.93603 9
      vertex 5.79134 0.45922 9
    endloop
  endfacet
  facet normal 0 0 1
    outer loop
      vertex 5.73087 1.7519 9
      vertex 5.79555 1.55291 9
      vertex 5.73597 1.74935 9
    endloop
  endfacet
  facet normal 0 0 1
    outer loop
      vertex 5.66313 1.79161 9
      vertex 5.79555 1.55291 9
      vertex 5.73087 1.7519 9
    endloop
  endfacet
  facet normal 0 0 1
    outer loop
      vertex 5.59812 1.83566 9
      vertex 5.79555 1.55291 9
      vertex 5.66313 1.79161 9
    endloop
  endfacet
  facet normal 0 0 1
    outer loop
      vertex 5.53614 1.88387 9
      vertex 5.79555 1.55291 9
      vertex 5.59812 1.83566 9
    endloop
  endfacet
  facet normal 0 0 1
    outer loop
      vertex 3.28335 0.210566 9
      vertex 5.79134 0.45922 9
      vertex 5.47744 1.93603 9
    endloop
  endfacet
  facet normal 0 0 1
    outer loop
      vertex 3.28335 0.210566 9
      vertex 5.47744 1.93603 9
      vertex 5.42228 1.99192 9
    endloop
  endfacet
  facet normal 0 0 1
    outer loop
      vertex 5.79134 0.45922 9
      vertex 3.28335 0.210566 9
      vertex 5.76368 0.385727 9
    endloop
  endfacet
  facet normal 0 0 1
    outer loop
      vertex 5.94798 -0.730514 9
      vertex 5.94867 -0.783156 9
      vertex 5.95322 -0.736909 9
    endloop
  endfacet
  facet normal 0 0 1
    outer loop
      vertex 5.90224 -0.666684 9
      vertex 5.94867 -0.783156 9
      vertex 5.94798 -0.730514 9
    endloop
  endfacet
  facet normal 0 0 1
    outer loop
      vertex 5.90224 -0.666684 9
      vertex 5.88471 -1.17054 9
      vertex 5.94867 -0.783156 9
    endloop
  endfacet
  facet normal 0 0 1
    outer loop
      vertex 5.86077 -0.599999 9
      vertex 5.88471 -1.17054 9
      vertex 5.90224 -0.666684 9
    endloop
  endfacet
  facet normal 0 0 1
    outer loop
      vertex 5.82375 -0.530746 9
      vertex 5.88471 -1.17054 9
      vertex 5.86077 -0.599999 9
    endloop
  endfacet
  facet normal 0 0 1
    outer loop
      vertex 5.79134 -0.45922 9
      vertex 5.88471 -1.17054 9
      vertex 5.82375 -0.530746 9
    endloop
  endfacet
  facet normal 0 0 1
    outer loop
      vertex 5.47744 -1.93603 9
      vertex 5.88471 -1.17054 9
      vertex 5.79134 -0.45922 9
    endloop
  endfacet
  facet normal 0 0 1
    outer loop
      vertex 3.2621 -0.429462 9
      vertex 5.72306 -0.234108 9
      vertex 3.28275 -0.219798 9
    endloop
  endfacet
  facet normal 0 0 1
    outer loop
      vertex 3.2832 -0.215192 9
      vertex 5.71027 -0.156631 9
      vertex 3.28335 -0.210566 9
    endloop
  endfacet
  facet normal 0 0 1
    outer loop
      vertex 5.88471 -1.17054 9
      vertex 5.53614 -1.88387 9
      vertex 5.79555 -1.55291 9
    endloop
  endfacet
  facet normal 0 0 1
    outer loop
      vertex 5.79555 -1.55291 9
      vertex 5.73087 -1.7519 9
      vertex 5.73597 -1.74935 9
    endloop
  endfacet
  facet normal 0 0 1
    outer loop
      vertex 5.70257 -0.0784836 9
      vertex 3.28335 -0.210566 9
      vertex 5.71027 -0.156631 9
    endloop
  endfacet
  facet normal 0 0 1
    outer loop
      vertex 3.28335 -0.210566 9
      vertex 5.70257 -0.0784836 9
      vertex 3.29024 0 9
    endloop
  endfacet
  facet normal 0 0 1
    outer loop
      vertex 5.7 0 9
      vertex 3.29024 0 9
      vertex 5.70257 -0.0784836 9
    endloop
  endfacet
  facet normal 0 0 1
    outer loop
      vertex 5.70257 0.0784836 9
      vertex 3.29024 0 9
      vertex 5.7 0 9
    endloop
  endfacet
  facet normal 0 0 1
    outer loop
      vertex 3.28335 0.210566 9
      vertex 5.42228 1.99192 9
      vertex 5.37089 2.0513 9
    endloop
  endfacet
  facet normal 0 0 1
    outer loop
      vertex 5.79555 -1.55291 9
      vertex 5.66313 -1.79161 9
      vertex 5.73087 -1.7519 9
    endloop
  endfacet
  facet normal 0 0 1
    outer loop
      vertex 5.76368 0.385727 9
      vertex 3.28335 0.210566 9
      vertex 5.74089 0.310582 9
    endloop
  endfacet
  facet normal 0 0 1
    outer loop
      vertex 5.79555 -1.55291 9
      vertex 5.59812 -1.83566 9
      vertex 5.66313 -1.79161 9
    endloop
  endfacet
  facet normal 0 0 1
    outer loop
      vertex 3.28335 0.210566 9
      vertex 5.37089 2.0513 9
      vertex 5.32349 2.11391 9
    endloop
  endfacet
  facet normal 0 0 1
    outer loop
      vertex 5.79555 -1.55291 9
      vertex 5.53614 -1.88387 9
      vertex 5.59812 -1.83566 9
    endloop
  endfacet
  facet normal 0 0 1
    outer loop
      vertex 5.74089 0.310582 9
      vertex 3.28335 0.210566 9
      vertex 5.72306 0.234108 9
    endloop
  endfacet
  facet normal 0 0 1
    outer loop
      vertex 5.88471 -1.17054 9
      vertex 5.47744 -1.93603 9
      vertex 5.53614 -1.88387 9
    endloop
  endfacet
  facet normal 0 0 1
    outer loop
      vertex 3.28335 0.210566 9
      vertex 5.32349 2.11391 9
      vertex 5.2803 2.17948 9
    endloop
  endfacet
  facet normal 0 0 1
    outer loop
      vertex 5.72306 -0.234108 9
      vertex 3.2621 -0.429462 9
      vertex 5.74089 -0.310582 9
    endloop
  endfacet
  facet normal 0 0 1
    outer loop
      vertex 5.72306 0.234108 9
      vertex 3.28335 0.210566 9
      vertex 5.71027 0.156631 9
    endloop
  endfacet
  facet normal 0 0 1
    outer loop
      vertex 3.28275 -0.219798 9
      vertex 5.71027 -0.156631 9
      vertex 3.2832 -0.215192 9
    endloop
  endfacet
  facet normal 0 0 1
    outer loop
      vertex 3.28335 0.210566 9
      vertex 5.2803 2.17948 9
      vertex 5.24148 2.24774 9
    endloop
  endfacet
  facet normal 0 0 1
    outer loop
      vertex 5.71027 -0.156631 9
      vertex 3.28275 -0.219798 9
      vertex 5.72306 -0.234108 9
    endloop
  endfacet
  facet normal 0 0 1
    outer loop
      vertex 5.71027 0.156631 9
      vertex 3.28335 0.210566 9
      vertex 5.70257 0.0784836 9
    endloop
  endfacet
  facet normal 0 0 1
    outer loop
      vertex 5.74089 -0.310582 9
      vertex 3.2621 -0.429462 9
      vertex 5.76368 -0.385727 9
    endloop
  endfacet
  facet normal 0 0 1
    outer loop
      vertex 3.28335 0.210566 9
      vertex 5.24148 2.24774 9
      vertex 5.20721 2.3184 9
    endloop
  endfacet
  facet normal 0 0 1
    outer loop
      vertex 3.22778 -0.637328 9
      vertex 5.76368 -0.385727 9
      vertex 3.2621 -0.429462 9
    endloop
  endfacet
  facet normal 0 -0 1
    outer loop
      vertex 3.29024 0 9
      vertex 5.70257 0.0784836 9
      vertex 3.28335 0.210566 9
    endloop
  endfacet
  facet normal 0 0 1
    outer loop
      vertex 3.22702 -0.641895 9
      vertex 5.76368 -0.385727 9
      vertex 3.22778 -0.637328 9
    endloop
  endfacet
  facet normal 0 0 1
    outer loop
      vertex 3.28335 0.210566 9
      vertex 5.20721 2.3184 9
      vertex 5.17763 2.39114 9
    endloop
  endfacet
  facet normal 0 0 1
    outer loop
      vertex 5.76368 -0.385727 9
      vertex 3.22702 -0.641895 9
      vertex 5.79134 -0.45922 9
    endloop
  endfacet
  facet normal 0 0 1
    outer loop
      vertex 3.28335 0.210566 9
      vertex 5.17763 2.39114 9
      vertex 5.15288 2.46566 9
    endloop
  endfacet
  facet normal 0 0 1
    outer loop
      vertex 3.22597 -0.646402 9
      vertex 5.79134 -0.45922 9
      vertex 3.22702 -0.641895 9
    endloop
  endfacet
  facet normal 0 0 1
    outer loop
      vertex 3.28335 0.210566 9
      vertex 5.15288 2.46566 9
      vertex 5.13305 2.54165 9
    endloop
  endfacet
  facet normal 0 0 1
    outer loop
      vertex 5.79134 -0.45922 9
      vertex 3.22597 -0.646402 9
      vertex 5.47744 -1.93603 9
    endloop
  endfacet
  facet normal 0 0 1
    outer loop
      vertex 3.28335 0.210566 9
      vertex 5.13305 2.54165 9
      vertex 5.11824 2.61876 9
    endloop
  endfacet
  facet normal 0 0 1
    outer loop
      vertex 5.47744 -1.93603 9
      vertex 3.22597 -0.646402 9
      vertex 5.42228 -1.99192 9
    endloop
  endfacet
  facet normal 0 0 1
    outer loop
      vertex 3.28335 0.210566 9
      vertex 5.1085 2.69668 9
      vertex 4.98882 3.33342 9
    endloop
  endfacet
  facet normal 0 0 1
    outer loop
      vertex 5.1085 2.69668 9
      vertex 3.28335 0.210566 9
      vertex 5.11824 2.61876 9
    endloop
  endfacet
  facet normal 0 0 1
    outer loop
      vertex 4.98882 3.33342 9
      vertex 5.1085 2.69668 9
      vertex 5.10387 2.77507 9
    endloop
  endfacet
  facet normal -0 0 1
    outer loop
      vertex 3.17813 -0.851577 9
      vertex 5.42228 -1.99192 9
      vertex 3.22597 -0.646402 9
    endloop
  endfacet
  facet normal 0 0 1
    outer loop
      vertex 5.37089 -2.0513 9
      vertex 3.17813 -0.851577 9
      vertex 5.32349 -2.11391 9
    endloop
  endfacet
  facet normal 0 0 1
    outer loop
      vertex 5.13662 -3.08662 9
      vertex 4.98882 -3.33342 9
      vertex 5.13836 -3.09294 9
    endloop
  endfacet
  facet normal 0 0 1
    outer loop
      vertex 5.1208 -3.0097 9
      vertex 4.98882 -3.33342 9
      vertex 5.13662 -3.08662 9
    endloop
  endfacet
  facet normal 0 0 1
    outer loop
      vertex 5.11004 -2.93192 9
      vertex 4.98882 -3.33342 9
      vertex 5.1208 -3.0097 9
    endloop
  endfacet
  facet normal 0 0 1
    outer loop
      vertex 5.10439 -2.85359 9
      vertex 4.98882 -3.33342 9
      vertex 5.11004 -2.93192 9
    endloop
  endfacet
  facet normal -0 0 1
    outer loop
      vertex 3.11698 -1.05319 9
      vertex 5.32349 -2.11391 9
      vertex 3.17813 -0.851577 9
    endloop
  endfacet
  facet normal 0 0 1
    outer loop
      vertex 2.73574 1.82796 9
      vertex 4.98882 3.33342 9
      vertex 4.76012 3.65257 9
    endloop
  endfacet
  facet normal 0 0 1
    outer loop
      vertex 5.32349 -2.11391 9
      vertex 3.11563 -1.05761 9
      vertex 5.2803 -2.17948 9
    endloop
  endfacet
  facet normal 0 0 1
    outer loop
      vertex 4.52285 3.9314 9
      vertex 4.76012 3.65257 9
      vertex 4.53162 3.931 9
    endloop
  endfacet
  facet normal -0 0 1
    outer loop
      vertex 3.114 -1.06195 9
      vertex 5.2803 -2.17948 9
      vertex 3.11563 -1.05761 9
    endloop
  endfacet
  facet normal 0 0 1
    outer loop
      vertex 4.44481 3.94012 9
      vertex 4.76012 3.65257 9
      vertex 4.52285 3.9314 9
    endloop
  endfacet
  facet normal -0 0 1
    outer loop
      vertex 3.03979 -1.25912 9
      vertex 5.2803 -2.17948 9
      vertex 3.114 -1.06195 9
    endloop
  endfacet
  facet normal 0 0 1
    outer loop
      vertex 4.36751 3.95392 9
      vertex 4.76012 3.65257 9
      vertex 4.44481 3.94012 9
    endloop
  endfacet
  facet normal 0 0 1
    outer loop
      vertex 5.2803 -2.17948 9
      vertex 3.03979 -1.25912 9
      vertex 5.24148 -2.24774 9
    endloop
  endfacet
  facet normal 0 0 1
    outer loop
      vertex 4.29127 3.97275 9
      vertex 4.76012 3.65257 9
      vertex 4.36751 3.95392 9
    endloop
  endfacet
  facet normal 0 0 1
    outer loop
      vertex 5.24148 -2.24774 9
      vertex 3.03979 -1.25912 9
      vertex 5.20721 -2.3184 9
    endloop
  endfacet
  facet normal 0 0 1
    outer loop
      vertex 4.21643 3.99653 9
      vertex 4.76012 3.65257 9
      vertex 4.29127 3.97275 9
    endloop
  endfacet
  facet normal -0 0 1
    outer loop
      vertex 3.03788 -1.26334 9
      vertex 5.20721 -2.3184 9
      vertex 3.03979 -1.25912 9
    endloop
  endfacet
  facet normal 0 0 1
    outer loop
      vertex 4.76012 3.65257 9
      vertex 4.21643 3.99653 9
      vertex 2.73574 1.82796 9
    endloop
  endfacet
  facet normal -0 0 1
    outer loop
      vertex 2.95093 -1.45524 9
      vertex 5.20721 -2.3184 9
      vertex 3.03788 -1.26334 9
    endloop
  endfacet
  facet normal 0 0 1
    outer loop
      vertex 2.61302 1.99921 9
      vertex 4.21643 3.99653 9
      vertex 4.14331 4.02515 9
    endloop
  endfacet
  facet normal 0 0 1
    outer loop
      vertex 5.20721 -2.3184 9
      vertex 2.95093 -1.45524 9
      vertex 5.17763 -2.39114 9
    endloop
  endfacet
  facet normal 0 0 1
    outer loop
      vertex 2.60739 2.00655 9
      vertex 4.14331 4.02515 9
      vertex 4.07221 4.05849 9
    endloop
  endfacet
  facet normal -0 0 1
    outer loop
      vertex 2.94875 -1.45932 9
      vertex 5.17763 -2.39114 9
      vertex 2.95093 -1.45524 9
    endloop
  endfacet
  facet normal 0 0 1
    outer loop
      vertex 2.47374 2.16941 9
      vertex 4.07221 4.05849 9
      vertex 4.00345 4.09641 9
    endloop
  endfacet
  facet normal 0 0 1
    outer loop
      vertex 5.17763 -2.39114 9
      vertex 2.94875 -1.45932 9
      vertex 5.15288 -2.46566 9
    endloop
  endfacet
  facet normal 0 0 1
    outer loop
      vertex 2.47374 2.16941 9
      vertex 4.00345 4.09641 9
      vertex 3.93731 4.13875 9
    endloop
  endfacet
  facet normal -0 0 1
    outer loop
      vertex 2.84944 -1.64512 9
      vertex 5.15288 -2.46566 9
      vertex 2.94875 -1.45932 9
    endloop
  endfacet
  facet normal 0 0 1
    outer loop
      vertex 2.32655 2.32655 9
      vertex 3.93731 4.13875 9
      vertex 3.87409 4.18532 9
    endloop
  endfacet
  facet normal 0 0 1
    outer loop
      vertex 5.15288 -2.46566 9
      vertex 2.84944 -1.64512 9
      vertex 5.13305 -2.54165 9
    endloop
  endfacet
  facet normal 0 0 1
    outer loop
      vertex 2.32318 2.32972 9
      vertex 3.87409 4.18532 9
      vertex 3.81404 4.23592 9
    endloop
  endfacet
  facet normal -0 0 1
    outer loop
      vertex 2.84699 -1.64905 9
      vertex 5.13305 -2.54165 9
      vertex 2.84944 -1.64512 9
    endloop
  endfacet
  facet normal 0 0 1
    outer loop
      vertex 2.16941 2.47374 9
      vertex 3.81404 4.23592 9
      vertex 3.75744 4.29035 9
    endloop
  endfacet
  facet normal 0 0 1
    outer loop
      vertex 5.13305 -2.54165 9
      vertex 2.84699 -1.64905 9
      vertex 5.11824 -2.61876 9
    endloop
  endfacet
  facet normal 0 0 1
    outer loop
      vertex 2.00655 2.60739 9
      vertex 3.75744 4.29035 9
      vertex 3.70451 4.34836 9
    endloop
  endfacet
  facet normal -0 0 1
    outer loop
      vertex 2.73574 -1.82796 9
      vertex 5.11824 -2.61876 9
      vertex 2.84699 -1.64905 9
    endloop
  endfacet
  facet normal 0 0 1
    outer loop
      vertex 2.00297 2.61033 9
      vertex 3.70451 4.34836 9
      vertex 3.6555 4.40971 9
    endloop
  endfacet
  facet normal 0 0 1
    outer loop
      vertex 5.11824 -2.61876 9
      vertex 2.73574 -1.82796 9
      vertex 5.1085 -2.69668 9
    endloop
  endfacet
  facet normal 0 0 1
    outer loop
      vertex 1.82796 2.73574 9
      vertex 3.6555 4.40971 9
      vertex 3.6106 4.47413 9
    endloop
  endfacet
  facet normal 0 0 1
    outer loop
      vertex 5.1085 -2.69668 9
      vertex 2.73574 -1.82796 9
      vertex 5.10387 -2.77507 9
    endloop
  endfacet
  facet normal 0 0 1
    outer loop
      vertex 1.82796 2.73574 9
      vertex 3.6106 4.47413 9
      vertex 3.57001 4.54135 9
    endloop
  endfacet
  facet normal 0 0 1
    outer loop
      vertex 4.76012 -3.65257 9
      vertex 4.52285 -3.9314 9
      vertex 4.53162 -3.931 9
    endloop
  endfacet
  facet normal 0 0 1
    outer loop
      vertex 1.64905 2.84699 9
      vertex 3.57001 4.54135 9
      vertex 3.5339 4.61109 9
    endloop
  endfacet
  facet normal -0 0 1
    outer loop
      vertex 2.61302 -1.99921 9
      vertex 5.10387 -2.77507 9
      vertex 2.73574 -1.82796 9
    endloop
  endfacet
  facet normal 0 0 1
    outer loop
      vertex 3 5.19615 9
      vertex 3.5339 4.61109 9
      vertex 3.50243 4.68303 9
    endloop
  endfacet
  facet normal 0 -0 1
    outer loop
      vertex 4.21643 -3.99653 9
      vertex 5.10387 -2.77507 9
      vertex 2.61302 -1.99921 9
    endloop
  endfacet
  facet normal 0 0 1
    outer loop
      vertex 3 5.19615 9
      vertex 3.50243 4.68303 9
      vertex 3.47573 4.75688 9
    endloop
  endfacet
  facet normal 0 0 1
    outer loop
      vertex 4.76012 -3.65257 9
      vertex 4.44481 -3.94012 9
      vertex 4.52285 -3.9314 9
    endloop
  endfacet
  facet normal 0 0 1
    outer loop
      vertex 3.33342 4.98882 9
      vertex 3.47573 4.75688 9
      vertex 3.45392 4.83231 9
    endloop
  endfacet
  facet normal 0 0 1
    outer loop
      vertex 4.76012 -3.65257 9
      vertex 4.36751 -3.95392 9
      vertex 4.44481 -3.94012 9
    endloop
  endfacet
  facet normal 0 0 1
    outer loop
      vertex 3.33342 4.98882 9
      vertex 3.45392 4.83231 9
      vertex 3.43709 4.90902 9
    endloop
  endfacet
  facet normal 0 0 1
    outer loop
      vertex 5.10439 -2.85359 9
      vertex 4.76012 -3.65257 9
      vertex 4.98882 -3.33342 9
    endloop
  endfacet
  facet normal 0 0 1
    outer loop
      vertex 3.33342 4.98882 9
      vertex 3.43709 4.90902 9
      vertex 3.43616 4.9152 9
    endloop
  endfacet
  facet normal 0 0 1
    outer loop
      vertex 5.10387 -2.77507 9
      vertex 4.76012 -3.65257 9
      vertex 5.10439 -2.85359 9
    endloop
  endfacet
  facet normal 0 0 1
    outer loop
      vertex 3.47573 4.75688 9
      vertex 3.33342 4.98882 9
      vertex 3 5.19615 9
    endloop
  endfacet
  facet normal 0 0 1
    outer loop
      vertex 4.76012 -3.65257 9
      vertex 4.29127 -3.97275 9
      vertex 4.36751 -3.95392 9
    endloop
  endfacet
  facet normal 0 0 1
    outer loop
      vertex 4.76012 -3.65257 9
      vertex 4.21643 -3.99653 9
      vertex 4.29127 -3.97275 9
    endloop
  endfacet
  facet normal -0 0 1
    outer loop
      vertex 3.11563 -1.05761 9
      vertex 5.32349 -2.11391 9
      vertex 3.11698 -1.05319 9
    endloop
  endfacet
  facet normal 0 0 1
    outer loop
      vertex 4.98882 3.33342 9
      vertex 3.2832 0.215192 9
      vertex 3.28335 0.210566 9
    endloop
  endfacet
  facet normal 0 0 1
    outer loop
      vertex 4.98882 3.33342 9
      vertex 3.28275 0.219798 9
      vertex 3.2832 0.215192 9
    endloop
  endfacet
  facet normal 0 0 1
    outer loop
      vertex 4.98882 3.33342 9
      vertex 3.2621 0.429462 9
      vertex 3.28275 0.219798 9
    endloop
  endfacet
  facet normal 0 0 1
    outer loop
      vertex 4.98882 3.33342 9
      vertex 3.22778 0.637328 9
      vertex 3.2621 0.429462 9
    endloop
  endfacet
  facet normal 0 0 1
    outer loop
      vertex 4.98882 3.33342 9
      vertex 3.22702 0.641895 9
      vertex 3.22778 0.637328 9
    endloop
  endfacet
  facet normal 0 0 1
    outer loop
      vertex 4.98882 3.33342 9
      vertex 3.22597 0.646402 9
      vertex 3.22702 0.641895 9
    endloop
  endfacet
  facet normal 0 0 1
    outer loop
      vertex 4.98882 3.33342 9
      vertex 3.17813 0.851577 9
      vertex 3.22597 0.646402 9
    endloop
  endfacet
  facet normal 0 0 1
    outer loop
      vertex 4.98882 3.33342 9
      vertex 3.11698 1.05319 9
      vertex 3.17813 0.851577 9
    endloop
  endfacet
  facet normal 0 0 1
    outer loop
      vertex 4.98882 3.33342 9
      vertex 3.11563 1.05761 9
      vertex 3.11698 1.05319 9
    endloop
  endfacet
  facet normal 0 0 1
    outer loop
      vertex 4.98882 3.33342 9
      vertex 3.114 1.06195 9
      vertex 3.11563 1.05761 9
    endloop
  endfacet
  facet normal 0 0 1
    outer loop
      vertex 4.98882 3.33342 9
      vertex 3.03979 1.25912 9
      vertex 3.114 1.06195 9
    endloop
  endfacet
  facet normal 0 0 1
    outer loop
      vertex 4.98882 3.33342 9
      vertex 3.03788 1.26334 9
      vertex 3.03979 1.25912 9
    endloop
  endfacet
  facet normal 0 0 1
    outer loop
      vertex 3.5339 4.61109 9
      vertex 3 5.19615 9
      vertex 2.22637 5.36599 9
    endloop
  endfacet
  facet normal 0 0 1
    outer loop
      vertex 4.98882 3.33342 9
      vertex 2.95093 1.45524 9
      vertex 3.03788 1.26334 9
    endloop
  endfacet
  facet normal 0 0 1
    outer loop
      vertex 4.98882 3.33342 9
      vertex 2.94875 1.45932 9
      vertex 2.95093 1.45524 9
    endloop
  endfacet
  facet normal 0 0 1
    outer loop
      vertex 4.98882 3.33342 9
      vertex 2.84944 1.64512 9
      vertex 2.94875 1.45932 9
    endloop
  endfacet
  facet normal 0 0 1
    outer loop
      vertex 4.98882 3.33342 9
      vertex 2.84699 1.64905 9
      vertex 2.84944 1.64512 9
    endloop
  endfacet
  facet normal 0 0 1
    outer loop
      vertex 4.98882 3.33342 9
      vertex 2.73574 1.82796 9
      vertex 2.84699 1.64905 9
    endloop
  endfacet
  facet normal 0 0 1
    outer loop
      vertex 2.38171 5.38851 9
      vertex 3 5.19615 9
      vertex 2.65373 5.38124 9
    endloop
  endfacet
  facet normal 0 0 1
    outer loop
      vertex 4.21643 3.99653 9
      vertex 2.61302 1.99921 9
      vertex 2.73574 1.82796 9
    endloop
  endfacet
  facet normal 0 0 1
    outer loop
      vertex 4.14331 4.02515 9
      vertex 2.61033 2.00297 9
      vertex 2.61302 1.99921 9
    endloop
  endfacet
  facet normal 0 0 1
    outer loop
      vertex 4.14331 4.02515 9
      vertex 2.60739 2.00655 9
      vertex 2.61033 2.00297 9
    endloop
  endfacet
  facet normal -0 0 1
    outer loop
      vertex 2.53279 5.43112 9
      vertex 2.65373 5.38124 9
      vertex 2.53861 5.4334 9
    endloop
  endfacet
  facet normal -0 0 1
    outer loop
      vertex 2.45794 5.40734 9
      vertex 2.65373 5.38124 9
      vertex 2.53279 5.43112 9
    endloop
  endfacet
  facet normal 0 0 1
    outer loop
      vertex 4.07221 4.05849 9
      vertex 2.47374 2.16941 9
      vertex 2.60739 2.00655 9
    endloop
  endfacet
  facet normal -0 0 1
    outer loop
      vertex 2.38171 5.38851 9
      vertex 2.65373 5.38124 9
      vertex 2.45794 5.40734 9
    endloop
  endfacet
  facet normal 0 0 1
    outer loop
      vertex 3 5.19615 9
      vertex 2.38171 5.38851 9
      vertex 2.30441 5.37471 9
    endloop
  endfacet
  facet normal 0 0 1
    outer loop
      vertex 3.93731 4.13875 9
      vertex 2.32972 2.32318 9
      vertex 2.47374 2.16941 9
    endloop
  endfacet
  facet normal 0 0 1
    outer loop
      vertex 3.93731 4.13875 9
      vertex 2.32655 2.32655 9
      vertex 2.32972 2.32318 9
    endloop
  endfacet
  facet normal 0 0 1
    outer loop
      vertex 3.87409 4.18532 9
      vertex 2.32318 2.32972 9
      vertex 2.32655 2.32655 9
    endloop
  endfacet
  facet normal -0 0 1
    outer loop
      vertex 2.22637 5.36599 9
      vertex 3 5.19615 9
      vertex 2.30441 5.37471 9
    endloop
  endfacet
  facet normal 0 0 1
    outer loop
      vertex 3.5339 4.61109 9
      vertex 2.22637 5.36599 9
      vertex 1.64512 2.84944 9
    endloop
  endfacet
  facet normal 0 0 1
    outer loop
      vertex 3.81404 4.23592 9
      vertex 2.16941 2.47374 9
      vertex 2.32318 2.32972 9
    endloop
  endfacet
  facet normal 0 0 1
    outer loop
      vertex 1.64512 2.84944 9
      vertex 2.22637 5.36599 9
      vertex 2.14792 5.36239 9
    endloop
  endfacet
  facet normal 0 0 1
    outer loop
      vertex 1.45932 2.94875 9
      vertex 2.14792 5.36239 9
      vertex 2.06941 5.36393 9
    endloop
  endfacet
  facet normal 0 0 1
    outer loop
      vertex 3.75744 4.29035 9
      vertex 2.00655 2.60739 9
      vertex 2.16941 2.47374 9
    endloop
  endfacet
  facet normal 0 0 1
    outer loop
      vertex 3.70451 4.34836 9
      vertex 2.00297 2.61033 9
      vertex 2.00655 2.60739 9
    endloop
  endfacet
  facet normal 0 0 1
    outer loop
      vertex 3.6555 4.40971 9
      vertex 1.99921 2.61302 9
      vertex 2.00297 2.61033 9
    endloop
  endfacet
  facet normal 0 0 1
    outer loop
      vertex 1.45524 2.95093 9
      vertex 2.06941 5.36393 9
      vertex 1.99117 5.37061 9
    endloop
  endfacet
  facet normal 0 0 1
    outer loop
      vertex 1.26334 3.03788 9
      vertex 1.99117 5.37061 9
      vertex 1.91353 5.38238 9
    endloop
  endfacet
  facet normal 0 0 1
    outer loop
      vertex 1.25912 3.03979 9
      vertex 1.91353 5.38238 9
      vertex 1.83683 5.39921 9
    endloop
  endfacet
  facet normal 0 0 1
    outer loop
      vertex 3.6555 4.40971 9
      vertex 1.82796 2.73574 9
      vertex 1.99921 2.61302 9
    endloop
  endfacet
  facet normal 0 0 1
    outer loop
      vertex 1.05761 3.11563 9
      vertex 1.83683 5.39921 9
      vertex 1.7614 5.42102 9
    endloop
  endfacet
  facet normal 0 0 1
    outer loop
      vertex 1.05319 3.11698 9
      vertex 1.7614 5.42102 9
      vertex 1.68755 5.44772 9
    endloop
  endfacet
  facet normal 0 0 1
    outer loop
      vertex 3.57001 4.54135 9
      vertex 1.64905 2.84699 9
      vertex 1.82796 2.73574 9
    endloop
  endfacet
  facet normal 0 0 1
    outer loop
      vertex 3.5339 4.61109 9
      vertex 1.64512 2.84944 9
      vertex 1.64905 2.84699 9
    endloop
  endfacet
  facet normal 0 0 1
    outer loop
      vertex 0.851577 3.17813 9
      vertex 1.68755 5.44772 9
      vertex 1.6156 5.47919 9
    endloop
  endfacet
  facet normal 0 0 1
    outer loop
      vertex 0.646402 3.22597 9
      vertex 1.6156 5.47919 9
      vertex 1.54587 5.51529 9
    endloop
  endfacet
  facet normal 0 0 1
    outer loop
      vertex 0.641895 3.22702 9
      vertex 1.54587 5.51529 9
      vertex 1.47865 5.55588 9
    endloop
  endfacet
  facet normal 0 0 1
    outer loop
      vertex 2.14792 5.36239 9
      vertex 1.45932 2.94875 9
      vertex 1.64512 2.84944 9
    endloop
  endfacet
  facet normal 0 0 1
    outer loop
      vertex 2.06941 5.36393 9
      vertex 1.45524 2.95093 9
      vertex 1.45932 2.94875 9
    endloop
  endfacet
  facet normal 0 0 1
    outer loop
      vertex 0.429462 3.2621 9
      vertex 1.47865 5.55588 9
      vertex 1.41423 5.60079 9
    endloop
  endfacet
  facet normal 0 0 1
    outer loop
      vertex 0.429462 3.2621 9
      vertex 1.41423 5.60079 9
      vertex 1.35288 5.6498 9
    endloop
  endfacet
  facet normal 0 0 1
    outer loop
      vertex 0.783156 5.94867 9
      vertex 1.35288 5.6498 9
      vertex 1.29487 5.70273 9
    endloop
  endfacet
  facet normal 0 0 1
    outer loop
      vertex 1.99117 5.37061 9
      vertex 1.26334 3.03788 9
      vertex 1.45524 2.95093 9
    endloop
  endfacet
  facet normal 0 0 1
    outer loop
      vertex 1.91353 5.38238 9
      vertex 1.25912 3.03979 9
      vertex 1.26334 3.03788 9
    endloop
  endfacet
  facet normal 0 0 1
    outer loop
      vertex 0.783156 5.94867 9
      vertex 1.29487 5.70273 9
      vertex 1.24044 5.75933 9
    endloop
  endfacet
  facet normal 0 0 1
    outer loop
      vertex 0.783156 5.94867 9
      vertex 1.24044 5.75933 9
      vertex 1.18984 5.81938 9
    endloop
  endfacet
  facet normal 0 0 1
    outer loop
      vertex 0.783156 5.94867 9
      vertex 1.18984 5.81938 9
      vertex 1.14327 5.8826 9
    endloop
  endfacet
  facet normal 0 0 1
    outer loop
      vertex 0.783156 5.94867 9
      vertex 1.14327 5.8826 9
      vertex 1.13853 5.89 9
    endloop
  endfacet
  facet normal 0 0 1
    outer loop
      vertex 1.83683 5.39921 9
      vertex 1.06195 3.114 9
      vertex 1.25912 3.03979 9
    endloop
  endfacet
  facet normal 0 0 1
    outer loop
      vertex 1.83683 5.39921 9
      vertex 1.05761 3.11563 9
      vertex 1.06195 3.114 9
    endloop
  endfacet
  facet normal 0 0 1
    outer loop
      vertex 1.7614 5.42102 9
      vertex 1.05319 3.11698 9
      vertex 1.05761 3.11563 9
    endloop
  endfacet
  facet normal 0 0 1
    outer loop
      vertex 1.68755 5.44772 9
      vertex 0.851577 3.17813 9
      vertex 1.05319 3.11698 9
    endloop
  endfacet
  facet normal 0 0 1
    outer loop
      vertex 1.35288 5.6498 9
      vertex 0.783156 5.94867 9
      vertex -0.148655 5.80762 9
    endloop
  endfacet
  facet normal 0 0 1
    outer loop
      vertex 1.6156 5.47919 9
      vertex 0.646402 3.22597 9
      vertex 0.851577 3.17813 9
    endloop
  endfacet
  facet normal 0 0 1
    outer loop
      vertex 1.54587 5.51529 9
      vertex 0.641895 3.22702 9
      vertex 0.646402 3.22597 9
    endloop
  endfacet
  facet normal 0 0 1
    outer loop
      vertex 1.47865 5.55588 9
      vertex 0.637328 3.22778 9
      vertex 0.641895 3.22702 9
    endloop
  endfacet
  facet normal 0 0 1
    outer loop
      vertex 1.47865 5.55588 9
      vertex 0.429462 3.2621 9
      vertex 0.637328 3.22778 9
    endloop
  endfacet
  facet normal 0 0 1
    outer loop
      vertex -0.148655 5.80762 9
      vertex 0.783156 5.94867 9
      vertex 0.392418 5.98715 9
    endloop
  endfacet
  facet normal 0 0 1
    outer loop
      vertex 1.35288 5.6498 9
      vertex -0.148655 5.80762 9
      vertex 0.429462 3.2621 9
    endloop
  endfacet
  facet normal 0 0 1
    outer loop
      vertex 0.429462 3.2621 9
      vertex -0.148655 5.80762 9
      vertex 0.219798 3.28275 9
    endloop
  endfacet
  facet normal -0 0 1
    outer loop
      vertex -0.218854 5.77243 9
      vertex 0.219798 3.28275 9
      vertex -0.148655 5.80762 9
    endloop
  endfacet
  facet normal -0 0 1
    outer loop
      vertex 0.104778 5.99175 9
      vertex 0.392418 5.98715 9
      vertex 0.109385 5.99642 9
    endloop
  endfacet
  facet normal 0 0 1
    outer loop
      vertex 0.0460796 5.93959 9
      vertex 0.392418 5.98715 9
      vertex 0.104778 5.99175 9
    endloop
  endfacet
  facet normal 0 0 1
    outer loop
      vertex -0.0159035 5.89138 9
      vertex 0.392418 5.98715 9
      vertex 0.0460796 5.93959 9
    endloop
  endfacet
  facet normal 0 0 1
    outer loop
      vertex -0.0809088 5.84733 9
      vertex 0.392418 5.98715 9
      vertex -0.0159035 5.89138 9
    endloop
  endfacet
  facet normal 0 0 1
    outer loop
      vertex -0.148655 5.80762 9
      vertex 0.392418 5.98715 9
      vertex -0.0809088 5.84733 9
    endloop
  endfacet
  facet normal 0 0 1
    outer loop
      vertex 0.219798 3.28275 9
      vertex -0.218854 5.77243 9
      vertex 0.215192 3.2832 9
    endloop
  endfacet
  facet normal 0 0 1
    outer loop
      vertex 0.215192 3.2832 9
      vertex -0.218854 5.77243 9
      vertex 0.210566 3.28335 9
    endloop
  endfacet
  facet normal -0 0 1
    outer loop
      vertex -0.291204 5.7419 9
      vertex 0.210566 3.28335 9
      vertex -0.218854 5.77243 9
    endloop
  endfacet
  facet normal 0 0 1
    outer loop
      vertex 0.210566 3.28335 9
      vertex -0.291204 5.7419 9
      vertex 0 3.29024 9
    endloop
  endfacet
  facet normal -0 0 1
    outer loop
      vertex -0.365396 5.71618 9
      vertex 0 3.29024 9
      vertex -0.291204 5.7419 9
    endloop
  endfacet
  facet normal -0 0 1
    outer loop
      vertex -0.441112 5.69536 9
      vertex 0 3.29024 9
      vertex -0.365396 5.71618 9
    endloop
  endfacet
  facet normal 0 0 1
    outer loop
      vertex 0 3.29024 9
      vertex -0.441112 5.69536 9
      vertex -0.210566 3.28335 9
    endloop
  endfacet
  facet normal -0 0 1
    outer loop
      vertex -0.518026 5.67953 9
      vertex -0.210566 3.28335 9
      vertex -0.441112 5.69536 9
    endloop
  endfacet
  facet normal 0 0 1
    outer loop
      vertex -0.210566 3.28335 9
      vertex -0.518026 5.67953 9
      vertex -0.215192 3.2832 9
    endloop
  endfacet
  facet normal 0 0 1
    outer loop
      vertex -0.215192 3.2832 9
      vertex -0.518026 5.67953 9
      vertex -0.219798 3.28275 9
    endloop
  endfacet
  facet normal -0 0 1
    outer loop
      vertex -0.595812 5.66877 9
      vertex -0.219798 3.28275 9
      vertex -0.518026 5.67953 9
    endloop
  endfacet
  facet normal 0 0 1
    outer loop
      vertex -0.219798 3.28275 9
      vertex -0.595812 5.66877 9
      vertex -0.429462 3.2621 9
    endloop
  endfacet
  facet normal -0 0 1
    outer loop
      vertex -0.674134 5.66313 9
      vertex -0.429462 3.2621 9
      vertex -0.595812 5.66877 9
    endloop
  endfacet
  facet normal -0 0 1
    outer loop
      vertex -0.752658 5.66261 9
      vertex -0.429462 3.2621 9
      vertex -0.674134 5.66313 9
    endloop
  endfacet
  facet normal 0 0 1
    outer loop
      vertex -0.429462 3.2621 9
      vertex -0.752658 5.66261 9
      vertex -0.637328 3.22778 9
    endloop
  endfacet
  facet normal 0 0 1
    outer loop
      vertex -0.637328 3.22778 9
      vertex -0.752658 5.66261 9
      vertex -0.641895 3.22702 9
    endloop
  endfacet
  facet normal 0 0 1
    outer loop
      vertex -0.831048 5.66723 9
      vertex -0.641895 3.22702 9
      vertex -0.752658 5.66261 9
    endloop
  endfacet
  facet normal 0 0 1
    outer loop
      vertex -0.641895 3.22702 9
      vertex -0.831048 5.66723 9
      vertex -0.646402 3.22597 9
    endloop
  endfacet
  facet normal 0 0 1
    outer loop
      vertex -0.831048 5.66723 9
      vertex -0.851577 3.17813 9
      vertex -0.646402 3.22597 9
    endloop
  endfacet
  facet normal 0 0 1
    outer loop
      vertex -0.908967 5.67697 9
      vertex -0.851577 3.17813 9
      vertex -0.831048 5.66723 9
    endloop
  endfacet
  facet normal 0 0 1
    outer loop
      vertex -0.986083 5.69179 9
      vertex -0.851577 3.17813 9
      vertex -0.908967 5.67697 9
    endloop
  endfacet
  facet normal 0 0 1
    outer loop
      vertex -0.986083 5.69179 9
      vertex -1.05319 3.11698 9
      vertex -0.851577 3.17813 9
    endloop
  endfacet
  facet normal 0 0 1
    outer loop
      vertex -1.06206 5.71162 9
      vertex -1.05319 3.11698 9
      vertex -0.986083 5.69179 9
    endloop
  endfacet
  facet normal -0 0 1
    outer loop
      vertex -2.49798 5.24506 9
      vertex -1.05319 3.11698 9
      vertex -1.06206 5.71162 9
    endloop
  endfacet
  facet normal 0 0 1
    outer loop
      vertex -1.05319 3.11698 9
      vertex -2.49798 5.24506 9
      vertex -1.05761 3.11563 9
    endloop
  endfacet
  facet normal 0 0 1
    outer loop
      vertex -1.92864 5.68158 9
      vertex -1.06206 5.71162 9
      vertex -1.13659 5.73637 9
    endloop
  endfacet
  facet normal 0 0 1
    outer loop
      vertex -1.55291 5.79555 9
      vertex -1.13659 5.73637 9
      vertex -1.20933 5.76595 9
    endloop
  endfacet
  facet normal 0 0 1
    outer loop
      vertex -1.06206 5.71162 9
      vertex -1.92864 5.68158 9
      vertex -2.49798 5.24506 9
    endloop
  endfacet
  facet normal -0 0 1
    outer loop
      vertex -2.54779 5.18436 9
      vertex -1.05761 3.11563 9
      vertex -2.49798 5.24506 9
    endloop
  endfacet
  facet normal -0 0 1
    outer loop
      vertex -1.55291 5.79555 9
      vertex -1.20933 5.76595 9
      vertex -1.27998 5.80022 9
    endloop
  endfacet
  facet normal 0 0 1
    outer loop
      vertex -1.55291 5.79555 9
      vertex -1.27998 5.80022 9
      vertex -1.34824 5.83903 9
    endloop
  endfacet
  facet normal 0 0 1
    outer loop
      vertex -1.55291 5.79555 9
      vertex -1.34824 5.83903 9
      vertex -1.353 5.84217 9
    endloop
  endfacet
  facet normal 0 0 1
    outer loop
      vertex -1.13659 5.73637 9
      vertex -1.55291 5.79555 9
      vertex -1.92864 5.68158 9
    endloop
  endfacet
  facet normal 0 0 1
    outer loop
      vertex -1.05761 3.11563 9
      vertex -2.54779 5.18436 9
      vertex -1.06195 3.114 9
    endloop
  endfacet
  facet normal 0 0 1
    outer loop
      vertex -1.06195 3.114 9
      vertex -2.54779 5.18436 9
      vertex -1.25912 3.03979 9
    endloop
  endfacet
  facet normal -0 0 1
    outer loop
      vertex -2.60147 5.12705 9
      vertex -1.25912 3.03979 9
      vertex -2.54779 5.18436 9
    endloop
  endfacet
  facet normal 0 0 1
    outer loop
      vertex -1.25912 3.03979 9
      vertex -2.60147 5.12705 9
      vertex -1.26334 3.03788 9
    endloop
  endfacet
  facet normal -0 0 1
    outer loop
      vertex -2.65878 5.07337 9
      vertex -1.26334 3.03788 9
      vertex -2.60147 5.12705 9
    endloop
  endfacet
  facet normal 0 0 1
    outer loop
      vertex -1.26334 3.03788 9
      vertex -2.65878 5.07337 9
      vertex -1.45524 2.95093 9
    endloop
  endfacet
  facet normal -0 0 1
    outer loop
      vertex -2.71949 5.02355 9
      vertex -1.45524 2.95093 9
      vertex -2.65878 5.07337 9
    endloop
  endfacet
  facet normal -0 0 1
    outer loop
      vertex -2.78332 4.97781 9
      vertex -1.45932 2.94875 9
      vertex -2.71949 5.02355 9
    endloop
  endfacet
  facet normal 0 0 1
    outer loop
      vertex -1.45932 2.94875 9
      vertex -2.78332 4.97781 9
      vertex -1.64512 2.84944 9
    endloop
  endfacet
  facet normal -0 0 1
    outer loop
      vertex -2.85 4.93634 9
      vertex -1.64512 2.84944 9
      vertex -2.78332 4.97781 9
    endloop
  endfacet
  facet normal 0 0 1
    outer loop
      vertex -2.37375 5.44483 9
      vertex -1.92864 5.68158 9
      vertex -2.2961 5.54328 9
    endloop
  endfacet
  facet normal 0 0 1
    outer loop
      vertex -2.45224 5.30889 9
      vertex -1.92864 5.68158 9
      vertex -2.41077 5.37558 9
    endloop
  endfacet
  facet normal 0 0 1
    outer loop
      vertex -2.49798 5.24506 9
      vertex -1.92864 5.68158 9
      vertex -2.45224 5.30889 9
    endloop
  endfacet
  facet normal 0 0 1
    outer loop
      vertex -1.45524 2.95093 9
      vertex -2.71949 5.02355 9
      vertex -1.45932 2.94875 9
    endloop
  endfacet
  facet normal 0 0 1
    outer loop
      vertex -2.34134 5.51635 9
      vertex -2.2961 5.54328 9
      vertex -2.33843 5.5241 9
    endloop
  endfacet
  facet normal 0 0 1
    outer loop
      vertex -2.37375 5.44483 9
      vertex -2.2961 5.54328 9
      vertex -2.34134 5.51635 9
    endloop
  endfacet
  facet normal 0 0 1
    outer loop
      vertex -1.92864 5.68158 9
      vertex -2.37375 5.44483 9
      vertex -2.41077 5.37558 9
    endloop
  endfacet
  facet normal 0 0 1
    outer loop
      vertex -1.64512 2.84944 9
      vertex -2.85 4.93634 9
      vertex -1.64905 2.84699 9
    endloop
  endfacet
  facet normal -0 0 1
    outer loop
      vertex -2.91925 4.89933 9
      vertex -1.64905 2.84699 9
      vertex -2.85 4.93634 9
    endloop
  endfacet
  facet normal 0 0 1
    outer loop
      vertex -1.64905 2.84699 9
      vertex -2.91925 4.89933 9
      vertex -1.82796 2.73574 9
    endloop
  endfacet
  facet normal -0 0 1
    outer loop
      vertex -2.99078 4.86692 9
      vertex -1.82796 2.73574 9
      vertex -2.91925 4.89933 9
    endloop
  endfacet
  facet normal -0 0 1
    outer loop
      vertex -3.06427 4.83926 9
      vertex -1.82796 2.73574 9
      vertex -2.99078 4.86692 9
    endloop
  endfacet
  facet normal 0 0 1
    outer loop
      vertex -1.82796 2.73574 9
      vertex -3.06427 4.83926 9
      vertex -1.99921 2.61302 9
    endloop
  endfacet
  facet normal 0 0 1
    outer loop
      vertex -1.99921 2.61302 9
      vertex -3.06427 4.83926 9
      vertex -2.00297 2.61033 9
    endloop
  endfacet
  facet normal -0 0 1
    outer loop
      vertex -3.13942 4.81646 9
      vertex -2.00297 2.61033 9
      vertex -3.06427 4.83926 9
    endloop
  endfacet
  facet normal 0 0 1
    outer loop
      vertex -2.00297 2.61033 9
      vertex -3.13942 4.81646 9
      vertex -2.00655 2.60739 9
    endloop
  endfacet
  facet normal -0 0 1
    outer loop
      vertex -3.21589 4.79863 9
      vertex -2.00655 2.60739 9
      vertex -3.13942 4.81646 9
    endloop
  endfacet
  facet normal 0 0 1
    outer loop
      vertex -2.00655 2.60739 9
      vertex -3.21589 4.79863 9
      vertex -2.16941 2.47374 9
    endloop
  endfacet
  facet normal -0 0 1
    outer loop
      vertex -3.29337 4.78584 9
      vertex -2.16941 2.47374 9
      vertex -3.21589 4.79863 9
    endloop
  endfacet
  facet normal -0 0 1
    outer loop
      vertex -4.41537 3.77558 9
      vertex -2.16941 2.47374 9
      vertex -3.29337 4.78584 9
    endloop
  endfacet
  facet normal -0 0 1
    outer loop
      vertex -4.43619 3.69987 9
      vertex -2.16941 2.47374 9
      vertex -4.41537 3.77558 9
    endloop
  endfacet
  facet normal 0 0 1
    outer loop
      vertex -2.16941 2.47374 9
      vertex -4.43619 3.69987 9
      vertex -2.32318 2.32972 9
    endloop
  endfacet
  facet normal 0 0 1
    outer loop
      vertex -2.32318 2.32972 9
      vertex -4.43619 3.69987 9
      vertex -2.32655 2.32655 9
    endloop
  endfacet
  facet normal -0 0 1
    outer loop
      vertex -4.46192 3.62568 9
      vertex -2.32655 2.32655 9
      vertex -4.43619 3.69987 9
    endloop
  endfacet
  facet normal 0 0 1
    outer loop
      vertex -2.32655 2.32655 9
      vertex -4.46192 3.62568 9
      vertex -2.32972 2.32318 9
    endloop
  endfacet
  facet normal 0 0 1
    outer loop
      vertex -2.32972 2.32318 9
      vertex -4.46192 3.62568 9
      vertex -2.47374 2.16941 9
    endloop
  endfacet
  facet normal 0 0 1
    outer loop
      vertex -2.47374 2.16941 9
      vertex -4.52764 3.48313 9
      vertex -2.60739 2.00655 9
    endloop
  endfacet
  facet normal -0 0 1
    outer loop
      vertex -4.56734 3.41538 9
      vertex -2.60739 2.00655 9
      vertex -4.52764 3.48313 9
    endloop
  endfacet
  facet normal 0 0 1
    outer loop
      vertex -2.60739 2.00655 9
      vertex -4.56734 3.41538 9
      vertex -2.61033 2.00297 9
    endloop
  endfacet
  facet normal 0 0 1
    outer loop
      vertex -2.61033 2.00297 9
      vertex -4.56734 3.41538 9
      vertex -2.61302 1.99921 9
    endloop
  endfacet
  facet normal -0 0 1
    outer loop
      vertex -4.65961 3.28839 9
      vertex -2.73574 1.82796 9
      vertex -4.6114 3.35038 9
    endloop
  endfacet
  facet normal -0 0 1
    outer loop
      vertex -4.71177 3.22969 9
      vertex -2.73574 1.82796 9
      vertex -4.65961 3.28839 9
    endloop
  endfacet
  facet normal 0 0 1
    outer loop
      vertex -2.73574 1.82796 9
      vertex -4.71177 3.22969 9
      vertex -2.84699 1.64905 9
    endloop
  endfacet
  facet normal -0 0 1
    outer loop
      vertex -4.76766 3.17453 9
      vertex -2.84699 1.64905 9
      vertex -4.71177 3.22969 9
    endloop
  endfacet
  facet normal 0 0 1
    outer loop
      vertex -2.84699 1.64905 9
      vertex -4.76766 3.17453 9
      vertex -2.84944 1.64512 9
    endloop
  endfacet
  facet normal -0 0 1
    outer loop
      vertex -4.6114 3.35038 9
      vertex -2.61302 1.99921 9
      vertex -4.56734 3.41538 9
    endloop
  endfacet
  facet normal -0 0 1
    outer loop
      vertex -4.82703 3.12314 9
      vertex -2.84944 1.64512 9
      vertex -4.76766 3.17453 9
    endloop
  endfacet
  facet normal 0 0 1
    outer loop
      vertex -2.94875 1.45932 9
      vertex -4.82703 3.12314 9
      vertex -2.95093 1.45524 9
    endloop
  endfacet
  facet normal -0 0 1
    outer loop
      vertex -4.88964 3.07575 9
      vertex -2.95093 1.45524 9
      vertex -4.82703 3.12314 9
    endloop
  endfacet
  facet normal -0 0 1
    outer loop
      vertex -4.95522 3.03255 9
      vertex -2.95093 1.45524 9
      vertex -4.88964 3.07575 9
    endloop
  endfacet
  facet normal 0 0 1
    outer loop
      vertex -2.95093 1.45524 9
      vertex -4.95522 3.03255 9
      vertex -3.03788 1.26334 9
    endloop
  endfacet
  facet normal -0 0 1
    outer loop
      vertex -5.56931 1.65327 9
      vertex -3.03788 1.26334 9
      vertex -4.95522 3.03255 9
    endloop
  endfacet
  facet normal 0 0 1
    outer loop
      vertex -3.03788 1.26334 9
      vertex -5.56931 1.65327 9
      vertex -3.03979 1.25912 9
    endloop
  endfacet
  facet normal -0 -0 1
    outer loop
      vertex -5.55754 1.57563 9
      vertex -3.03979 1.25912 9
      vertex -5.56931 1.65327 9
    endloop
  endfacet
  facet normal -0 0 1
    outer loop
      vertex -4.49244 3.55333 9
      vertex -2.47374 2.16941 9
      vertex -4.46192 3.62568 9
    endloop
  endfacet
  facet normal -0 0 1
    outer loop
      vertex -5.64667 0.960897 9
      vertex -3.2621 0.429462 9
      vertex -5.61805 1.03402 9
    endloop
  endfacet
  facet normal 0 0 1
    outer loop
      vertex -3.29024 0 9
      vertex -5.55292 -1.34044 9
      vertex -5.54932 -1.41888 9
    endloop
  endfacet
  facet normal 0 0 1
    outer loop
      vertex -3.2621 0.429462 9
      vertex -5.64667 0.960897 9
      vertex -3.28275 0.219798 9
    endloop
  endfacet
  facet normal 0 0 1
    outer loop
      vertex -3.29024 0 9
      vertex -5.56164 -1.2624 9
      vertex -5.55292 -1.34044 9
    endloop
  endfacet
  facet normal -0 0 1
    outer loop
      vertex -5.68001 0.889802 9
      vertex -3.28275 0.219798 9
      vertex -5.64667 0.960897 9
    endloop
  endfacet
  facet normal 0 0 1
    outer loop
      vertex -3.29024 0 9
      vertex -5.57544 -1.1851 9
      vertex -5.56164 -1.2624 9
    endloop
  endfacet
  facet normal 0 0 1
    outer loop
      vertex -3.28275 0.219798 9
      vertex -5.68001 0.889802 9
      vertex -3.2832 0.215192 9
    endloop
  endfacet
  facet normal 0 0 1
    outer loop
      vertex -3.29024 0 9
      vertex -5.59427 -1.10886 9
      vertex -5.57544 -1.1851 9
    endloop
  endfacet
  facet normal 0 0 1
    outer loop
      vertex -3.2832 0.215192 9
      vertex -5.68001 0.889802 9
      vertex -3.28335 0.210566 9
    endloop
  endfacet
  facet normal 0 0 1
    outer loop
      vertex -3.29024 0 9
      vertex -5.61805 -1.03402 9
      vertex -5.59427 -1.10886 9
    endloop
  endfacet
  facet normal -0 0 1
    outer loop
      vertex -5.71793 0.821038 9
      vertex -3.28335 0.210566 9
      vertex -5.68001 0.889802 9
    endloop
  endfacet
  facet normal 0 0 1
    outer loop
      vertex -3.29024 0 9
      vertex -5.64667 -0.960897 9
      vertex -5.61805 -1.03402 9
    endloop
  endfacet
  facet normal 0 0 1
    outer loop
      vertex -3.28335 0.210566 9
      vertex -5.71793 0.821038 9
      vertex -3.29024 0 9
    endloop
  endfacet
  facet normal 0 0 1
    outer loop
      vertex -3.29024 0 9
      vertex -5.68001 -0.889802 9
      vertex -5.64667 -0.960897 9
    endloop
  endfacet
  facet normal -0 0 1
    outer loop
      vertex -5.76027 0.754903 9
      vertex -3.29024 0 9
      vertex -5.71793 0.821038 9
    endloop
  endfacet
  facet normal 0 0 1
    outer loop
      vertex -3.29024 0 9
      vertex -5.71793 -0.821038 9
      vertex -5.68001 -0.889802 9
    endloop
  endfacet
  facet normal 0 0 1
    outer loop
      vertex -5.76027 -0.754903 9
      vertex -3.29024 0 9
      vertex -5.76027 0.754903 9
    endloop
  endfacet
  facet normal 0 0 1
    outer loop
      vertex -3.29024 0 9
      vertex -5.76027 -0.754903 9
      vertex -5.71793 -0.821038 9
    endloop
  endfacet
  facet normal 0 0 1
    outer loop
      vertex -6 0 9
      vertex -5.76027 0.754903 9
      vertex -5.80684 0.691677 9
    endloop
  endfacet
  facet normal 0 0 1
    outer loop
      vertex -5.76027 0.754903 9
      vertex -6 0 9
      vertex -5.76027 -0.754903 9
    endloop
  endfacet
  facet normal 0 0 1
    outer loop
      vertex -6 0 9
      vertex -5.80684 0.691677 9
      vertex -5.85744 0.631634 9
    endloop
  endfacet
  facet normal 0 0 1
    outer loop
      vertex -5.76027 -0.754903 9
      vertex -6 0 9
      vertex -5.80684 -0.691677 9
    endloop
  endfacet
  facet normal 0 0 1
    outer loop
      vertex -5.98715 0.392418 9
      vertex -5.85744 0.631634 9
      vertex -5.91187 0.575027 9
    endloop
  endfacet
  facet normal 0 0 1
    outer loop
      vertex -5.80684 -0.691677 9
      vertex -6 0 9
      vertex -5.85744 -0.631634 9
    endloop
  endfacet
  facet normal 0 0 1
    outer loop
      vertex -5.98715 0.392418 9
      vertex -5.91187 0.575027 9
      vertex -5.96988 0.522103 9
    endloop
  endfacet
  facet normal -0 -0 1
    outer loop
      vertex -5.98715 -0.392418 9
      vertex -5.85744 -0.631634 9
      vertex -6 0 9
    endloop
  endfacet
  facet normal 0 0 1
    outer loop
      vertex -5.98715 0.392418 9
      vertex -5.96988 0.522103 9
      vertex -5.97476 0.518201 9
    endloop
  endfacet
  facet normal 0 0 1
    outer loop
      vertex -5.85744 -0.631634 9
      vertex -5.98715 -0.392418 9
      vertex -5.91187 -0.575027 9
    endloop
  endfacet
  facet normal 0 0 1
    outer loop
      vertex -5.85744 0.631634 9
      vertex -5.98715 0.392418 9
      vertex -6 0 9
    endloop
  endfacet
  facet normal 0 0 1
    outer loop
      vertex -5.91187 -0.575027 9
      vertex -5.98715 -0.392418 9
      vertex -5.96988 -0.522103 9
    endloop
  endfacet
  facet normal 0 0 1
    outer loop
      vertex -5.96988 -0.522103 9
      vertex -5.98715 -0.392418 9
      vertex -5.97476 -0.518201 9
    endloop
  endfacet
  facet normal 0 0 1
    outer loop
      vertex -4.41537 3.77558 9
      vertex -3.95607 4.51104 9
      vertex -4.39955 3.8525 9
    endloop
  endfacet
  facet normal 0 0 1
    outer loop
      vertex -3.29024 0 9
      vertex -4.38314 -4.00861 9
      vertex -4.38263 -4.08713 9
    endloop
  endfacet
  facet normal -0 0 1
    outer loop
      vertex -3.95607 4.51104 9
      vertex -4.41537 3.77558 9
      vertex -3.29337 4.78584 9
    endloop
  endfacet
  facet normal 0 0 1
    outer loop
      vertex -3.29024 0 9
      vertex -4.38879 -3.93028 9
      vertex -4.38314 -4.00861 9
    endloop
  endfacet
  facet normal -0 0 1
    outer loop
      vertex -4.52764 3.48313 9
      vertex -2.47374 2.16941 9
      vertex -4.49244 3.55333 9
    endloop
  endfacet
  facet normal 0 0 1
    outer loop
      vertex -3.29024 0 9
      vertex -4.39955 -3.8525 9
      vertex -4.38879 -3.93028 9
    endloop
  endfacet
  facet normal 0 0 1
    outer loop
      vertex -2.61302 1.99921 9
      vertex -4.6114 3.35038 9
      vertex -2.73574 1.82796 9
    endloop
  endfacet
  facet normal 0 0 1
    outer loop
      vertex -3.29024 0 9
      vertex -4.41537 -3.77558 9
      vertex -4.39955 -3.8525 9
    endloop
  endfacet
  facet normal 0 0 1
    outer loop
      vertex -2.84944 1.64512 9
      vertex -4.82703 3.12314 9
      vertex -2.94875 1.45932 9
    endloop
  endfacet
  facet normal 0 0 1
    outer loop
      vertex -3.29024 0 9
      vertex -4.43619 -3.69987 9
      vertex -4.41537 -3.77558 9
    endloop
  endfacet
  facet normal -0 -0 1
    outer loop
      vertex -5.55086 1.49739 9
      vertex -3.03979 1.25912 9
      vertex -5.55754 1.57563 9
    endloop
  endfacet
  facet normal 0 0 1
    outer loop
      vertex -3.29024 0 9
      vertex -4.46192 -3.62568 9
      vertex -4.43619 -3.69987 9
    endloop
  endfacet
  facet normal 0 0 1
    outer loop
      vertex -3.03979 1.25912 9
      vertex -5.55086 1.49739 9
      vertex -3.114 1.06195 9
    endloop
  endfacet
  facet normal 0 0 1
    outer loop
      vertex -3.29024 0 9
      vertex -4.49244 -3.55333 9
      vertex -4.46192 -3.62568 9
    endloop
  endfacet
  facet normal 0 0 1
    outer loop
      vertex -3.11563 1.05761 9
      vertex -5.54932 1.41888 9
      vertex -3.11698 1.05319 9
    endloop
  endfacet
  facet normal 0 0 1
    outer loop
      vertex -3.29024 0 9
      vertex -4.52764 -3.48313 9
      vertex -4.49244 -3.55333 9
    endloop
  endfacet
  facet normal -0 0 1
    outer loop
      vertex -5.55292 1.34044 9
      vertex -3.11698 1.05319 9
      vertex -5.54932 1.41888 9
    endloop
  endfacet
  facet normal 0 0 1
    outer loop
      vertex -3.29024 0 9
      vertex -4.56734 -3.41538 9
      vertex -4.52764 -3.48313 9
    endloop
  endfacet
  facet normal 0 0 1
    outer loop
      vertex -3.11698 1.05319 9
      vertex -5.55292 1.34044 9
      vertex -3.17813 0.851577 9
    endloop
  endfacet
  facet normal 0 0 1
    outer loop
      vertex -3.29024 0 9
      vertex -4.6114 -3.35038 9
      vertex -4.56734 -3.41538 9
    endloop
  endfacet
  facet normal -0 0 1
    outer loop
      vertex -5.56164 1.2624 9
      vertex -3.17813 0.851577 9
      vertex -5.55292 1.34044 9
    endloop
  endfacet
  facet normal -0 0 1
    outer loop
      vertex -5.61805 1.03402 9
      vertex -3.2621 0.429462 9
      vertex -5.59427 1.10886 9
    endloop
  endfacet
  facet normal 0 0 1
    outer loop
      vertex -3.17813 0.851577 9
      vertex -5.56164 1.2624 9
      vertex -3.22597 0.646402 9
    endloop
  endfacet
  facet normal 0 0 1
    outer loop
      vertex -5.55086 -1.49739 9
      vertex -3.29024 0 9
      vertex -5.54932 -1.41888 9
    endloop
  endfacet
  facet normal -0 0 1
    outer loop
      vertex -5.57544 1.1851 9
      vertex -3.22597 0.646402 9
      vertex -5.56164 1.2624 9
    endloop
  endfacet
  facet normal 0 0 1
    outer loop
      vertex -3.29024 0 9
      vertex -4.65961 -3.28839 9
      vertex -4.6114 -3.35038 9
    endloop
  endfacet
  facet normal 0 0 1
    outer loop
      vertex -3.22702 0.641895 9
      vertex -5.59427 1.10886 9
      vertex -3.22778 0.637328 9
    endloop
  endfacet
  facet normal 0 0 1
    outer loop
      vertex -3.29024 0 9
      vertex -4.71177 -3.22969 9
      vertex -4.65961 -3.28839 9
    endloop
  endfacet
  facet normal 0 0 1
    outer loop
      vertex -3.22597 0.646402 9
      vertex -5.57544 1.1851 9
      vertex -3.22702 0.641895 9
    endloop
  endfacet
  facet normal 0 0 1
    outer loop
      vertex -3.29024 0 9
      vertex -4.76766 -3.17453 9
      vertex -4.71177 -3.22969 9
    endloop
  endfacet
  facet normal 0 0 1
    outer loop
      vertex -3.114 1.06195 9
      vertex -5.55086 1.49739 9
      vertex -3.11563 1.05761 9
    endloop
  endfacet
  facet normal 0 0 1
    outer loop
      vertex -3.29024 0 9
      vertex -4.82703 -3.12314 9
      vertex -4.76766 -3.17453 9
    endloop
  endfacet
  facet normal 0 0 1
    outer loop
      vertex -5.54328 2.2961 9
      vertex -4.95522 3.03255 9
      vertex -5.02348 2.99373 9
    endloop
  endfacet
  facet normal 0 0 1
    outer loop
      vertex -3.29024 0 9
      vertex -5.55086 -1.49739 9
      vertex -4.82703 -3.12314 9
    endloop
  endfacet
  facet normal 0 0 1
    outer loop
      vertex -5.38124 2.65373 9
      vertex -5.02348 2.99373 9
      vertex -5.09413 2.95946 9
    endloop
  endfacet
  facet normal 0 0 1
    outer loop
      vertex -4.82703 -3.12314 9
      vertex -5.55086 -1.49739 9
      vertex -4.88964 -3.07575 9
    endloop
  endfacet
  facet normal 0 0 1
    outer loop
      vertex -5.38124 2.65373 9
      vertex -5.09413 2.95946 9
      vertex -5.16688 2.92989 9
    endloop
  endfacet
  facet normal -0 0 1
    outer loop
      vertex -5.55754 -1.57563 9
      vertex -4.88964 -3.07575 9
      vertex -5.55086 -1.49739 9
    endloop
  endfacet
  facet normal 0 0 1
    outer loop
      vertex -5.38124 2.65373 9
      vertex -5.16688 2.92989 9
      vertex -5.2414 2.90513 9
    endloop
  endfacet
  facet normal 0 0 1
    outer loop
      vertex -4.88964 -3.07575 9
      vertex -5.55754 -1.57563 9
      vertex -4.95522 -3.03255 9
    endloop
  endfacet
  facet normal 0 0 1
    outer loop
      vertex -5.38124 2.65373 9
      vertex -5.2414 2.90513 9
      vertex -5.24774 2.90348 9
    endloop
  endfacet
  facet normal -0 0 1
    outer loop
      vertex -5.56931 -1.65327 9
      vertex -4.95522 -3.03255 9
      vertex -5.55754 -1.57563 9
    endloop
  endfacet
  facet normal 0 0 1
    outer loop
      vertex -5.02348 2.99373 9
      vertex -5.38124 2.65373 9
      vertex -5.54328 2.2961 9
    endloop
  endfacet
  facet normal -0 -0 1
    outer loop
      vertex -5.54328 -2.2961 9
      vertex -4.95522 -3.03255 9
      vertex -5.56931 -1.65327 9
    endloop
  endfacet
  facet normal 0 0 1
    outer loop
      vertex -4.95522 3.03255 9
      vertex -5.54328 2.2961 9
      vertex -5.56931 1.65327 9
    endloop
  endfacet
  facet normal 0 0 1
    outer loop
      vertex -4.95522 -3.03255 9
      vertex -5.54328 -2.2961 9
      vertex -5.02348 -2.99373 9
    endloop
  endfacet
  facet normal -0 -0 1
    outer loop
      vertex -5.38124 -2.65373 9
      vertex -5.02348 -2.99373 9
      vertex -5.54328 -2.2961 9
    endloop
  endfacet
  facet normal 0 0 1
    outer loop
      vertex -3.22778 0.637328 9
      vertex -5.59427 1.10886 9
      vertex -3.2621 0.429462 9
    endloop
  endfacet
  facet normal -0 0 1
    outer loop
      vertex -5.59427 1.10886 9
      vertex -3.22702 0.641895 9
      vertex -5.57544 1.1851 9
    endloop
  endfacet
  facet normal -0 -0 1
    outer loop
      vertex -5.54932 1.41888 9
      vertex -3.11563 1.05761 9
      vertex -5.55086 1.49739 9
    endloop
  endfacet
  facet normal 0 0 1
    outer loop
      vertex -5.54328 2.2961 9
      vertex -5.58614 1.72997 9
      vertex -5.56931 1.65327 9
    endloop
  endfacet
  facet normal 0 0 1
    outer loop
      vertex -5.54328 2.2961 9
      vertex -5.60795 1.80541 9
      vertex -5.58614 1.72997 9
    endloop
  endfacet
  facet normal 0 0 1
    outer loop
      vertex -5.54328 2.2961 9
      vertex -5.63465 1.87926 9
      vertex -5.60795 1.80541 9
    endloop
  endfacet
  facet normal 0 0 1
    outer loop
      vertex -5.54328 2.2961 9
      vertex -5.66612 1.9512 9
      vertex -5.63465 1.87926 9
    endloop
  endfacet
  facet normal 0 -0 1
    outer loop
      vertex -5.66612 1.9512 9
      vertex -5.54328 2.2961 9
      vertex -5.67015 1.959 9
    endloop
  endfacet
  facet normal 0 0 1
    outer loop
      vertex -2.32972 -2.32318 9
      vertex -4.38263 -4.08713 9
      vertex -4.24264 -4.24264 9
    endloop
  endfacet
  facet normal 0 0 1
    outer loop
      vertex -4.24264 -4.24264 9
      vertex -4.38263 -4.08713 9
      vertex -4.38296 -4.09282 9
    endloop
  endfacet
  facet normal 0 0 1
    outer loop
      vertex -5.16688 -2.92989 9
      vertex -5.38124 -2.65373 9
      vertex -5.2414 -2.90513 9
    endloop
  endfacet
  facet normal 0 0 1
    outer loop
      vertex -5.2414 -2.90513 9
      vertex -5.38124 -2.65373 9
      vertex -5.24774 -2.90348 9
    endloop
  endfacet
  facet normal 0 0 1
    outer loop
      vertex -5.09413 -2.95946 9
      vertex -5.38124 -2.65373 9
      vertex -5.16688 -2.92989 9
    endloop
  endfacet
  facet normal 0 0 1
    outer loop
      vertex -5.02348 -2.99373 9
      vertex -5.38124 -2.65373 9
      vertex -5.09413 -2.95946 9
    endloop
  endfacet
  facet normal -0 0 1
    outer loop
      vertex -5.58614 -1.72997 9
      vertex -5.54328 -2.2961 9
      vertex -5.56931 -1.65327 9
    endloop
  endfacet
  facet normal -0 0 1
    outer loop
      vertex -5.60795 -1.80541 9
      vertex -5.54328 -2.2961 9
      vertex -5.58614 -1.72997 9
    endloop
  endfacet
  facet normal -0 0 1
    outer loop
      vertex -5.63465 -1.87926 9
      vertex -5.54328 -2.2961 9
      vertex -5.60795 -1.80541 9
    endloop
  endfacet
  facet normal -0 0 1
    outer loop
      vertex -5.66612 -1.9512 9
      vertex -5.54328 -2.2961 9
      vertex -5.63465 -1.87926 9
    endloop
  endfacet
  facet normal 0 0 1
    outer loop
      vertex -5.54328 -2.2961 9
      vertex -5.66612 -1.9512 9
      vertex -5.67015 -1.959 9
    endloop
  endfacet
  facet normal 0 -0 1
    outer loop
      vertex 4.76012 -3.65257 9
      vertex 5.10387 -2.77507 9
      vertex 4.21643 -3.99653 9
    endloop
  endfacet
  facet normal 0 0 1
    outer loop
      vertex 4.21643 -3.99653 9
      vertex 2.61302 -1.99921 9
      vertex 4.14331 -4.02515 9
    endloop
  endfacet
  facet normal -0 0 1
    outer loop
      vertex 2.61033 -2.00297 9
      vertex 4.14331 -4.02515 9
      vertex 2.61302 -1.99921 9
    endloop
  endfacet
  facet normal -0 0 1
    outer loop
      vertex 2.60739 -2.00655 9
      vertex 4.14331 -4.02515 9
      vertex 2.61033 -2.00297 9
    endloop
  endfacet
  facet normal 0 0 1
    outer loop
      vertex 4.14331 -4.02515 9
      vertex 2.60739 -2.00655 9
      vertex 4.07221 -4.05849 9
    endloop
  endfacet
  facet normal -0 0 1
    outer loop
      vertex 2.47374 -2.16941 9
      vertex 4.07221 -4.05849 9
      vertex 2.60739 -2.00655 9
    endloop
  endfacet
  facet normal 0 0 1
    outer loop
      vertex 4.07221 -4.05849 9
      vertex 2.47374 -2.16941 9
      vertex 4.00345 -4.09641 9
    endloop
  endfacet
  facet normal 0 0 1
    outer loop
      vertex 4.00345 -4.09641 9
      vertex 2.47374 -2.16941 9
      vertex 3.93731 -4.13875 9
    endloop
  endfacet
  facet normal -0 0 1
    outer loop
      vertex 2.32972 -2.32318 9
      vertex 3.93731 -4.13875 9
      vertex 2.47374 -2.16941 9
    endloop
  endfacet
  facet normal -0 0 1
    outer loop
      vertex 2.32655 -2.32655 9
      vertex 3.93731 -4.13875 9
      vertex 2.32972 -2.32318 9
    endloop
  endfacet
  facet normal 0 0 1
    outer loop
      vertex 3.93731 -4.13875 9
      vertex 2.32655 -2.32655 9
      vertex 3.87409 -4.18532 9
    endloop
  endfacet
  facet normal -0 0 1
    outer loop
      vertex 2.32318 -2.32972 9
      vertex 3.87409 -4.18532 9
      vertex 2.32655 -2.32655 9
    endloop
  endfacet
  facet normal 0 0 1
    outer loop
      vertex 3.87409 -4.18532 9
      vertex 2.32318 -2.32972 9
      vertex 3.81404 -4.23592 9
    endloop
  endfacet
  facet normal -0 0 1
    outer loop
      vertex 2.16941 -2.47374 9
      vertex 3.81404 -4.23592 9
      vertex 2.32318 -2.32972 9
    endloop
  endfacet
  facet normal 0 0 1
    outer loop
      vertex 3.81404 -4.23592 9
      vertex 2.16941 -2.47374 9
      vertex 3.75744 -4.29035 9
    endloop
  endfacet
  facet normal -0 0 1
    outer loop
      vertex 2.00655 -2.60739 9
      vertex 3.75744 -4.29035 9
      vertex 2.16941 -2.47374 9
    endloop
  endfacet
  facet normal 0 0 1
    outer loop
      vertex 3.75744 -4.29035 9
      vertex 2.00655 -2.60739 9
      vertex 3.70451 -4.34836 9
    endloop
  endfacet
  facet normal -0 0 1
    outer loop
      vertex 2.00297 -2.61033 9
      vertex 3.70451 -4.34836 9
      vertex 2.00655 -2.60739 9
    endloop
  endfacet
  facet normal 0 0 1
    outer loop
      vertex 3.70451 -4.34836 9
      vertex 2.00297 -2.61033 9
      vertex 3.6555 -4.40971 9
    endloop
  endfacet
  facet normal -0 0 1
    outer loop
      vertex 1.99921 -2.61302 9
      vertex 3.6555 -4.40971 9
      vertex 2.00297 -2.61033 9
    endloop
  endfacet
  facet normal -0 0 1
    outer loop
      vertex 1.82796 -2.73574 9
      vertex 3.6555 -4.40971 9
      vertex 1.99921 -2.61302 9
    endloop
  endfacet
  facet normal 0 0 1
    outer loop
      vertex 3.6555 -4.40971 9
      vertex 1.82796 -2.73574 9
      vertex 3.6106 -4.47413 9
    endloop
  endfacet
  facet normal 0 0 1
    outer loop
      vertex 3.6106 -4.47413 9
      vertex 1.82796 -2.73574 9
      vertex 3.57001 -4.54135 9
    endloop
  endfacet
  facet normal -0 0 1
    outer loop
      vertex 1.64905 -2.84699 9
      vertex 3.57001 -4.54135 9
      vertex 1.82796 -2.73574 9
    endloop
  endfacet
  facet normal 0 0 1
    outer loop
      vertex 3.57001 -4.54135 9
      vertex 1.64905 -2.84699 9
      vertex 3.5339 -4.61109 9
    endloop
  endfacet
  facet normal -0 0 1
    outer loop
      vertex 1.64512 -2.84944 9
      vertex 3.5339 -4.61109 9
      vertex 1.64905 -2.84699 9
    endloop
  endfacet
  facet normal 0 -0 1
    outer loop
      vertex 2.22637 -5.36599 9
      vertex 3.5339 -4.61109 9
      vertex 1.64512 -2.84944 9
    endloop
  endfacet
  facet normal 0 -0 1
    outer loop
      vertex 3 -5.19615 9
      vertex 3.5339 -4.61109 9
      vertex 2.22637 -5.36599 9
    endloop
  endfacet
  facet normal 0 0 1
    outer loop
      vertex 3.45392 -4.83231 9
      vertex 3.33342 -4.98882 9
      vertex 3.43709 -4.90902 9
    endloop
  endfacet
  facet normal 0 0 1
    outer loop
      vertex 2.65373 -5.38124 9
      vertex 2.53279 -5.43112 9
      vertex 2.53861 -5.4334 9
    endloop
  endfacet
  facet normal 0 0 1
    outer loop
      vertex 3.43709 -4.90902 9
      vertex 3.33342 -4.98882 9
      vertex 3.43616 -4.9152 9
    endloop
  endfacet
  facet normal 0 0 1
    outer loop
      vertex 3.47573 -4.75688 9
      vertex 3.33342 -4.98882 9
      vertex 3.45392 -4.83231 9
    endloop
  endfacet
  facet normal 0 0 1
    outer loop
      vertex 2.65373 -5.38124 9
      vertex 2.45794 -5.40734 9
      vertex 2.53279 -5.43112 9
    endloop
  endfacet
  facet normal 0 -0 1
    outer loop
      vertex 3.33342 -4.98882 9
      vertex 3.47573 -4.75688 9
      vertex 3 -5.19615 9
    endloop
  endfacet
  facet normal 0 -0 1
    outer loop
      vertex 2.38171 -5.38851 9
      vertex 3 -5.19615 9
      vertex 2.30441 -5.37471 9
    endloop
  endfacet
  facet normal 0 0 1
    outer loop
      vertex 2.65373 -5.38124 9
      vertex 2.38171 -5.38851 9
      vertex 2.45794 -5.40734 9
    endloop
  endfacet
  facet normal 0 0 1
    outer loop
      vertex 3 -5.19615 9
      vertex 2.38171 -5.38851 9
      vertex 2.65373 -5.38124 9
    endloop
  endfacet
  facet normal 0 0 1
    outer loop
      vertex 3.50243 -4.68303 9
      vertex 3 -5.19615 9
      vertex 3.47573 -4.75688 9
    endloop
  endfacet
  facet normal 0 0 1
    outer loop
      vertex 3 -5.19615 9
      vertex 2.22637 -5.36599 9
      vertex 2.30441 -5.37471 9
    endloop
  endfacet
  facet normal 0 0 1
    outer loop
      vertex 3.5339 -4.61109 9
      vertex 3 -5.19615 9
      vertex 3.50243 -4.68303 9
    endloop
  endfacet
  facet normal 0 0 1
    outer loop
      vertex 2.22637 -5.36599 9
      vertex 1.64512 -2.84944 9
      vertex 2.14792 -5.36239 9
    endloop
  endfacet
  facet normal -0 0 1
    outer loop
      vertex 1.45932 -2.94875 9
      vertex 2.14792 -5.36239 9
      vertex 1.64512 -2.84944 9
    endloop
  endfacet
  facet normal 0 0 1
    outer loop
      vertex 2.14792 -5.36239 9
      vertex 1.45932 -2.94875 9
      vertex 2.06941 -5.36393 9
    endloop
  endfacet
  facet normal -0 0 1
    outer loop
      vertex 1.45524 -2.95093 9
      vertex 2.06941 -5.36393 9
      vertex 1.45932 -2.94875 9
    endloop
  endfacet
  facet normal 0 0 1
    outer loop
      vertex 2.06941 -5.36393 9
      vertex 1.45524 -2.95093 9
      vertex 1.99117 -5.37061 9
    endloop
  endfacet
  facet normal -0 0 1
    outer loop
      vertex 1.26334 -3.03788 9
      vertex 1.99117 -5.37061 9
      vertex 1.45524 -2.95093 9
    endloop
  endfacet
  facet normal 0 0 1
    outer loop
      vertex 1.99117 -5.37061 9
      vertex 1.26334 -3.03788 9
      vertex 1.91353 -5.38238 9
    endloop
  endfacet
  facet normal -0 0 1
    outer loop
      vertex 1.25912 -3.03979 9
      vertex 1.91353 -5.38238 9
      vertex 1.26334 -3.03788 9
    endloop
  endfacet
  facet normal 0 0 1
    outer loop
      vertex 1.91353 -5.38238 9
      vertex 1.25912 -3.03979 9
      vertex 1.83683 -5.39921 9
    endloop
  endfacet
  facet normal -0 0 1
    outer loop
      vertex 1.06195 -3.114 9
      vertex 1.83683 -5.39921 9
      vertex 1.25912 -3.03979 9
    endloop
  endfacet
  facet normal -0 0 1
    outer loop
      vertex 1.05761 -3.11563 9
      vertex 1.83683 -5.39921 9
      vertex 1.06195 -3.114 9
    endloop
  endfacet
  facet normal 0 0 1
    outer loop
      vertex 1.83683 -5.39921 9
      vertex 1.05761 -3.11563 9
      vertex 1.7614 -5.42102 9
    endloop
  endfacet
  facet normal -0 0 1
    outer loop
      vertex 1.05319 -3.11698 9
      vertex 1.7614 -5.42102 9
      vertex 1.05761 -3.11563 9
    endloop
  endfacet
  facet normal 0 0 1
    outer loop
      vertex 1.7614 -5.42102 9
      vertex 1.05319 -3.11698 9
      vertex 1.68755 -5.44772 9
    endloop
  endfacet
  facet normal -0 0 1
    outer loop
      vertex 0.851577 -3.17813 9
      vertex 1.68755 -5.44772 9
      vertex 1.05319 -3.11698 9
    endloop
  endfacet
  facet normal 0 0 1
    outer loop
      vertex 1.68755 -5.44772 9
      vertex 0.851577 -3.17813 9
      vertex 1.6156 -5.47919 9
    endloop
  endfacet
  facet normal -0 0 1
    outer loop
      vertex 0.646402 -3.22597 9
      vertex 1.6156 -5.47919 9
      vertex 0.851577 -3.17813 9
    endloop
  endfacet
  facet normal 0 0 1
    outer loop
      vertex 1.6156 -5.47919 9
      vertex 0.646402 -3.22597 9
      vertex 1.54587 -5.51529 9
    endloop
  endfacet
  facet normal -0 0 1
    outer loop
      vertex 0.641895 -3.22702 9
      vertex 1.54587 -5.51529 9
      vertex 0.646402 -3.22597 9
    endloop
  endfacet
  facet normal 0 0 1
    outer loop
      vertex 1.54587 -5.51529 9
      vertex 0.641895 -3.22702 9
      vertex 1.47865 -5.55588 9
    endloop
  endfacet
  facet normal -0 0 1
    outer loop
      vertex 0.637328 -3.22778 9
      vertex 1.47865 -5.55588 9
      vertex 0.641895 -3.22702 9
    endloop
  endfacet
  facet normal -0 0 1
    outer loop
      vertex 0.429462 -3.2621 9
      vertex 1.47865 -5.55588 9
      vertex 0.637328 -3.22778 9
    endloop
  endfacet
  facet normal 0 0 1
    outer loop
      vertex 1.47865 -5.55588 9
      vertex 0.429462 -3.2621 9
      vertex 1.41423 -5.60079 9
    endloop
  endfacet
  facet normal 0 0 1
    outer loop
      vertex 1.41423 -5.60079 9
      vertex 0.429462 -3.2621 9
      vertex 1.35288 -5.6498 9
    endloop
  endfacet
  facet normal 0 0 1
    outer loop
      vertex -0.148655 -5.80762 9
      vertex 1.35288 -5.6498 9
      vertex 0.429462 -3.2621 9
    endloop
  endfacet
  facet normal 0 -0 1
    outer loop
      vertex 0.783156 -5.94867 9
      vertex 1.35288 -5.6498 9
      vertex -0.148655 -5.80762 9
    endloop
  endfacet
  facet normal 0 0 1
    outer loop
      vertex 1.29487 -5.70273 9
      vertex 0.783156 -5.94867 9
      vertex 1.24044 -5.75933 9
    endloop
  endfacet
  facet normal 0 0 1
    outer loop
      vertex 1.24044 -5.75933 9
      vertex 0.783156 -5.94867 9
      vertex 1.18984 -5.81938 9
    endloop
  endfacet
  facet normal 0 0 1
    outer loop
      vertex 1.18984 -5.81938 9
      vertex 0.783156 -5.94867 9
      vertex 1.14327 -5.8826 9
    endloop
  endfacet
  facet normal 0 0 1
    outer loop
      vertex 1.14327 -5.8826 9
      vertex 0.783156 -5.94867 9
      vertex 1.13853 -5.89 9
    endloop
  endfacet
  facet normal 0 0 1
    outer loop
      vertex 1.35288 -5.6498 9
      vertex 0.783156 -5.94867 9
      vertex 1.29487 -5.70273 9
    endloop
  endfacet
  facet normal 0 0 1
    outer loop
      vertex -0.148655 -5.80762 9
      vertex 0.429462 -3.2621 9
      vertex 0.219798 -3.28275 9
    endloop
  endfacet
  facet normal 0 0 1
    outer loop
      vertex -0.218854 -5.77243 9
      vertex 0.219798 -3.28275 9
      vertex 0.215192 -3.2832 9
    endloop
  endfacet
  facet normal 0 0 1
    outer loop
      vertex -0.218854 -5.77243 9
      vertex 0.215192 -3.2832 9
      vertex 0.210566 -3.28335 9
    endloop
  endfacet
  facet normal 0 0 1
    outer loop
      vertex 0.783156 -5.94867 9
      vertex -0.148655 -5.80762 9
      vertex 0.392418 -5.98715 9
    endloop
  endfacet
  facet normal 0 0 1
    outer loop
      vertex 0.392418 -5.98715 9
      vertex 0.104778 -5.99175 9
      vertex 0.109385 -5.99642 9
    endloop
  endfacet
  facet normal 0 0 1
    outer loop
      vertex 0.392418 -5.98715 9
      vertex 0.0460796 -5.93959 9
      vertex 0.104778 -5.99175 9
    endloop
  endfacet
  facet normal 0 0 1
    outer loop
      vertex -0.291204 -5.7419 9
      vertex 0.210566 -3.28335 9
      vertex 0 -3.29024 9
    endloop
  endfacet
  facet normal 0 0 1
    outer loop
      vertex 0.392418 -5.98715 9
      vertex -0.0159035 -5.89138 9
      vertex 0.0460796 -5.93959 9
    endloop
  endfacet
  facet normal 0 0 1
    outer loop
      vertex 0.392418 -5.98715 9
      vertex -0.0809088 -5.84733 9
      vertex -0.0159035 -5.89138 9
    endloop
  endfacet
  facet normal 0 0 1
    outer loop
      vertex 0.392418 -5.98715 9
      vertex -0.148655 -5.80762 9
      vertex -0.0809088 -5.84733 9
    endloop
  endfacet
  facet normal 0 0 1
    outer loop
      vertex -0.441112 -5.69536 9
      vertex 0 -3.29024 9
      vertex -0.210566 -3.28335 9
    endloop
  endfacet
  facet normal 0 0 1
    outer loop
      vertex -0.518026 -5.67953 9
      vertex -0.210566 -3.28335 9
      vertex -0.215192 -3.2832 9
    endloop
  endfacet
  facet normal 0 0 1
    outer loop
      vertex 0.219798 -3.28275 9
      vertex -0.218854 -5.77243 9
      vertex -0.148655 -5.80762 9
    endloop
  endfacet
  facet normal 0 0 1
    outer loop
      vertex -0.518026 -5.67953 9
      vertex -0.215192 -3.2832 9
      vertex -0.219798 -3.28275 9
    endloop
  endfacet
  facet normal 0 0 1
    outer loop
      vertex 0.210566 -3.28335 9
      vertex -0.291204 -5.7419 9
      vertex -0.218854 -5.77243 9
    endloop
  endfacet
  facet normal 0 0 1
    outer loop
      vertex 0 -3.29024 9
      vertex -0.365396 -5.71618 9
      vertex -0.291204 -5.7419 9
    endloop
  endfacet
  facet normal 0 0 1
    outer loop
      vertex -0.595812 -5.66877 9
      vertex -0.219798 -3.28275 9
      vertex -0.429462 -3.2621 9
    endloop
  endfacet
  facet normal 0 0 1
    outer loop
      vertex 0 -3.29024 9
      vertex -0.441112 -5.69536 9
      vertex -0.365396 -5.71618 9
    endloop
  endfacet
  facet normal 0 0 1
    outer loop
      vertex -0.210566 -3.28335 9
      vertex -0.518026 -5.67953 9
      vertex -0.441112 -5.69536 9
    endloop
  endfacet
  facet normal 0 0 1
    outer loop
      vertex -0.219798 -3.28275 9
      vertex -0.595812 -5.66877 9
      vertex -0.518026 -5.67953 9
    endloop
  endfacet
  facet normal 0 0 1
    outer loop
      vertex -0.752658 -5.66261 9
      vertex -0.429462 -3.2621 9
      vertex -0.637328 -3.22778 9
    endloop
  endfacet
  facet normal 0 0 1
    outer loop
      vertex -0.752658 -5.66261 9
      vertex -0.637328 -3.22778 9
      vertex -0.641895 -3.22702 9
    endloop
  endfacet
  facet normal 0 0 1
    outer loop
      vertex -0.831048 -5.66723 9
      vertex -0.641895 -3.22702 9
      vertex -0.646402 -3.22597 9
    endloop
  endfacet
  facet normal 0 0 1
    outer loop
      vertex -0.429462 -3.2621 9
      vertex -0.674134 -5.66313 9
      vertex -0.595812 -5.66877 9
    endloop
  endfacet
  facet normal 0 0 1
    outer loop
      vertex -0.429462 -3.2621 9
      vertex -0.752658 -5.66261 9
      vertex -0.674134 -5.66313 9
    endloop
  endfacet
  facet normal 0 0 1
    outer loop
      vertex -0.641895 -3.22702 9
      vertex -0.831048 -5.66723 9
      vertex -0.752658 -5.66261 9
    endloop
  endfacet
  facet normal 0 0 1
    outer loop
      vertex -0.851577 -3.17813 9
      vertex -0.831048 -5.66723 9
      vertex -0.646402 -3.22597 9
    endloop
  endfacet
  facet normal 0 0 1
    outer loop
      vertex -0.851577 -3.17813 9
      vertex -0.908967 -5.67697 9
      vertex -0.831048 -5.66723 9
    endloop
  endfacet
  facet normal 0 0 1
    outer loop
      vertex -0.851577 -3.17813 9
      vertex -0.986083 -5.69179 9
      vertex -0.908967 -5.67697 9
    endloop
  endfacet
  facet normal 0 0 1
    outer loop
      vertex -1.05319 -3.11698 9
      vertex -0.986083 -5.69179 9
      vertex -0.851577 -3.17813 9
    endloop
  endfacet
  facet normal 0 0 1
    outer loop
      vertex -2.49798 -5.24506 9
      vertex -1.05319 -3.11698 9
      vertex -1.05761 -3.11563 9
    endloop
  endfacet
  facet normal 0 0 1
    outer loop
      vertex -2.54779 -5.18436 9
      vertex -1.05761 -3.11563 9
      vertex -1.06195 -3.114 9
    endloop
  endfacet
  facet normal 0 0 1
    outer loop
      vertex -1.05319 -3.11698 9
      vertex -1.06206 -5.71162 9
      vertex -0.986083 -5.69179 9
    endloop
  endfacet
  facet normal 0 0 1
    outer loop
      vertex -1.05319 -3.11698 9
      vertex -2.49798 -5.24506 9
      vertex -1.06206 -5.71162 9
    endloop
  endfacet
  facet normal -0 -0 1
    outer loop
      vertex -1.92864 -5.68158 9
      vertex -1.06206 -5.71162 9
      vertex -2.49798 -5.24506 9
    endloop
  endfacet
  facet normal 0 0 1
    outer loop
      vertex -2.54779 -5.18436 9
      vertex -1.06195 -3.114 9
      vertex -1.25912 -3.03979 9
    endloop
  endfacet
  facet normal 0 0 1
    outer loop
      vertex -2.60147 -5.12705 9
      vertex -1.25912 -3.03979 9
      vertex -1.26334 -3.03788 9
    endloop
  endfacet
  facet normal 0 -0 1
    outer loop
      vertex -1.55291 -5.79555 9
      vertex -1.13659 -5.73637 9
      vertex -1.92864 -5.68158 9
    endloop
  endfacet
  facet normal 0 0 1
    outer loop
      vertex -1.13659 -5.73637 9
      vertex -1.55291 -5.79555 9
      vertex -1.20933 -5.76595 9
    endloop
  endfacet
  facet normal 0 0 1
    outer loop
      vertex -1.27998 -5.80022 9
      vertex -1.55291 -5.79555 9
      vertex -1.34824 -5.83903 9
    endloop
  endfacet
  facet normal 0 0 1
    outer loop
      vertex -2.65878 -5.07337 9
      vertex -1.26334 -3.03788 9
      vertex -1.45524 -2.95093 9
    endloop
  endfacet
  facet normal 0 0 1
    outer loop
      vertex -2.71949 -5.02355 9
      vertex -1.45524 -2.95093 9
      vertex -1.45932 -2.94875 9
    endloop
  endfacet
  facet normal 0 0 1
    outer loop
      vertex -1.34824 -5.83903 9
      vertex -1.55291 -5.79555 9
      vertex -1.353 -5.84217 9
    endloop
  endfacet
  facet normal 0 0 1
    outer loop
      vertex -2.78332 -4.97781 9
      vertex -1.45932 -2.94875 9
      vertex -1.64512 -2.84944 9
    endloop
  endfacet
  facet normal 0 0 1
    outer loop
      vertex -2.85 -4.93634 9
      vertex -1.64512 -2.84944 9
      vertex -1.64905 -2.84699 9
    endloop
  endfacet
  facet normal 0 0 1
    outer loop
      vertex -2.91925 -4.89933 9
      vertex -1.64905 -2.84699 9
      vertex -1.82796 -2.73574 9
    endloop
  endfacet
  facet normal 0 0 1
    outer loop
      vertex -1.20933 -5.76595 9
      vertex -1.55291 -5.79555 9
      vertex -1.27998 -5.80022 9
    endloop
  endfacet
  facet normal 0 0 1
    outer loop
      vertex -3.06427 -4.83926 9
      vertex -1.82796 -2.73574 9
      vertex -1.99921 -2.61302 9
    endloop
  endfacet
  facet normal 0 0 1
    outer loop
      vertex -3.06427 -4.83926 9
      vertex -1.99921 -2.61302 9
      vertex -2.00297 -2.61033 9
    endloop
  endfacet
  facet normal 0 0 1
    outer loop
      vertex -3.13942 -4.81646 9
      vertex -2.00297 -2.61033 9
      vertex -2.00655 -2.60739 9
    endloop
  endfacet
  facet normal 0 0 1
    outer loop
      vertex -3.21589 -4.79863 9
      vertex -2.00655 -2.60739 9
      vertex -2.16941 -2.47374 9
    endloop
  endfacet
  facet normal 0 0 1
    outer loop
      vertex -1.05761 -3.11563 9
      vertex -2.54779 -5.18436 9
      vertex -2.49798 -5.24506 9
    endloop
  endfacet
  facet normal 0 0 1
    outer loop
      vertex -3.95607 -4.51104 9
      vertex -2.16941 -2.47374 9
      vertex -2.32318 -2.32972 9
    endloop
  endfacet
  facet normal 0 0 1
    outer loop
      vertex -4.24264 -4.24264 9
      vertex -2.32318 -2.32972 9
      vertex -2.32655 -2.32655 9
    endloop
  endfacet
  facet normal 0 0 1
    outer loop
      vertex -4.24264 -4.24264 9
      vertex -2.32655 -2.32655 9
      vertex -2.32972 -2.32318 9
    endloop
  endfacet
  facet normal -0 -0 1
    outer loop
      vertex -2.37375 -5.44483 9
      vertex -1.92864 -5.68158 9
      vertex -2.41077 -5.37558 9
    endloop
  endfacet
  facet normal 0 0 1
    outer loop
      vertex -2.2961 -5.54328 9
      vertex -2.34134 -5.51635 9
      vertex -2.33843 -5.5241 9
    endloop
  endfacet
  facet normal 0 0 1
    outer loop
      vertex -2.2961 -5.54328 9
      vertex -2.37375 -5.44483 9
      vertex -2.34134 -5.51635 9
    endloop
  endfacet
  facet normal 0 0 1
    outer loop
      vertex -1.92864 -5.68158 9
      vertex -2.37375 -5.44483 9
      vertex -2.2961 -5.54328 9
    endloop
  endfacet
  facet normal 0 0 1
    outer loop
      vertex -1.92864 -5.68158 9
      vertex -2.45224 -5.30889 9
      vertex -2.41077 -5.37558 9
    endloop
  endfacet
  facet normal 0 0 1
    outer loop
      vertex -4.38263 -4.08713 9
      vertex -2.32972 -2.32318 9
      vertex -2.47374 -2.16941 9
    endloop
  endfacet
  facet normal 0 0 1
    outer loop
      vertex -1.92864 -5.68158 9
      vertex -2.49798 -5.24506 9
      vertex -2.45224 -5.30889 9
    endloop
  endfacet
  facet normal 0 0 1
    outer loop
      vertex -1.06206 -5.71162 9
      vertex -1.92864 -5.68158 9
      vertex -1.13659 -5.73637 9
    endloop
  endfacet
  facet normal 0 0 1
    outer loop
      vertex -1.25912 -3.03979 9
      vertex -2.60147 -5.12705 9
      vertex -2.54779 -5.18436 9
    endloop
  endfacet
  facet normal 0 0 1
    outer loop
      vertex -4.38263 -4.08713 9
      vertex -2.47374 -2.16941 9
      vertex -2.60739 -2.00655 9
    endloop
  endfacet
  facet normal 0 0 1
    outer loop
      vertex -4.38263 -4.08713 9
      vertex -2.60739 -2.00655 9
      vertex -2.61033 -2.00297 9
    endloop
  endfacet
  facet normal 0 0 1
    outer loop
      vertex -4.38263 -4.08713 9
      vertex -2.61033 -2.00297 9
      vertex -2.61302 -1.99921 9
    endloop
  endfacet
  facet normal 0 0 1
    outer loop
      vertex -1.26334 -3.03788 9
      vertex -2.65878 -5.07337 9
      vertex -2.60147 -5.12705 9
    endloop
  endfacet
  facet normal 0 0 1
    outer loop
      vertex -1.45524 -2.95093 9
      vertex -2.71949 -5.02355 9
      vertex -2.65878 -5.07337 9
    endloop
  endfacet
  facet normal 0 0 1
    outer loop
      vertex -4.38263 -4.08713 9
      vertex -2.61302 -1.99921 9
      vertex -2.73574 -1.82796 9
    endloop
  endfacet
  facet normal 0 0 1
    outer loop
      vertex -1.45932 -2.94875 9
      vertex -2.78332 -4.97781 9
      vertex -2.71949 -5.02355 9
    endloop
  endfacet
  facet normal 0 0 1
    outer loop
      vertex -4.38263 -4.08713 9
      vertex -2.73574 -1.82796 9
      vertex -2.84699 -1.64905 9
    endloop
  endfacet
  facet normal 0 0 1
    outer loop
      vertex -4.38263 -4.08713 9
      vertex -2.84699 -1.64905 9
      vertex -2.84944 -1.64512 9
    endloop
  endfacet
  facet normal 0 0 1
    outer loop
      vertex -1.64512 -2.84944 9
      vertex -2.85 -4.93634 9
      vertex -2.78332 -4.97781 9
    endloop
  endfacet
  facet normal 0 0 1
    outer loop
      vertex -1.64905 -2.84699 9
      vertex -2.91925 -4.89933 9
      vertex -2.85 -4.93634 9
    endloop
  endfacet
  facet normal 0 0 1
    outer loop
      vertex -4.38263 -4.08713 9
      vertex -2.84944 -1.64512 9
      vertex -2.94875 -1.45932 9
    endloop
  endfacet
  facet normal 0 0 1
    outer loop
      vertex -4.38263 -4.08713 9
      vertex -2.94875 -1.45932 9
      vertex -2.95093 -1.45524 9
    endloop
  endfacet
  facet normal 0 0 1
    outer loop
      vertex -1.82796 -2.73574 9
      vertex -2.99078 -4.86692 9
      vertex -2.91925 -4.89933 9
    endloop
  endfacet
  facet normal 0 0 1
    outer loop
      vertex -4.38263 -4.08713 9
      vertex -2.95093 -1.45524 9
      vertex -3.03788 -1.26334 9
    endloop
  endfacet
  facet normal 0 0 1
    outer loop
      vertex -4.38263 -4.08713 9
      vertex -3.03788 -1.26334 9
      vertex -3.03979 -1.25912 9
    endloop
  endfacet
  facet normal 0 0 1
    outer loop
      vertex -1.82796 -2.73574 9
      vertex -3.06427 -4.83926 9
      vertex -2.99078 -4.86692 9
    endloop
  endfacet
  facet normal 0 0 1
    outer loop
      vertex -4.38263 -4.08713 9
      vertex -3.03979 -1.25912 9
      vertex -3.114 -1.06195 9
    endloop
  endfacet
  facet normal 0 0 1
    outer loop
      vertex -4.38263 -4.08713 9
      vertex -3.114 -1.06195 9
      vertex -3.11563 -1.05761 9
    endloop
  endfacet
  facet normal 0 0 1
    outer loop
      vertex -4.38263 -4.08713 9
      vertex -3.11563 -1.05761 9
      vertex -3.11698 -1.05319 9
    endloop
  endfacet
  facet normal 0 0 1
    outer loop
      vertex -2.00297 -2.61033 9
      vertex -3.13942 -4.81646 9
      vertex -3.06427 -4.83926 9
    endloop
  endfacet
  facet normal 0 0 1
    outer loop
      vertex -4.38263 -4.08713 9
      vertex -3.11698 -1.05319 9
      vertex -3.17813 -0.851577 9
    endloop
  endfacet
  facet normal 0 0 1
    outer loop
      vertex -2.00655 -2.60739 9
      vertex -3.21589 -4.79863 9
      vertex -3.13942 -4.81646 9
    endloop
  endfacet
  facet normal 0 0 1
    outer loop
      vertex -4.38263 -4.08713 9
      vertex -3.17813 -0.851577 9
      vertex -3.22597 -0.646402 9
    endloop
  endfacet
  facet normal 0 0 1
    outer loop
      vertex -4.38263 -4.08713 9
      vertex -3.22597 -0.646402 9
      vertex -3.22702 -0.641895 9
    endloop
  endfacet
  facet normal 0 0 1
    outer loop
      vertex -4.38263 -4.08713 9
      vertex -3.22702 -0.641895 9
      vertex -3.22778 -0.637328 9
    endloop
  endfacet
  facet normal 0 0 1
    outer loop
      vertex -4.38263 -4.08713 9
      vertex -3.22778 -0.637328 9
      vertex -3.2621 -0.429462 9
    endloop
  endfacet
  facet normal 0 0 1
    outer loop
      vertex -4.38263 -4.08713 9
      vertex -3.2621 -0.429462 9
      vertex -3.28275 -0.219798 9
    endloop
  endfacet
  facet normal 0 0 1
    outer loop
      vertex -4.38263 -4.08713 9
      vertex -3.28275 -0.219798 9
      vertex -3.2832 -0.215192 9
    endloop
  endfacet
  facet normal 0 0 1
    outer loop
      vertex -4.38263 -4.08713 9
      vertex -3.2832 -0.215192 9
      vertex -3.28335 -0.210566 9
    endloop
  endfacet
  facet normal 0 0 1
    outer loop
      vertex -4.38263 -4.08713 9
      vertex -3.28335 -0.210566 9
      vertex -3.29024 0 9
    endloop
  endfacet
  facet normal 0 0 1
    outer loop
      vertex -2.32318 -2.32972 9
      vertex -4.24264 -4.24264 9
      vertex -3.95607 -4.51104 9
    endloop
  endfacet
  facet normal 0 0 1
    outer loop
      vertex -4.39955 3.8525 9
      vertex -4.24264 4.24264 9
      vertex -4.38879 3.93028 9
    endloop
  endfacet
  facet normal 0 0 1
    outer loop
      vertex -3.95607 4.51104 9
      vertex -3.29337 4.78584 9
      vertex -3.37152 4.77814 9
    endloop
  endfacet
  facet normal -0 0 1
    outer loop
      vertex -4.24264 4.24264 9
      vertex -4.39955 3.8525 9
      vertex -3.95607 4.51104 9
    endloop
  endfacet
  facet normal 0 0 1
    outer loop
      vertex -3.95607 4.51104 9
      vertex -3.37152 4.77814 9
      vertex -3.45 4.77557 9
    endloop
  endfacet
  facet normal 0 0 1
    outer loop
      vertex -2.16941 -2.47374 9
      vertex -3.29337 -4.78584 9
      vertex -3.21589 -4.79863 9
    endloop
  endfacet
  facet normal 0 0 1
    outer loop
      vertex -3.95607 4.51104 9
      vertex -3.45 4.77557 9
      vertex -3.52848 4.77814 9
    endloop
  endfacet
  facet normal 0 0 1
    outer loop
      vertex -2.16941 -2.47374 9
      vertex -3.95607 -4.51104 9
      vertex -3.29337 -4.78584 9
    endloop
  endfacet
  facet normal 0 0 1
    outer loop
      vertex -3.65257 4.76012 9
      vertex -3.52848 4.77814 9
      vertex -3.60663 4.78584 9
    endloop
  endfacet
  facet normal 0 0 1
    outer loop
      vertex -3.29337 -4.78584 9
      vertex -3.95607 -4.51104 9
      vertex -3.37152 -4.77814 9
    endloop
  endfacet
  facet normal 0 0 1
    outer loop
      vertex -3.65257 4.76012 9
      vertex -3.60663 4.78584 9
      vertex -3.61479 4.78719 9
    endloop
  endfacet
  facet normal 0 0 1
    outer loop
      vertex -3.37152 -4.77814 9
      vertex -3.95607 -4.51104 9
      vertex -3.45 -4.77557 9
    endloop
  endfacet
  facet normal 0 0 1
    outer loop
      vertex -3.52848 4.77814 9
      vertex -3.65257 4.76012 9
      vertex -3.95607 4.51104 9
    endloop
  endfacet
  facet normal 0 0 1
    outer loop
      vertex -3.45 -4.77557 9
      vertex -3.95607 -4.51104 9
      vertex -3.52848 -4.77814 9
    endloop
  endfacet
  facet normal 0 0 1
    outer loop
      vertex -4.38879 3.93028 9
      vertex -4.24264 4.24264 9
      vertex -4.38314 4.00861 9
    endloop
  endfacet
  facet normal 0 0 1
    outer loop
      vertex -3.52848 -4.77814 9
      vertex -3.65257 -4.76012 9
      vertex -3.60663 -4.78584 9
    endloop
  endfacet
  facet normal 0 0 1
    outer loop
      vertex -4.38314 4.00861 9
      vertex -4.24264 4.24264 9
      vertex -4.38263 4.08713 9
    endloop
  endfacet
  facet normal 0 0 1
    outer loop
      vertex -3.60663 -4.78584 9
      vertex -3.65257 -4.76012 9
      vertex -3.61479 -4.78719 9
    endloop
  endfacet
  facet normal -0 -0 1
    outer loop
      vertex -3.65257 -4.76012 9
      vertex -3.52848 -4.77814 9
      vertex -3.95607 -4.51104 9
    endloop
  endfacet
  facet normal 0 -0 1
    outer loop
      vertex -4.38263 4.08713 9
      vertex -4.24264 4.24264 9
      vertex -4.38296 4.09282 9
    endloop
  endfacet
  facet normal 0.688806 0.160627 0.706927
    outer loop
      vertex 6.17803 1.61306 8.61365
      vertex 5.88471 1.17054 9
      vertex 6.22274 1.60983 8.57082
    endloop
  endfacet
  facet normal 0.6888 0.160634 0.706931
    outer loop
      vertex 6.10024 1.62382 8.687
      vertex 5.88471 1.17054 9
      vertex 6.17803 1.61306 8.61365
    endloop
  endfacet
  facet normal 0.688969 0.160466 0.706804
    outer loop
      vertex 6.07757 1.62848 8.70804
      vertex 5.88471 1.17054 9
      vertex 6.10024 1.62382 8.687
    endloop
  endfacet
  facet normal 0.688807 0.160614 0.706929
    outer loop
      vertex 5.88471 1.17054 9
      vertex 6.07757 1.62848 8.70804
      vertex 5.79555 1.55291 9
    endloop
  endfacet
  facet normal -0.88198 0.471287 0
    outer loop
      vertex -5.82967 2.87488 0.8
      vertex -5.82617 2.88143 8.5
      vertex -5.82617 2.88143 0.8
    endloop
  endfacet
  facet normal -0.88198 0.471287 0
    outer loop
      vertex -5.82617 2.88143 8.5
      vertex -5.82967 2.87488 0.8
      vertex -5.82967 2.87488 8.5
    endloop
  endfacet
  facet normal -0.752325 -0.0246322 -0.658331
    outer loop
      vertex -6.5 0 0.8
      vertex -6.45383 -0.271513 0.757397
      vertex -6.49138 -0.263275 0.8
    endloop
  endfacet
  facet normal -0.752374 -0.0246495 -0.658274
    outer loop
      vertex -6.5 0 0.8
      vertex -6.3784 -0.293323 0.672001
      vertex -6.45383 -0.271513 0.757397
    endloop
  endfacet
  facet normal -0.752342 -0.0246197 -0.658312
    outer loop
      vertex -6.5 0 0.8
      vertex -6.30455 -0.320019 0.588601
      vertex -6.3784 -0.293323 0.672001
    endloop
  endfacet
  facet normal -0.75231 -0.0245746 -0.658351
    outer loop
      vertex -6.5 0 0.8
      vertex -6.2326 -0.351488 0.507557
      vertex -6.30455 -0.320019 0.588601
    endloop
  endfacet
  facet normal -0.752352 -0.0246478 -0.658301
    outer loop
      vertex -5.78758 -0.379337 0
      vertex -6.2326 -0.351488 0.507557
      vertex -6.5 0 0.8
    endloop
  endfacet
  facet normal -0.752351 -0.0245728 -0.658304
    outer loop
      vertex -5.78758 -0.379337 0
      vertex -6.16287 -0.387595 0.429213
      vertex -6.2326 -0.351488 0.507557
    endloop
  endfacet
  facet normal -0.75235 -0.0246185 -0.658304
    outer loop
      vertex -6.16287 -0.387595 0.429213
      vertex -5.78758 -0.379337 0
      vertex -6.13846 -0.402335 0.401867
    endloop
  endfacet
  facet normal -0.477542 -0.581884 -0.658305
    outer loop
      vertex -3.53082 -4.60145 0
      vertex -4.28575 -4.88696 0.8
      vertex -3.82421 -4.36067 0
    endloop
  endfacet
  facet normal -0.31076 -0.685606 -0.65831
    outer loop
      vertex -2.34134 -5.51635 0.221882
      vertex -2.21956 -5.3585 0
      vertex -2.3145 -5.58769 0.28351
    endloop
  endfacet
  facet normal -0.310616 -0.68569 -0.658291
    outer loop
      vertex -2.37375 -5.44483 0.162678
      vertex -2.21956 -5.3585 0
      vertex -2.34134 -5.51635 0.221882
    endloop
  endfacet
  facet normal -0.310633 -0.685674 -0.658299
    outer loop
      vertex -2.41077 -5.37558 0.108017
      vertex -2.21956 -5.3585 0
      vertex -2.37375 -5.44483 0.162678
    endloop
  endfacet
  facet normal -0.310657 -0.68563 -0.658334
    outer loop
      vertex -2.45224 -5.30889 0.0581309
      vertex -2.21956 -5.3585 0
      vertex -2.41077 -5.37558 0.108017
    endloop
  endfacet
  facet normal -0.310656 -0.685651 -0.658313
    outer loop
      vertex -2.49798 -5.24506 0.0132348
      vertex -2.21956 -5.3585 0
      vertex -2.45224 -5.30889 0.0581309
    endloop
  endfacet
  facet normal -0.310642 -0.685612 -0.65836
    outer loop
      vertex -2.21956 -5.3585 0
      vertex -2.49798 -5.24506 0.0132348
      vertex -2.51458 -5.22483 0
    endloop
  endfacet
  facet normal -0.122273 -0.742719 -0.658345
    outer loop
      vertex -1.13152 -5.68855 0
      vertex -1.13659 -5.73637 0.0548903
      vertex -1.14143 -5.73834 0.0580117
    endloop
  endfacet
  facet normal -0.122679 -0.742662 -0.658333
    outer loop
      vertex -1.13152 -5.68855 0
      vertex -1.06206 -5.71162 0.0130814
      vertex -1.13659 -5.73637 0.0548903
    endloop
  endfacet
  facet normal -0.122584 -0.742494 -0.658541
    outer loop
      vertex -1.06206 -5.71162 0.0130814
      vertex -1.13152 -5.68855 0
      vertex -1.03485 -5.70451 0
    endloop
  endfacet
  facet normal 0.0246409 -0.75235 -0.658303
    outer loop
      vertex 0 -5.8 0
      vertex 0.0460796 -5.93959 0.161257
      vertex 0 -5.90375 0.118572
    endloop
  endfacet
  facet normal 0.024633 -0.752351 -0.658302
    outer loop
      vertex 0.379337 -5.78758 0
      vertex 0.0460796 -5.93959 0.161257
      vertex 0 -5.8 0
    endloop
  endfacet
  facet normal 0.0246317 -0.75235 -0.658303
    outer loop
      vertex 0.0460796 -5.93959 0.161257
      vertex 0.379337 -5.78758 0
      vertex 0.104778 -5.99175 0.223065
    endloop
  endfacet
  facet normal 0.0246191 -0.752342 -0.658312
    outer loop
      vertex 0.104778 -5.99175 0.223065
      vertex 0.379337 -5.78758 0
      vertex 0.15994 -6.04764 0.289001
    endloop
  endfacet
  facet normal 0.0246296 -0.752346 -0.658307
    outer loop
      vertex 0.15994 -6.04764 0.289001
      vertex 0.379337 -5.78758 0
      vertex 0.210041 -6.10553 0.357035
    endloop
  endfacet
  facet normal -0.910861 -0.412713 0
    outer loop
      vertex -5.82967 -2.87488 0.8
      vertex -6.00522 -2.48744 8.5
      vertex -6.00522 -2.48744 0.8
    endloop
  endfacet
  facet normal -0.910861 -0.412713 0
    outer loop
      vertex -6.00522 -2.48744 8.5
      vertex -5.82967 -2.87488 0.8
      vertex -5.82967 -2.87488 8.5
    endloop
  endfacet
  facet normal 0.720354 -0.218459 -0.658305
    outer loop
      vertex 6.02333 -1.63964 0.506596
      vertex 5.60237 -1.50115 0
      vertex 6.07757 -1.62848 0.562245
    endloop
  endfacet
  facet normal 0.720314 -0.218588 -0.658307
    outer loop
      vertex 5.94761 -1.66046 0.430657
      vertex 5.60237 -1.50115 0
      vertex 6.02333 -1.63964 0.506596
    endloop
  endfacet
  facet normal 0.720353 -0.218482 -0.658299
    outer loop
      vertex 5.87342 -1.68619 0.358013
      vertex 5.60237 -1.50115 0
      vertex 5.94761 -1.66046 0.430657
    endloop
  endfacet
  facet normal 0.720342 -0.218505 -0.658303
    outer loop
      vertex 5.60237 -1.50115 0
      vertex 5.87342 -1.68619 0.358013
      vertex 5.80382 -1.71555 0.291599
    endloop
  endfacet
  facet normal 0.733089 -0.170921 -0.658306
    outer loop
      vertex 6.3751 -1.26809 0.8
      vertex 5.60237 -1.50115 0
      vertex 5.68855 -1.13152 0
    endloop
  endfacet
  facet normal -0.218519 -0.720332 -0.65831
    outer loop
      vertex -1.50115 -5.60237 0
      vertex -2.08936 -6.15505 0.8
      vertex -1.86435 -5.49219 0
    endloop
  endfacet
  facet normal -0.483498 -0.516229 0.706921
    outer loop
      vertex -4.24264 -4.24264 9
      vertex -4.28575 -4.88696 8.5
      vertex -3.95607 -4.51104 9
    endloop
  endfacet
  facet normal -0.483494 -0.516231 0.706923
    outer loop
      vertex -4.44909 -4.44909 8.70804
      vertex -4.28575 -4.88696 8.5
      vertex -4.24264 -4.24264 9
    endloop
  endfacet
  facet normal -0.483605 -0.516235 0.706844
    outer loop
      vertex -4.45639 -4.47106 8.687
      vertex -4.28575 -4.88696 8.5
      vertex -4.44909 -4.44909 8.70804
    endloop
  endfacet
  facet normal -0.483559 -0.516231 0.706878
    outer loop
      vertex -4.48596 -4.5438 8.61365
      vertex -4.28575 -4.88696 8.5
      vertex -4.45639 -4.47106 8.687
    endloop
  endfacet
  facet normal -0.483465 -0.516204 0.706962
    outer loop
      vertex -4.52023 -4.61446 8.53862
      vertex -4.28575 -4.88696 8.5
      vertex -4.48596 -4.5438 8.61365
    endloop
  endfacet
  facet normal -0.483557 -0.516268 0.706852
    outer loop
      vertex -4.28575 -4.88696 8.5
      vertex -4.52023 -4.61446 8.53862
      vertex -4.53985 -4.64896 8.5
    endloop
  endfacet
  facet normal -0.514583 -0.549401 -0.658303
    outer loop
      vertex -4.28575 -4.88696 0.8
      vertex -4.44909 -4.44909 0.562246
      vertex -4.10122 -4.10122 0
    endloop
  endfacet
  facet normal -0.514454 -0.549405 -0.6584
    outer loop
      vertex -4.28575 -4.88696 0.8
      vertex -4.45639 -4.47106 0.586283
      vertex -4.44909 -4.44909 0.562246
    endloop
  endfacet
  facet normal -0.514623 -0.549406 -0.658267
    outer loop
      vertex -4.28575 -4.88696 0.8
      vertex -4.48596 -4.5438 0.670111
      vertex -4.45639 -4.47106 0.586283
    endloop
  endfacet
  facet normal -0.514556 -0.549392 -0.658331
    outer loop
      vertex -4.28575 -4.88696 0.8
      vertex -4.52023 -4.61446 0.755864
      vertex -4.48596 -4.5438 0.670111
    endloop
  endfacet
  facet normal -0.514621 -0.549434 -0.658246
    outer loop
      vertex -4.52023 -4.61446 0.755864
      vertex -4.28575 -4.88696 0.8
      vertex -4.53985 -4.64896 0.8
    endloop
  endfacet
  facet normal 0.0737795 -0.749128 -0.658304
    outer loop
      vertex 0.84842 -6.44439 0.8
      vertex 0.379337 -5.78758 0
      vertex 0.757051 -5.75038 0
    endloop
  endfacet
  facet normal 0.122633 -0.742691 -0.658309
    outer loop
      vertex 0.757051 -5.75038 0
      vertex 1.06301 -6.0175 0.358355
      vertex 1.03114 -6.08545 0.429078
    endloop
  endfacet
  facet normal 0.122601 -0.742709 -0.658295
    outer loop
      vertex 0.757051 -5.75038 0
      vertex 1.10093 -5.94874 0.28784
      vertex 1.06301 -6.0175 0.358355
    endloop
  endfacet
  facet normal 0.122634 -0.742684 -0.658317
    outer loop
      vertex 0.757051 -5.75038 0
      vertex 1.14327 -5.8826 0.221111
      vertex 1.10093 -5.94874 0.28784
    endloop
  endfacet
  facet normal 0.122628 -0.74269 -0.658311
    outer loop
      vertex 1.13152 -5.68855 0
      vertex 1.14327 -5.8826 0.221111
      vertex 0.757051 -5.75038 0
    endloop
  endfacet
  facet normal 0.122714 -0.74268 -0.658307
    outer loop
      vertex 1.14327 -5.8826 0.221111
      vertex 1.13152 -5.68855 0
      vertex 1.16441 -5.85389 0.192662
    endloop
  endfacet
  facet normal 0.574927 0.41198 0.706917
    outer loop
      vertex 5.1568 3.95695 8.5
      vertex 4.98882 3.33342 9
      vertex 5.40455 3.61121 8.5
    endloop
  endfacet
  facet normal -0.411952 0.574938 0.706924
    outer loop
      vertex -3.61479 4.78719 9
      vertex -3.68183 4.79826 8.95193
      vertex -3.65257 4.76012 9
    endloop
  endfacet
  facet normal 0.68878 0.160585 0.706961
    outer loop
      vertex 6.25635 1.60741 8.53862
      vertex 6.3751 1.26809 8.5
      vertex 6.29605 1.60715 8.5
    endloop
  endfacet
  facet normal 0.688823 0.160605 0.706915
    outer loop
      vertex 6.22274 1.60983 8.57082
      vertex 6.3751 1.26809 8.5
      vertex 6.25635 1.60741 8.53862
    endloop
  endfacet
  facet normal 0.688822 0.160605 0.706916
    outer loop
      vertex 6.3751 1.26809 8.5
      vertex 6.22274 1.60983 8.57082
      vertex 5.88471 1.17054 9
    endloop
  endfacet
  facet normal 0.373537 0.600694 0.70685
    outer loop
      vertex 3.25 5.62916 8.5
      vertex 3.46205 5.45343 8.53728
      vertex 3.47369 5.49006 8.5
    endloop
  endfacet
  facet normal 0.373459 0.600621 0.706953
    outer loop
      vertex 3.25 5.62916 8.5
      vertex 3.44322 5.37719 8.612
      vertex 3.46205 5.45343 8.53728
    endloop
  endfacet
  facet normal 0.37362 0.600683 0.706815
    outer loop
      vertex 3.25 5.62916 8.5
      vertex 3.43754 5.34534 8.64207
      vertex 3.44322 5.37719 8.612
    endloop
  endfacet
  facet normal 0.373488 0.600647 0.706916
    outer loop
      vertex 3.43754 5.34534 8.64207
      vertex 3.25 5.62916 8.5
      vertex 3 5.19615 9
    endloop
  endfacet
  facet normal -0.644249 0.291911 0.706917
    outer loop
      vertex -5.82967 2.87488 8.5
      vertex -6.00522 2.48744 8.5
      vertex -5.54328 2.2961 9
    endloop
  endfacet
  facet normal 0.354846 -0.663828 -0.658344
    outer loop
      vertex 2.99178 -5.72494 0.757398
      vertex 3.25 -5.62916 0.8
      vertex 3.01769 -5.75334 0.8
    endloop
  endfacet
  facet normal 0.354854 -0.663874 -0.658294
    outer loop
      vertex 2.93517 -5.67052 0.672001
      vertex 3.25 -5.62916 0.8
      vertex 2.99178 -5.72494 0.757398
    endloop
  endfacet
  facet normal 0.354852 -0.663881 -0.658287
    outer loop
      vertex 2.88125 -5.62507 0.597099
      vertex 3.25 -5.62916 0.8
      vertex 2.93517 -5.67052 0.672001
    endloop
  endfacet
  facet normal 0.354861 -0.663862 -0.658301
    outer loop
      vertex 3.25 -5.62916 0.8
      vertex 2.88125 -5.62507 0.597099
      vertex 2.9 -5.02295 0
    endloop
  endfacet
  facet normal 0.0246296 0.752346 -0.658307
    outer loop
      vertex 0.379337 5.78758 0
      vertex 0.15994 6.04764 0.289001
      vertex 0.210041 6.10553 0.357035
    endloop
  endfacet
  facet normal 0.0246191 0.752342 -0.658312
    outer loop
      vertex 0.379337 5.78758 0
      vertex 0.104778 5.99175 0.223065
      vertex 0.15994 6.04764 0.289001
    endloop
  endfacet
  facet normal 0.0246317 0.75235 -0.658303
    outer loop
      vertex 0.379337 5.78758 0
      vertex 0.0460796 5.93959 0.161257
      vertex 0.104778 5.99175 0.223065
    endloop
  endfacet
  facet normal 0.024633 0.752351 -0.658302
    outer loop
      vertex 0 5.8 0
      vertex 0.0460796 5.93959 0.161257
      vertex 0.379337 5.78758 0
    endloop
  endfacet
  facet normal 0.0246409 0.75235 -0.658303
    outer loop
      vertex 0.0460796 5.93959 0.161257
      vertex 0 5.8 0
      vertex 0 5.90375 0.118572
    endloop
  endfacet
  facet normal -0.218519 0.720332 -0.65831
    outer loop
      vertex -1.86435 5.49219 0
      vertex -2.08936 6.15505 0.8
      vertex -1.50115 5.60237 0
    endloop
  endfacet
  facet normal -0.265189 0.704511 -0.658285
    outer loop
      vertex -2.08936 6.15505 0.8
      vertex -2.25257 6.05406 0.757667
      vertex -2.25633 6.0922 0.8
    endloop
  endfacet
  facet normal -0.26516 0.704482 -0.658328
    outer loop
      vertex -2.08936 6.15505 0.8
      vertex -2.25 5.97557 0.672639
      vertex -2.25257 6.05406 0.757667
    endloop
  endfacet
  facet normal -0.265226 0.704505 -0.658276
    outer loop
      vertex -2.08936 6.15505 0.8
      vertex -2.25257 5.89709 0.589683
      vertex -2.25 5.97557 0.672639
    endloop
  endfacet
  facet normal -0.265189 0.704499 -0.658297
    outer loop
      vertex -2.08936 6.15505 0.8
      vertex -2.26027 5.81894 0.50915
      vertex -2.25257 5.89709 0.589683
    endloop
  endfacet
  facet normal -0.265164 0.704497 -0.65831
    outer loop
      vertex -1.86435 5.49219 0
      vertex -2.26027 5.81894 0.50915
      vertex -2.08936 6.15505 0.8
    endloop
  endfacet
  facet normal -0.266307 0.703708 -0.658692
    outer loop
      vertex -2.26027 5.81894 0.50915
      vertex -1.86435 5.49219 0
      vertex -2.26038 5.81826 0.508468
    endloop
  endfacet
  facet normal -0.352284 0.935893 0
    outer loop
      vertex -2.08936 6.15505 0.8
      vertex -2.25633 6.0922 8.5
      vertex -2.08936 6.15505 8.5
    endloop
  endfacet
  facet normal -0.352284 0.935893 0
    outer loop
      vertex -2.25633 6.0922 8.5
      vertex -2.08936 6.15505 0.8
      vertex -2.25633 6.0922 0.8
    endloop
  endfacet
  facet normal -0.514583 0.549401 -0.658303
    outer loop
      vertex -4.44909 4.44909 0.562246
      vertex -4.28575 4.88696 0.8
      vertex -4.10122 4.10122 0
    endloop
  endfacet
  facet normal -0.514454 0.549405 -0.6584
    outer loop
      vertex -4.45639 4.47106 0.586283
      vertex -4.28575 4.88696 0.8
      vertex -4.44909 4.44909 0.562246
    endloop
  endfacet
  facet normal -0.514623 0.549406 -0.658267
    outer loop
      vertex -4.48596 4.5438 0.670111
      vertex -4.28575 4.88696 0.8
      vertex -4.45639 4.47106 0.586283
    endloop
  endfacet
  facet normal -0.514556 0.549392 -0.658331
    outer loop
      vertex -4.52023 4.61446 0.755864
      vertex -4.28575 4.88696 0.8
      vertex -4.48596 4.5438 0.670111
    endloop
  endfacet
  facet normal -0.514621 0.549434 -0.658246
    outer loop
      vertex -4.28575 4.88696 0.8
      vertex -4.52023 4.61446 0.755864
      vertex -4.53985 4.64896 0.8
    endloop
  endfacet
  facet normal 0.162861 0.986649 -0
    outer loop
      vertex 0.940263 6.42923 0.8
      vertex 0.84842 6.44439 8.5
      vertex 0.940263 6.42923 8.5
    endloop
  endfacet
  facet normal 0.162861 0.986649 0
    outer loop
      vertex 0.84842 6.44439 8.5
      vertex 0.940263 6.42923 0.8
      vertex 0.84842 6.44439 0.8
    endloop
  endfacet
  facet normal -0.438498 0.611858 -0.658292
    outer loop
      vertex -3.53082 4.60145 0
      vertex -3.60663 4.78584 0.221882
      vertex -3.5487 4.78014 0.177996
    endloop
  endfacet
  facet normal -0.438431 0.611897 -0.658301
    outer loop
      vertex -3.60663 4.78584 0.221882
      vertex -3.53082 4.60145 0
      vertex -3.68183 4.79826 0.28351
    endloop
  endfacet
  facet normal -0.31076 0.685606 -0.65831
    outer loop
      vertex -2.21956 5.3585 0
      vertex -2.34134 5.51635 0.221882
      vertex -2.3145 5.58769 0.28351
    endloop
  endfacet
  facet normal -0.310616 0.68569 -0.658291
    outer loop
      vertex -2.21956 5.3585 0
      vertex -2.37375 5.44483 0.162678
      vertex -2.34134 5.51635 0.221882
    endloop
  endfacet
  facet normal -0.310633 0.685674 -0.658299
    outer loop
      vertex -2.21956 5.3585 0
      vertex -2.41077 5.37558 0.108017
      vertex -2.37375 5.44483 0.162678
    endloop
  endfacet
  facet normal -0.310657 0.68563 -0.658334
    outer loop
      vertex -2.21956 5.3585 0
      vertex -2.45224 5.30889 0.0581309
      vertex -2.41077 5.37558 0.108017
    endloop
  endfacet
  facet normal -0.310656 0.685651 -0.658313
    outer loop
      vertex -2.21956 5.3585 0
      vertex -2.49798 5.24506 0.0132348
      vertex -2.45224 5.30889 0.0581309
    endloop
  endfacet
  facet normal -0.310642 0.685612 -0.65836
    outer loop
      vertex -2.49798 5.24506 0.0132348
      vertex -2.21956 5.3585 0
      vertex -2.51458 5.22483 0
    endloop
  endfacet
  facet normal 0.477737 -0.581828 -0.658213
    outer loop
      vertex 3.53757 -4.604 0.00715329
      vertex 3.53082 -4.60145 0
      vertex 3.54485 -4.58993 0
    endloop
  endfacet
  facet normal 0.812851 0.582472 0
    outer loop
      vertex 5.40455 3.61121 8.5
      vertex 5.1568 3.95695 0.8
      vertex 5.1568 3.95695 8.5
    endloop
  endfacet
  facet normal 0.812851 0.582472 0
    outer loop
      vertex 5.1568 3.95695 0.8
      vertex 5.40455 3.61121 8.5
      vertex 5.40455 3.61121 0.8
    endloop
  endfacet
  facet normal -0.639319 0.397541 -0.658204
    outer loop
      vertex -5.02295 2.9 0
      vertex -4.95522 3.03255 0.0142706
      vertex -4.93033 3.04895 0
    endloop
  endfacet
  facet normal -0.639255 0.397517 -0.658281
    outer loop
      vertex -5.02295 2.9 0
      vertex -5.02348 2.99373 0.0571155
      vertex -4.95522 3.03255 0.0142706
    endloop
  endfacet
  facet normal -0.639277 0.397507 -0.658266
    outer loop
      vertex -5.02348 2.99373 0.0571155
      vertex -5.02295 2.9 0
      vertex -5.06296 2.97458 0.0838925
    endloop
  endfacet
  facet normal -0.663832 0.354923 -0.658299
    outer loop
      vertex -5.02295 2.9 0
      vertex -5.16688 2.92989 0.161255
      vertex -5.1128 2.95187 0.118571
    endloop
  endfacet
  facet normal -0.663907 0.354726 -0.658329
    outer loop
      vertex -5.02295 2.9 0
      vertex -5.2414 2.90513 0.223065
      vertex -5.16688 2.92989 0.161255
    endloop
  endfacet
  facet normal -0.663807 0.35508 -0.658239
    outer loop
      vertex -5.2414 2.90513 0.223065
      vertex -5.02295 2.9 0
      vertex -5.29335 2.89158 0.268145
    endloop
  endfacet
  facet normal -0.663897 0.354754 -0.658324
    outer loop
      vertex -5.79896 2.87583 0.769542
      vertex -5.82967 2.87488 0.8
      vertex -5.82617 2.88143 0.8
    endloop
  endfacet
  facet normal 0.310681 -0.685644 -0.658308
    outer loop
      vertex 2.67701 -5.49308 0.356047
      vertex 2.56527 -5.20186 0
      vertex 2.7208 -5.51723 0.401866
    endloop
  endfacet
  facet normal 0.310678 -0.685645 -0.658308
    outer loop
      vertex 2.60591 -5.45974 0.287768
      vertex 2.56527 -5.20186 0
      vertex 2.67701 -5.49308 0.356047
    endloop
  endfacet
  facet normal 0.31073 -0.685629 -0.658301
    outer loop
      vertex 2.56527 -5.20186 0
      vertex 2.60591 -5.45974 0.287768
      vertex 2.54269 -5.435 0.23216
    endloop
  endfacet
  facet normal -0.478192 -0.581369 -0.658287
    outer loop
      vertex -3.68411 -4.79863 0.285493
      vertex -3.53082 -4.60145 0
      vertex -3.68183 -4.79826 0.28351
    endloop
  endfacet
  facet normal -0.47757 -0.581868 -0.658298
    outer loop
      vertex -3.76058 -4.81646 0.356729
      vertex -3.53082 -4.60145 0
      vertex -3.68411 -4.79863 0.285493
    endloop
  endfacet
  facet normal -0.477399 -0.582026 -0.658283
    outer loop
      vertex -3.83573 -4.83926 0.431388
      vertex -3.53082 -4.60145 0
      vertex -3.76058 -4.81646 0.356729
    endloop
  endfacet
  facet normal -0.477611 -0.581814 -0.658316
    outer loop
      vertex -3.90922 -4.86692 0.509151
      vertex -3.53082 -4.60145 0
      vertex -3.83573 -4.83926 0.431388
    endloop
  endfacet
  facet normal -0.47757 -0.581815 -0.658345
    outer loop
      vertex -4.28575 -4.88696 0.8
      vertex -3.90922 -4.86692 0.509151
      vertex -3.98075 -4.89933 0.589682
    endloop
  endfacet
  facet normal -0.47751 -0.581972 -0.658249
    outer loop
      vertex -4.28575 -4.88696 0.8
      vertex -3.98075 -4.89933 0.589682
      vertex -4.05 -4.93634 0.672639
    endloop
  endfacet
  facet normal -0.477523 -0.581909 -0.658296
    outer loop
      vertex -4.28575 -4.88696 0.8
      vertex -4.05 -4.93634 0.672639
      vertex -4.11668 -4.97781 0.757666
    endloop
  endfacet
  facet normal -0.477531 -0.581898 -0.6583
    outer loop
      vertex -3.90922 -4.86692 0.509151
      vertex -4.28575 -4.88696 0.8
      vertex -3.53082 -4.60145 0
    endloop
  endfacet
  facet normal -0.477504 -0.581839 -0.658371
    outer loop
      vertex -4.28575 -4.88696 0.8
      vertex -4.11668 -4.97781 0.757666
      vertex -4.14784 -5.00014 0.8
    endloop
  endfacet
  facet normal -0.264485 -0.704762 -0.6583
    outer loop
      vertex -2.21956 -5.3585 0
      vertex -2.31368 -5.58985 0.285493
      vertex -2.3145 -5.58769 0.28351
    endloop
  endfacet
  facet normal -0.265153 -0.704502 -0.658309
    outer loop
      vertex -1.86435 -5.49219 0
      vertex -2.31368 -5.58985 0.285493
      vertex -2.21956 -5.3585 0
    endloop
  endfacet
  facet normal -0.26514 -0.704519 -0.658296
    outer loop
      vertex -2.31368 -5.58985 0.285493
      vertex -1.86435 -5.49219 0
      vertex -2.29089 -5.66499 0.35673
    endloop
  endfacet
  facet normal -0.265184 -0.704474 -0.658326
    outer loop
      vertex -2.29089 -5.66499 0.35673
      vertex -1.86435 -5.49219 0
      vertex -2.27306 -5.74147 0.431389
    endloop
  endfacet
  facet normal -0.265103 -0.704541 -0.658288
    outer loop
      vertex -2.27306 -5.74147 0.431389
      vertex -1.86435 -5.49219 0
      vertex -2.26038 -5.81826 0.508468
    endloop
  endfacet
  facet normal 0.549467 -0.514522 -0.658296
    outer loop
      vertex 4.44481 -3.94012 0.160825
      vertex 4.36067 -3.82421 0
      vertex 4.48741 -3.93536 0.192662
    endloop
  endfacet
  facet normal 0.5494 -0.514582 -0.658304
    outer loop
      vertex 4.36751 -3.95392 0.1071
      vertex 4.36067 -3.82421 0
      vertex 4.44481 -3.94012 0.160825
    endloop
  endfacet
  facet normal 0.549371 -0.514595 -0.658318
    outer loop
      vertex 4.29127 -3.97275 0.0581962
      vertex 4.36067 -3.82421 0
      vertex 4.36751 -3.95392 0.1071
    endloop
  endfacet
  facet normal 0.549421 -0.514601 -0.658273
    outer loop
      vertex 4.21643 -3.99653 0.0143216
      vertex 4.36067 -3.82421 0
      vertex 4.29127 -3.97275 0.0581962
    endloop
  endfacet
  facet normal 0.549382 -0.514573 -0.658327
    outer loop
      vertex 4.36067 -3.82421 0
      vertex 4.21643 -3.99653 0.0143216
      vertex 4.18934 -4.00713 0
    endloop
  endfacet
  facet normal -0.205303 -0.676832 0.706929
    outer loop
      vertex -1.92864 -5.68158 9
      vertex -1.62848 -6.07757 8.70804
      vertex -1.55291 -5.79555 9
    endloop
  endfacet
  facet normal -0.205513 -0.676899 0.706804
    outer loop
      vertex -1.62848 -6.07757 8.70804
      vertex -1.92864 -5.68158 9
      vertex -1.64386 -6.09487 8.687
    endloop
  endfacet
  facet normal -0.205279 -0.676836 0.706933
    outer loop
      vertex -1.64386 -6.09487 8.687
      vertex -1.92864 -5.68158 9
      vertex -1.69207 -6.15686 8.61365
    endloop
  endfacet
  facet normal -0.205414 -0.676855 0.706875
    outer loop
      vertex -1.69207 -6.15686 8.61365
      vertex -1.92864 -5.68158 9
      vertex -1.71721 -6.19396 8.57082
    endloop
  endfacet
  facet normal -0.581209 0.478421 -0.658263
    outer loop
      vertex -4.36067 3.82421 0
      vertex -4.39955 3.8525 0.0548898
      vertex -4.39883 3.85767 0.0580116
    endloop
  endfacet
  facet normal -0.581935 0.47749 -0.658297
    outer loop
      vertex -4.36067 3.82421 0
      vertex -4.41537 3.77558 0.0130815
      vertex -4.39955 3.8525 0.0548898
    endloop
  endfacet
  facet normal -0.581984 0.477572 -0.658194
    outer loop
      vertex -4.41537 3.77558 0.0130815
      vertex -4.36067 3.82421 0
      vertex -4.42283 3.74846 0
    endloop
  endfacet
  facet normal -0.704504 -0.265153 -0.658307
    outer loop
      vertex -5.3585 -2.21956 0
      vertex -6.00522 -2.48744 0.8
      vertex -5.49219 -1.86435 0
    endloop
  endfacet
  facet normal 0.397527 -0.639272 -0.658258
    outer loop
      vertex 3.25 -5.62916 0.8
      vertex 3.46205 -5.45343 0.757397
      vertex 3.47369 -5.49006 0.8
    endloop
  endfacet
  facet normal 0.397477 -0.63923 -0.658329
    outer loop
      vertex 3.25 -5.62916 0.8
      vertex 3.44322 -5.37719 0.672
      vertex 3.46205 -5.45343 0.757397
    endloop
  endfacet
  facet normal 0.397564 -0.639256 -0.658251
    outer loop
      vertex 3.25 -5.62916 0.8
      vertex 3.43083 -5.30777 0.5971
      vertex 3.44322 -5.37719 0.672
    endloop
  endfacet
  facet normal 0.397493 -0.639248 -0.658302
    outer loop
      vertex 3.43083 -5.30777 0.5971
      vertex 3.25 -5.62916 0.8
      vertex 2.9 -5.02295 0
    endloop
  endfacet
  facet normal 0.438889 -0.611602 -0.65827
    outer loop
      vertex 3.5339 -4.61109 0.0110101
      vertex 3.53082 -4.60145 0
      vertex 3.53564 -4.60773 0.00904842
    endloop
  endfacet
  facet normal 0.438868 -0.611613 -0.658274
    outer loop
      vertex 3.53082 -4.60145 0
      vertex 3.5339 -4.61109 0.0110101
      vertex 3.53218 -4.61503 0.0135241
    endloop
  endfacet
  facet normal -0.265103 0.704541 -0.658288
    outer loop
      vertex -1.86435 5.49219 0
      vertex -2.27306 5.74147 0.431389
      vertex -2.26038 5.81826 0.508468
    endloop
  endfacet
  facet normal -0.265184 0.704474 -0.658326
    outer loop
      vertex -1.86435 5.49219 0
      vertex -2.29089 5.66499 0.35673
      vertex -2.27306 5.74147 0.431389
    endloop
  endfacet
  facet normal -0.26514 0.704519 -0.658296
    outer loop
      vertex -1.86435 5.49219 0
      vertex -2.31368 5.58985 0.285493
      vertex -2.29089 5.66499 0.35673
    endloop
  endfacet
  facet normal -0.265153 0.704502 -0.658309
    outer loop
      vertex -2.21956 5.3585 0
      vertex -2.31368 5.58985 0.285493
      vertex -1.86435 5.49219 0
    endloop
  endfacet
  facet normal -0.264485 0.704762 -0.6583
    outer loop
      vertex -2.31368 5.58985 0.285493
      vertex -2.21956 5.3585 0
      vertex -2.3145 5.58769 0.28351
    endloop
  endfacet
  facet normal 0.77299 -0.634419 0
    outer loop
      vertex 5.09774 -4.02891 8.5
      vertex 5.1568 -3.95695 0.8
      vertex 5.1568 -3.95695 8.5
    endloop
  endfacet
  facet normal 0.77299 -0.634419 0
    outer loop
      vertex 5.1568 -3.95695 0.8
      vertex 5.09774 -4.02891 8.5
      vertex 5.09774 -4.02891 0.8
    endloop
  endfacet
  facet normal -0.549413 -0.514568 -0.658305
    outer loop
      vertex -4.10122 -4.10122 0
      vertex -4.39699 -4.24344 0.358013
      vertex -4.38762 -4.16848 0.2916
    endloop
  endfacet
  facet normal -0.549402 -0.514584 -0.658302
    outer loop
      vertex -4.10122 -4.10122 0
      vertex -4.41181 -4.32055 0.430657
      vertex -4.39699 -4.24344 0.358013
    endloop
  endfacet
  facet normal -0.549421 -0.51456 -0.658304
    outer loop
      vertex -4.10122 -4.10122 0
      vertex -4.43163 -4.39654 0.506596
      vertex -4.41181 -4.32055 0.430657
    endloop
  endfacet
  facet normal -0.549382 -0.514603 -0.658303
    outer loop
      vertex -4.43163 -4.39654 0.506596
      vertex -4.10122 -4.10122 0
      vertex -4.44909 -4.44909 0.562246
    endloop
  endfacet
  facet normal 0.973882 0.227055 0
    outer loop
      vertex 6.3751 1.26809 8.5
      vertex 6.29605 1.60715 0.8
      vertex 6.29605 1.60715 8.5
    endloop
  endfacet
  facet normal 0.973882 0.227055 0
    outer loop
      vertex 6.29605 1.60715 0.8
      vertex 6.3751 1.26809 8.5
      vertex 6.3751 1.26809 0.8
    endloop
  endfacet
  facet normal 0.546782 0.448762 0.706854
    outer loop
      vertex 5.06167 4.01313 8.53792
      vertex 5.1568 3.95695 8.5
      vertex 5.09774 4.02891 8.5
    endloop
  endfacet
  facet normal 0.546753 0.448649 0.706948
    outer loop
      vertex 4.98782 3.98643 8.61198
      vertex 5.1568 3.95695 8.5
      vertex 5.06167 4.01313 8.53792
    endloop
  endfacet
  facet normal 0.546768 0.448551 0.706998
    outer loop
      vertex 4.91238 3.96462 8.68416
      vertex 5.1568 3.95695 8.5
      vertex 4.98782 3.98643 8.61198
    endloop
  endfacet
  facet normal 0.546594 0.449169 0.70674
    outer loop
      vertex 5.1568 3.95695 8.5
      vertex 4.91238 3.96462 8.68416
      vertex 4.87568 3.95657 8.71766
    endloop
  endfacet
  facet normal -0.742465 -0.12266 -0.65856
    outer loop
      vertex -5.74742 -0.774968 0
      vertex -5.75597 -0.761621 0.00715339
      vertex -5.75038 -0.757051 0
    endloop
  endfacet
  facet normal -0.683607 -0.729851 0
    outer loop
      vertex -4.53985 -4.64896 0.8
      vertex -4.28575 -4.88696 8.5
      vertex -4.53985 -4.64896 8.5
    endloop
  endfacet
  facet normal -0.683607 -0.729851 -0
    outer loop
      vertex -4.28575 -4.88696 8.5
      vertex -4.53985 -4.64896 0.8
      vertex -4.28575 -4.88696 0.8
    endloop
  endfacet
  facet normal -0.749076 -0.0739079 -0.658349
    outer loop
      vertex -5.78758 -0.379337 0
      vertex -5.96988 -0.522103 0.22345
      vertex -5.97819 -0.515465 0.23216
    endloop
  endfacet
  facet normal -0.749127 -0.0737757 -0.658306
    outer loop
      vertex -5.78758 -0.379337 0
      vertex -5.91187 -0.575027 0.163368
      vertex -5.96988 -0.522103 0.22345
    endloop
  endfacet
  facet normal -0.749108 -0.0738024 -0.658324
    outer loop
      vertex -5.78758 -0.379337 0
      vertex -5.85744 -0.631634 0.107778
      vertex -5.91187 -0.575027 0.163368
    endloop
  endfacet
  facet normal -0.749156 -0.0737673 -0.658273
    outer loop
      vertex -5.78758 -0.379337 0
      vertex -5.80684 -0.691677 0.0569205
      vertex -5.85744 -0.631634 0.107778
    endloop
  endfacet
  facet normal -0.749115 -0.0737782 -0.658319
    outer loop
      vertex -5.75038 -0.757051 0
      vertex -5.80684 -0.691677 0.0569205
      vertex -5.78758 -0.379337 0
    endloop
  endfacet
  facet normal -0.749006 -0.0735537 -0.658468
    outer loop
      vertex -5.80684 -0.691677 0.0569205
      vertex -5.75038 -0.757051 0
      vertex -5.76027 -0.754903 0.0110099
    endloop
  endfacet
  facet normal -0.749041 -0.0744276 -0.65833
    outer loop
      vertex -5.76027 -0.754903 0.0110099
      vertex -5.75038 -0.757051 0
      vertex -5.75823 -0.758085 0.00904855
    endloop
  endfacet
  facet normal 0.122592 -0.742691 -0.658317
    outer loop
      vertex 0.84842 -6.44439 0.8
      vertex 0.944635 -6.3901 0.756669
      vertex 0.940263 -6.42923 0.8
    endloop
  endfacet
  facet normal 0.122616 -0.742712 -0.658289
    outer loop
      vertex 0.84842 -6.44439 0.8
      vertex 0.95844 -6.3128 0.672027
      vertex 0.944635 -6.3901 0.756669
    endloop
  endfacet
  facet normal 0.122482 -0.74267 -0.658361
    outer loop
      vertex 0.84842 -6.44439 0.8
      vertex 0.97727 -6.23656 0.589527
      vertex 0.95844 -6.3128 0.672027
    endloop
  endfacet
  facet normal 0.12262 -0.742698 -0.658304
    outer loop
      vertex 0.757051 -5.75038 0
      vertex 0.97727 -6.23656 0.589527
      vertex 0.84842 -6.44439 0.8
    endloop
  endfacet
  facet normal 0.12262 -0.742698 -0.658304
    outer loop
      vertex 0.97727 -6.23656 0.589527
      vertex 0.757051 -5.75038 0
      vertex 1.00105 -6.16172 0.509522
    endloop
  endfacet
  facet normal 0.122581 -0.742711 -0.658296
    outer loop
      vertex 1.00105 -6.16172 0.509522
      vertex 0.757051 -5.75038 0
      vertex 1.02967 -6.0886 0.432355
    endloop
  endfacet
  facet normal 0.123138 -0.742473 -0.658461
    outer loop
      vertex 1.02967 -6.0886 0.432355
      vertex 0.757051 -5.75038 0
      vertex 1.03114 -6.08545 0.429078
    endloop
  endfacet
  facet normal 0.162861 -0.986649 0
    outer loop
      vertex 0.84842 -6.44439 0.8
      vertex 0.940263 -6.42923 8.5
      vertex 0.84842 -6.44439 8.5
    endloop
  endfacet
  facet normal 0.162861 -0.986649 0
    outer loop
      vertex 0.940263 -6.42923 8.5
      vertex 0.84842 -6.44439 0.8
      vertex 0.940263 -6.42923 0.8
    endloop
  endfacet
  facet normal -0.74279 -0.121906 -0.658332
    outer loop
      vertex -5.75597 -0.761621 0.00715339
      vertex -5.75823 -0.758085 0.00904855
      vertex -5.75038 -0.757051 0
    endloop
  endfacet
  facet normal -0.205294 -0.676844 0.70692
    outer loop
      vertex -2.08936 -6.15505 8.5
      vertex -1.71721 -6.19396 8.57082
      vertex -1.92864 -5.68158 9
    endloop
  endfacet
  facet normal -0.205298 -0.676787 0.706974
    outer loop
      vertex -1.71721 -6.19396 8.57082
      vertex -2.08936 -6.15505 8.5
      vertex -1.73612 -6.22186 8.53862
    endloop
  endfacet
  facet normal -0.205301 -0.676828 0.706933
    outer loop
      vertex -1.73612 -6.22186 8.53862
      vertex -2.08936 -6.15505 8.5
      vertex -1.75619 -6.25611 8.5
    endloop
  endfacet
  facet normal -0.249151 -0.661957 0.706921
    outer loop
      vertex -2.25257 -5.89709 8.68403
      vertex -2.08936 -6.15505 8.5
      vertex -1.92864 -5.68158 9
    endloop
  endfacet
  facet normal -0.249244 -0.661979 0.706868
    outer loop
      vertex -2.08936 -6.15505 8.5
      vertex -2.25257 -5.89709 8.68403
      vertex -2.25 -5.97557 8.61144
    endloop
  endfacet
  facet normal -0.249239 -0.661882 0.70696
    outer loop
      vertex -2.25257 -5.89709 8.68403
      vertex -1.92864 -5.68158 9
      vertex -2.25517 -5.87069 8.70783
    endloop
  endfacet
  facet normal -0.249154 -0.66194 0.706935
    outer loop
      vertex -2.25257 -6.05406 8.53704
      vertex -2.08936 -6.15505 8.5
      vertex -2.25 -5.97557 8.61144
    endloop
  endfacet
  facet normal -0.249171 -0.661959 0.706912
    outer loop
      vertex -2.08936 -6.15505 8.5
      vertex -2.25257 -6.05406 8.53704
      vertex -2.25633 -6.0922 8.5
    endloop
  endfacet
  facet normal -0.478192 0.581369 -0.658287
    outer loop
      vertex -3.53082 4.60145 0
      vertex -3.68411 4.79863 0.285493
      vertex -3.68183 4.79826 0.28351
    endloop
  endfacet
  facet normal -0.47757 0.581868 -0.658298
    outer loop
      vertex -3.53082 4.60145 0
      vertex -3.76058 4.81646 0.356729
      vertex -3.68411 4.79863 0.285493
    endloop
  endfacet
  facet normal -0.477399 0.582026 -0.658283
    outer loop
      vertex -3.53082 4.60145 0
      vertex -3.83573 4.83926 0.431388
      vertex -3.76058 4.81646 0.356729
    endloop
  endfacet
  facet normal -0.477611 0.581814 -0.658316
    outer loop
      vertex -3.53082 4.60145 0
      vertex -3.90922 4.86692 0.509151
      vertex -3.83573 4.83926 0.431388
    endloop
  endfacet
  facet normal -0.477531 0.581898 -0.6583
    outer loop
      vertex -4.28575 4.88696 0.8
      vertex -3.90922 4.86692 0.509151
      vertex -3.53082 4.60145 0
    endloop
  endfacet
  facet normal -0.47757 0.581815 -0.658345
    outer loop
      vertex -3.90922 4.86692 0.509151
      vertex -4.28575 4.88696 0.8
      vertex -3.98075 4.89933 0.589682
    endloop
  endfacet
  facet normal -0.47751 0.581972 -0.658249
    outer loop
      vertex -3.98075 4.89933 0.589682
      vertex -4.28575 4.88696 0.8
      vertex -4.05 4.93634 0.672639
    endloop
  endfacet
  facet normal -0.477504 0.581839 -0.658371
    outer loop
      vertex -4.11668 4.97781 0.757666
      vertex -4.28575 4.88696 0.8
      vertex -4.14784 5.00014 0.8
    endloop
  endfacet
  facet normal -0.477523 0.581909 -0.658296
    outer loop
      vertex -4.05 4.93634 0.672639
      vertex -4.28575 4.88696 0.8
      vertex -4.11668 4.97781 0.757666
    endloop
  endfacet
  facet normal -0.752348 -0.0246329 -0.658305
    outer loop
      vertex -5.78758 -0.379337 0
      vertex -6.5 0 0.8
      vertex -5.8 0 0
    endloop
  endfacet
  facet normal 0.354832 -0.66387 -0.658309
    outer loop
      vertex 2.9 -5.02295 0
      vertex 2.7208 -5.51723 0.401866
      vertex 2.56527 -5.20186 0
    endloop
  endfacet
  facet normal 0.354862 -0.663869 -0.658294
    outer loop
      vertex 2.7208 -5.51723 0.401866
      vertex 2.9 -5.02295 0
      vertex 2.74577 -5.531 0.429213
    endloop
  endfacet
  facet normal 0.354836 -0.663871 -0.658306
    outer loop
      vertex 2.74577 -5.531 0.429213
      vertex 2.9 -5.02295 0
      vertex 2.8119 -5.57334 0.507556
    endloop
  endfacet
  facet normal 0.354832 -0.663872 -0.658307
    outer loop
      vertex 2.8119 -5.57334 0.507556
      vertex 2.9 -5.02295 0
      vertex 2.87513 -5.61991 0.588601
    endloop
  endfacet
  facet normal 0.354442 -0.663968 -0.658421
    outer loop
      vertex 2.87513 -5.61991 0.588601
      vertex 2.9 -5.02295 0
      vertex 2.88125 -5.62507 0.597099
    endloop
  endfacet
  facet normal -0.514577 -0.549404 -0.658305
    outer loop
      vertex -3.82421 -4.36067 0
      vertex -4.28575 -4.88696 0.8
      vertex -4.10122 -4.10122 0
    endloop
  endfacet
  facet normal -0.0246379 -0.75235 -0.658303
    outer loop
      vertex -0.0159035 -5.89138 0.10503
      vertex 0 -5.8 0
      vertex 0 -5.90375 0.118572
    endloop
  endfacet
  facet normal -0.0246033 -0.752353 -0.6583
    outer loop
      vertex -0.0809088 -5.84733 0.057116
      vertex 0 -5.8 0
      vertex -0.0159035 -5.89138 0.10503
    endloop
  endfacet
  facet normal -0.0246358 -0.752329 -0.658327
    outer loop
      vertex -0.148655 -5.80762 0.014271
      vertex 0 -5.8 0
      vertex -0.0809088 -5.84733 0.057116
    endloop
  endfacet
  facet normal -0.024634 -0.75234 -0.658314
    outer loop
      vertex 0 -5.8 0
      vertex -0.148655 -5.80762 0.014271
      vertex -0.175304 -5.79426 0
    endloop
  endfacet
  facet normal -0.218496 -0.720327 -0.658323
    outer loop
      vertex -2.08936 -6.15505 0.8
      vertex -1.73612 -6.22186 0.755863
      vertex -1.75619 -6.25611 0.8
    endloop
  endfacet
  facet normal -0.218498 -0.720367 -0.658278
    outer loop
      vertex -2.08936 -6.15505 0.8
      vertex -1.69207 -6.15686 0.670111
      vertex -1.73612 -6.22186 0.755863
    endloop
  endfacet
  facet normal -0.218514 -0.720317 -0.658328
    outer loop
      vertex -2.08936 -6.15505 0.8
      vertex -1.64386 -6.09487 0.586282
      vertex -1.69207 -6.15686 0.670111
    endloop
  endfacet
  facet normal -0.218464 -0.720405 -0.658248
    outer loop
      vertex -2.08936 -6.15505 0.8
      vertex -1.62848 -6.07757 0.562244
      vertex -1.64386 -6.09487 0.586282
    endloop
  endfacet
  facet normal -0.218504 -0.720341 -0.658305
    outer loop
      vertex -1.62848 -6.07757 0.562244
      vertex -2.08936 -6.15505 0.8
      vertex -1.50115 -5.60237 0
    endloop
  endfacet
  facet normal 0.170753 -0.733126 -0.658309
    outer loop
      vertex 1.13152 -5.68855 0
      vertex 1.18984 -5.81938 0.160826
      vertex 1.16441 -5.85389 0.192662
    endloop
  endfacet
  facet normal 0.170971 -0.733055 -0.65833
    outer loop
      vertex 1.13152 -5.68855 0
      vertex 1.24044 -5.75933 0.107101
      vertex 1.18984 -5.81938 0.160826
    endloop
  endfacet
  facet normal 0.170888 -0.733115 -0.658285
    outer loop
      vertex 1.13152 -5.68855 0
      vertex 1.29487 -5.70273 0.0581968
      vertex 1.24044 -5.75933 0.107101
    endloop
  endfacet
  facet normal 0.170919 -0.733045 -0.658355
    outer loop
      vertex 1.13152 -5.68855 0
      vertex 1.35288 -5.6498 0.0143222
      vertex 1.29487 -5.70273 0.0581968
    endloop
  endfacet
  facet normal 0.170925 -0.733107 -0.658285
    outer loop
      vertex 1.35288 -5.6498 0.0143222
      vertex 1.13152 -5.68855 0
      vertex 1.37561 -5.63164 0
    endloop
  endfacet
  facet normal 0.0980136 -0.995185 0
    outer loop
      vertex 0.425119 -6.48608 0.8
      vertex 0.84842 -6.44439 8.5
      vertex 0.425119 -6.48608 8.5
    endloop
  endfacet
  facet normal 0.0980136 -0.995185 0
    outer loop
      vertex 0.84842 -6.44439 8.5
      vertex 0.425119 -6.48608 0.8
      vertex 0.84842 -6.44439 0.8
    endloop
  endfacet
  facet normal 0 0 -1
    outer loop
      vertex -5.57544 -1.1851 0
      vertex 0 -0.75 0
      vertex -5.56164 -1.2624 0
    endloop
  endfacet
  facet normal 0 0 -1
    outer loop
      vertex 0 0.75 0
      vertex -5.55292 1.34044 0
      vertex -5.54932 1.41888 0
    endloop
  endfacet
  facet normal 0 0 -1
    outer loop
      vertex -5.59427 -1.10886 0
      vertex 0 -0.75 0
      vertex -5.57544 -1.1851 0
    endloop
  endfacet
  facet normal 0 0 -1
    outer loop
      vertex 0 0.75 0
      vertex -5.56164 1.2624 0
      vertex -5.55292 1.34044 0
    endloop
  endfacet
  facet normal 0 0 -1
    outer loop
      vertex -5.61805 -1.03402 0
      vertex 0 -0.75 0
      vertex -5.59427 -1.10886 0
    endloop
  endfacet
  facet normal 0 0 -1
    outer loop
      vertex 0 0.75 0
      vertex -5.57544 1.1851 0
      vertex -5.56164 1.2624 0
    endloop
  endfacet
  facet normal -0 0 -1
    outer loop
      vertex 0 -0.75 0
      vertex -5.61805 -1.03402 0
      vertex 0 0.75 0
    endloop
  endfacet
  facet normal 0 0 -1
    outer loop
      vertex 0 0.75 0
      vertex -5.59427 1.10886 0
      vertex -5.57544 1.1851 0
    endloop
  endfacet
  facet normal 0 0 -1
    outer loop
      vertex -5.61805 1.03402 0
      vertex 0 0.75 0
      vertex -5.61805 -1.03402 0
    endloop
  endfacet
  facet normal 0 0 -1
    outer loop
      vertex 0 0.75 0
      vertex -5.61805 1.03402 0
      vertex -5.59427 1.10886 0
    endloop
  endfacet
  facet normal 0 0 -1
    outer loop
      vertex -5.8 0 0
      vertex -5.61805 -1.03402 0
      vertex -5.64667 -0.960897 0
    endloop
  endfacet
  facet normal 0 0 -1
    outer loop
      vertex -5.61805 -1.03402 0
      vertex -5.8 0 0
      vertex -5.61805 1.03402 0
    endloop
  endfacet
  facet normal 0 0 -1
    outer loop
      vertex -5.78758 -0.379337 0
      vertex -5.64667 -0.960897 0
      vertex -5.68001 -0.889802 0
    endloop
  endfacet
  facet normal 0 0 -1
    outer loop
      vertex -5.61805 1.03402 0
      vertex -5.8 0 0
      vertex -5.64667 0.960897 0
    endloop
  endfacet
  facet normal 0 0 -1
    outer loop
      vertex -5.78758 -0.379337 0
      vertex -5.68001 -0.889802 0
      vertex -5.71793 -0.821038 0
    endloop
  endfacet
  facet normal 0 -0 -1
    outer loop
      vertex -5.78758 0.379337 0
      vertex -5.64667 0.960897 0
      vertex -5.8 0 0
    endloop
  endfacet
  facet normal 0 0 -1
    outer loop
      vertex -5.75038 -0.757051 0
      vertex -5.71793 -0.821038 0
      vertex -5.74742 -0.774968 0
    endloop
  endfacet
  facet normal 0 0 -1
    outer loop
      vertex -5.64667 -0.960897 0
      vertex -5.78758 -0.379337 0
      vertex -5.8 0 0
    endloop
  endfacet
  facet normal 0 0 -1
    outer loop
      vertex -5.71793 -0.821038 0
      vertex -5.75038 -0.757051 0
      vertex -5.78758 -0.379337 0
    endloop
  endfacet
  facet normal 0 0 -1
    outer loop
      vertex -5.64667 0.960897 0
      vertex -5.78758 0.379337 0
      vertex -5.68001 0.889802 0
    endloop
  endfacet
  facet normal 0 -0 -1
    outer loop
      vertex -5.75038 0.757051 0
      vertex -5.71793 0.821038 0
      vertex -5.78758 0.379337 0
    endloop
  endfacet
  facet normal 0 0 -1
    outer loop
      vertex -5.71793 0.821038 0
      vertex -5.75038 0.757051 0
      vertex -5.74742 0.774968 0
    endloop
  endfacet
  facet normal 0 0 -1
    outer loop
      vertex -5.68001 0.889802 0
      vertex -5.78758 0.379337 0
      vertex -5.71793 0.821038 0
    endloop
  endfacet
  facet normal 0 0 -1
    outer loop
      vertex 5.68855 -1.13152 0
      vertex 5.75107 -0.75 0
      vertex 5.75038 -0.757051 0
    endloop
  endfacet
  facet normal 0 0 -1
    outer loop
      vertex 5.2803 -2.17948 0
      vertex 5.68855 -1.13152 0
      vertex 5.60237 -1.50115 0
    endloop
  endfacet
  facet normal 0 0 -1
    outer loop
      vertex 5.37089 -2.0513 0
      vertex 5.60237 -1.50115 0
      vertex 5.49219 -1.86435 0
    endloop
  endfacet
  facet normal 0 0 -1
    outer loop
      vertex 5.42228 -1.99192 0
      vertex 5.49219 -1.86435 0
      vertex 5.45768 -1.95605 0
    endloop
  endfacet
  facet normal 0 0 -1
    outer loop
      vertex 5.37089 -2.0513 0
      vertex 5.49219 -1.86435 0
      vertex 5.42228 -1.99192 0
    endloop
  endfacet
  facet normal 0 0 -1
    outer loop
      vertex 5.32349 -2.11391 0
      vertex 5.60237 -1.50115 0
      vertex 5.37089 -2.0513 0
    endloop
  endfacet
  facet normal 0 0 -1
    outer loop
      vertex 5.2803 -2.17948 0
      vertex 5.60237 -1.50115 0
      vertex 5.32349 -2.11391 0
    endloop
  endfacet
  facet normal -0 0 -1
    outer loop
      vertex 5.68855 -1.13152 0
      vertex 5.2803 -2.17948 0
      vertex 0 -0.75 0
    endloop
  endfacet
  facet normal 0 0 -1
    outer loop
      vertex 0 -0.75 0
      vertex 5.2803 -2.17948 0
      vertex 5.24148 -2.24774 0
    endloop
  endfacet
  facet normal 0 0 -1
    outer loop
      vertex 0 -0.75 0
      vertex 5.24148 -2.24774 0
      vertex 5.20721 -2.3184 0
    endloop
  endfacet
  facet normal 0 0 -1
    outer loop
      vertex 0 -0.75 0
      vertex 5.20721 -2.3184 0
      vertex 5.17763 -2.39114 0
    endloop
  endfacet
  facet normal 0 0 -1
    outer loop
      vertex 5.02295 -2.9 0
      vertex 5.1085 -2.69668 0
      vertex 5.10563 -2.74531 0
    endloop
  endfacet
  facet normal 0 0 -1
    outer loop
      vertex 5.02295 -2.9 0
      vertex 5.11824 -2.61876 0
      vertex 5.1085 -2.69668 0
    endloop
  endfacet
  facet normal 0 0 -1
    outer loop
      vertex 5.02295 -2.9 0
      vertex 5.13305 -2.54165 0
      vertex 5.11824 -2.61876 0
    endloop
  endfacet
  facet normal 0 0 -1
    outer loop
      vertex 4.82252 -3.22231 0
      vertex 5.13305 -2.54165 0
      vertex 5.02295 -2.9 0
    endloop
  endfacet
  facet normal -0 0 -1
    outer loop
      vertex 5.13305 -2.54165 0
      vertex 4.82252 -3.22231 0
      vertex 5.15288 -2.46566 0
    endloop
  endfacet
  facet normal 0 0 -1
    outer loop
      vertex 0 -0.75 0
      vertex 5.15288 -2.46566 0
      vertex 4.82252 -3.22231 0
    endloop
  endfacet
  facet normal 0 0 -1
    outer loop
      vertex 5.15288 -2.46566 0
      vertex 0 -0.75 0
      vertex 5.17763 -2.39114 0
    endloop
  endfacet
  facet normal 0 0 -1
    outer loop
      vertex 0 -0.75 0
      vertex 4.82252 -3.22231 0
      vertex 4.60145 -3.53082 0
    endloop
  endfacet
  facet normal 0 0 -1
    outer loop
      vertex 4.00345 -4.09641 0
      vertex 4.60145 -3.53082 0
      vertex 4.36067 -3.82421 0
    endloop
  endfacet
  facet normal 0 0 -1
    outer loop
      vertex 4.14331 -4.02515 0
      vertex 4.36067 -3.82421 0
      vertex 4.18934 -4.00713 0
    endloop
  endfacet
  facet normal 0 0 -1
    outer loop
      vertex 4.07221 -4.05849 0
      vertex 4.36067 -3.82421 0
      vertex 4.14331 -4.02515 0
    endloop
  endfacet
  facet normal 0 0 -1
    outer loop
      vertex 4.00345 -4.09641 0
      vertex 4.36067 -3.82421 0
      vertex 4.07221 -4.05849 0
    endloop
  endfacet
  facet normal 0 0 -1
    outer loop
      vertex 3.93731 -4.13875 0
      vertex 4.60145 -3.53082 0
      vertex 4.00345 -4.09641 0
    endloop
  endfacet
  facet normal -0 0 -1
    outer loop
      vertex 4.60145 -3.53082 0
      vertex 3.93731 -4.13875 0
      vertex 0 -0.75 0
    endloop
  endfacet
  facet normal 0 0 -1
    outer loop
      vertex 0 -0.75 0
      vertex 3.93731 -4.13875 0
      vertex 3.87409 -4.18532 0
    endloop
  endfacet
  facet normal 0 0 -1
    outer loop
      vertex 0 -0.75 0
      vertex 3.87409 -4.18532 0
      vertex 3.81404 -4.23592 0
    endloop
  endfacet
  facet normal 0 0 -1
    outer loop
      vertex 0 -0.75 0
      vertex 3.81404 -4.23592 0
      vertex 3.75744 -4.29035 0
    endloop
  endfacet
  facet normal 0 0 -1
    outer loop
      vertex 0 -0.75 0
      vertex 3.75744 -4.29035 0
      vertex 3.70451 -4.34836 0
    endloop
  endfacet
  facet normal 0 0 -1
    outer loop
      vertex 2.9 -5.02295 0
      vertex 3.70451 -4.34836 0
      vertex 3.6555 -4.40971 0
    endloop
  endfacet
  facet normal 0 0 -1
    outer loop
      vertex 3.22231 -4.82252 0
      vertex 3.6555 -4.40971 0
      vertex 3.6106 -4.47413 0
    endloop
  endfacet
  facet normal 0 0 -1
    outer loop
      vertex 3.22231 -4.82252 0
      vertex 3.6106 -4.47413 0
      vertex 3.57001 -4.54135 0
    endloop
  endfacet
  facet normal 0 0 -1
    outer loop
      vertex 3.53082 -4.60145 0
      vertex 3.57001 -4.54135 0
      vertex 3.54485 -4.58993 0
    endloop
  endfacet
  facet normal 0 0 -1
    outer loop
      vertex 3.22231 -4.82252 0
      vertex 3.57001 -4.54135 0
      vertex 3.53082 -4.60145 0
    endloop
  endfacet
  facet normal 0 0 -1
    outer loop
      vertex 2.9 -5.02295 0
      vertex 3.6555 -4.40971 0
      vertex 3.22231 -4.82252 0
    endloop
  endfacet
  facet normal -0 0 -1
    outer loop
      vertex 3.70451 -4.34836 0
      vertex 2.9 -5.02295 0
      vertex 0 -0.75 0
    endloop
  endfacet
  facet normal 0 0 -1
    outer loop
      vertex 1.99117 -5.37061 0
      vertex 2.9 -5.02295 0
      vertex 2.56527 -5.20186 0
    endloop
  endfacet
  facet normal 0 0 -1
    outer loop
      vertex 2.14792 -5.36239 0
      vertex 2.56527 -5.20186 0
      vertex 2.21956 -5.3585 0
    endloop
  endfacet
  facet normal 0 0 -1
    outer loop
      vertex 2.14792 -5.36239 0
      vertex 2.21956 -5.3585 0
      vertex 2.20257 -5.3649 0
    endloop
  endfacet
  facet normal 0 0 -1
    outer loop
      vertex 2.06941 -5.36393 0
      vertex 2.56527 -5.20186 0
      vertex 2.14792 -5.36239 0
    endloop
  endfacet
  facet normal 0 0 -1
    outer loop
      vertex 1.99117 -5.37061 0
      vertex 2.56527 -5.20186 0
      vertex 2.06941 -5.36393 0
    endloop
  endfacet
  facet normal 0 0 -1
    outer loop
      vertex 1.91353 -5.38238 0
      vertex 2.9 -5.02295 0
      vertex 1.99117 -5.37061 0
    endloop
  endfacet
  facet normal -0 0 -1
    outer loop
      vertex 2.9 -5.02295 0
      vertex 1.91353 -5.38238 0
      vertex 0 -0.75 0
    endloop
  endfacet
  facet normal 0 0 -1
    outer loop
      vertex 0 -0.75 0
      vertex 1.91353 -5.38238 0
      vertex 1.83683 -5.39921 0
    endloop
  endfacet
  facet normal 0 0 -1
    outer loop
      vertex 0 -0.75 0
      vertex 1.83683 -5.39921 0
      vertex 1.7614 -5.42102 0
    endloop
  endfacet
  facet normal 0 0 -1
    outer loop
      vertex 0 -0.75 0
      vertex 1.7614 -5.42102 0
      vertex 1.68755 -5.44772 0
    endloop
  endfacet
  facet normal 0 0 -1
    outer loop
      vertex 0 -0.75 0
      vertex 1.68755 -5.44772 0
      vertex 1.6156 -5.47919 0
    endloop
  endfacet
  facet normal 0 0 -1
    outer loop
      vertex 0 -0.75 0
      vertex 1.6156 -5.47919 0
      vertex 1.54587 -5.51529 0
    endloop
  endfacet
  facet normal 0 0 -1
    outer loop
      vertex 1.13152 -5.68855 0
      vertex 1.54587 -5.51529 0
      vertex 1.47865 -5.55588 0
    endloop
  endfacet
  facet normal 0 0 -1
    outer loop
      vertex 1.13152 -5.68855 0
      vertex 1.47865 -5.55588 0
      vertex 1.41423 -5.60079 0
    endloop
  endfacet
  facet normal 0 0 -1
    outer loop
      vertex 1.13152 -5.68855 0
      vertex 1.41423 -5.60079 0
      vertex 1.37561 -5.63164 0
    endloop
  endfacet
  facet normal 0 0 -1
    outer loop
      vertex 1.54587 -5.51529 0
      vertex 1.13152 -5.68855 0
      vertex 0.757051 -5.75038 0
    endloop
  endfacet
  facet normal -0 0 -1
    outer loop
      vertex 1.54587 -5.51529 0
      vertex 0.757051 -5.75038 0
      vertex 0 -0.75 0
    endloop
  endfacet
  facet normal 0 0 -1
    outer loop
      vertex 0 -0.75 0
      vertex 0.757051 -5.75038 0
      vertex 0.379337 -5.78758 0
    endloop
  endfacet
  facet normal 0 0 -1
    outer loop
      vertex -0.365396 -5.71618 0
      vertex 0.379337 -5.78758 0
      vertex 0 -5.8 0
    endloop
  endfacet
  facet normal 0 0 -1
    outer loop
      vertex 5.68855 -1.13152 0
      vertex 0 -0.75 0
      vertex 5.75107 -0.75 0
    endloop
  endfacet
  facet normal 0 0 -1
    outer loop
      vertex 0.379337 -5.78758 0
      vertex -0.365396 -5.71618 0
      vertex 0 -0.75 0
    endloop
  endfacet
  facet normal 0 0 -1
    outer loop
      vertex -0.441112 -5.69536 0
      vertex 0 -0.75 0
      vertex -0.365396 -5.71618 0
    endloop
  endfacet
  facet normal 0 0 -1
    outer loop
      vertex -0.218854 -5.77243 0
      vertex 0 -5.8 0
      vertex -0.175304 -5.79426 0
    endloop
  endfacet
  facet normal 0 0 -1
    outer loop
      vertex -0.291204 -5.7419 0
      vertex 0 -5.8 0
      vertex -0.218854 -5.77243 0
    endloop
  endfacet
  facet normal 0 0 -1
    outer loop
      vertex -0.365396 -5.71618 0
      vertex 0 -5.8 0
      vertex -0.291204 -5.7419 0
    endloop
  endfacet
  facet normal 0 0 -1
    outer loop
      vertex 0 5.8 0
      vertex -0.218854 5.77243 0
      vertex -0.175304 5.79426 0
    endloop
  endfacet
  facet normal 0 0 -1
    outer loop
      vertex -0.518026 -5.67953 0
      vertex 0 -0.75 0
      vertex -0.441112 -5.69536 0
    endloop
  endfacet
  facet normal 0 0 -1
    outer loop
      vertex 0 5.8 0
      vertex -0.291204 5.7419 0
      vertex -0.218854 5.77243 0
    endloop
  endfacet
  facet normal 0 0 -1
    outer loop
      vertex 0 0.75 0
      vertex -0.365396 5.71618 0
      vertex 0 5.8 0
    endloop
  endfacet
  facet normal 0 0 -1
    outer loop
      vertex 0 5.8 0
      vertex -0.365396 5.71618 0
      vertex -0.291204 5.7419 0
    endloop
  endfacet
  facet normal 0 0 -1
    outer loop
      vertex -0.595812 -5.66877 0
      vertex 0 -0.75 0
      vertex -0.518026 -5.67953 0
    endloop
  endfacet
  facet normal 0 0 -1
    outer loop
      vertex 0 0.75 0
      vertex -0.441112 5.69536 0
      vertex -0.365396 5.71618 0
    endloop
  endfacet
  facet normal 0 0 -1
    outer loop
      vertex -0.674134 -5.66313 0
      vertex 0 -0.75 0
      vertex -0.595812 -5.66877 0
    endloop
  endfacet
  facet normal 0 0 -1
    outer loop
      vertex 0 0.75 0
      vertex -0.518026 5.67953 0
      vertex -0.441112 5.69536 0
    endloop
  endfacet
  facet normal 0 0 -1
    outer loop
      vertex -0.752658 -5.66261 0
      vertex 0 -0.75 0
      vertex -0.674134 -5.66313 0
    endloop
  endfacet
  facet normal 0 0 -1
    outer loop
      vertex 0 0.75 0
      vertex -0.595812 5.66877 0
      vertex -0.518026 5.67953 0
    endloop
  endfacet
  facet normal 0 0 -1
    outer loop
      vertex -1.86435 -5.49219 0
      vertex 0 -0.75 0
      vertex -0.752658 -5.66261 0
    endloop
  endfacet
  facet normal 0 0 -1
    outer loop
      vertex -2.99078 -4.86692 0
      vertex 0 -0.75 0
      vertex -2.91925 -4.89933 0
    endloop
  endfacet
  facet normal 0 0 -1
    outer loop
      vertex -2.78332 -4.97781 0
      vertex 0 -0.75 0
      vertex -2.71949 -5.02355 0
    endloop
  endfacet
  facet normal 0 -0 -1
    outer loop
      vertex -2.78332 4.97781 0
      vertex 0 0.75 0
      vertex -2.85 4.93634 0
    endloop
  endfacet
  facet normal 0 0 -1
    outer loop
      vertex -1.50115 -5.60237 0
      vertex -0.752658 -5.66261 0
      vertex -0.831048 -5.66723 0
    endloop
  endfacet
  facet normal 0 0 -1
    outer loop
      vertex 0 0.75 0
      vertex -0.674134 5.66313 0
      vertex -0.595812 5.66877 0
    endloop
  endfacet
  facet normal 0 0 -1
    outer loop
      vertex -1.50115 -5.60237 0
      vertex -0.831048 -5.66723 0
      vertex -0.908967 -5.67697 0
    endloop
  endfacet
  facet normal 0 -0 -1
    outer loop
      vertex -2.71949 5.02355 0
      vertex 0 0.75 0
      vertex -2.78332 4.97781 0
    endloop
  endfacet
  facet normal 0 0 -1
    outer loop
      vertex -1.13152 -5.68855 0
      vertex -0.908967 -5.67697 0
      vertex -0.986083 -5.69179 0
    endloop
  endfacet
  facet normal 0 0 -1
    outer loop
      vertex -2.91925 -4.89933 0
      vertex 0 -0.75 0
      vertex -2.85 -4.93634 0
    endloop
  endfacet
  facet normal 0 0 -1
    outer loop
      vertex -1.13152 -5.68855 0
      vertex -0.986083 -5.69179 0
      vertex -1.03485 -5.70451 0
    endloop
  endfacet
  facet normal 0 0 -1
    outer loop
      vertex 0 0.75 0
      vertex -0.752658 5.66261 0
      vertex -0.674134 5.66313 0
    endloop
  endfacet
  facet normal -0 0 -1
    outer loop
      vertex -0.908967 -5.67697 0
      vertex -1.13152 -5.68855 0
      vertex -1.50115 -5.60237 0
    endloop
  endfacet
  facet normal 0 -0 -1
    outer loop
      vertex -1.50115 5.60237 0
      vertex -0.752658 5.66261 0
      vertex -1.86435 5.49219 0
    endloop
  endfacet
  facet normal 0 0 -1
    outer loop
      vertex -0.752658 -5.66261 0
      vertex -1.50115 -5.60237 0
      vertex -1.86435 -5.49219 0
    endloop
  endfacet
  facet normal -0 0 -1
    outer loop
      vertex -0.752658 5.66261 0
      vertex -1.50115 5.60237 0
      vertex -0.831048 5.66723 0
    endloop
  endfacet
  facet normal 0 0 -1
    outer loop
      vertex 0 -0.75 0
      vertex -1.86435 -5.49219 0
      vertex -2.71949 -5.02355 0
    endloop
  endfacet
  facet normal -0 0 -1
    outer loop
      vertex -0.986083 5.69179 0
      vertex -1.13152 5.68855 0
      vertex -1.03485 5.70451 0
    endloop
  endfacet
  facet normal 0 0 -1
    outer loop
      vertex -2.65878 -5.07337 0
      vertex -1.86435 -5.49219 0
      vertex -2.21956 -5.3585 0
    endloop
  endfacet
  facet normal 0 0 -1
    outer loop
      vertex -2.85 -4.93634 0
      vertex 0 -0.75 0
      vertex -2.78332 -4.97781 0
    endloop
  endfacet
  facet normal 0 0 -1
    outer loop
      vertex -2.54779 -5.18436 0
      vertex -2.21956 -5.3585 0
      vertex -2.51458 -5.22483 0
    endloop
  endfacet
  facet normal 0 0 -1
    outer loop
      vertex -2.60147 -5.12705 0
      vertex -2.21956 -5.3585 0
      vertex -2.54779 -5.18436 0
    endloop
  endfacet
  facet normal 0 0 -1
    outer loop
      vertex -2.65878 -5.07337 0
      vertex -2.21956 -5.3585 0
      vertex -2.60147 -5.12705 0
    endloop
  endfacet
  facet normal 0 0 -1
    outer loop
      vertex -2.21956 5.3585 0
      vertex -2.54779 5.18436 0
      vertex -2.51458 5.22483 0
    endloop
  endfacet
  facet normal 0 0 -1
    outer loop
      vertex -1.86435 -5.49219 0
      vertex -2.65878 -5.07337 0
      vertex -2.71949 -5.02355 0
    endloop
  endfacet
  facet normal 0 0 -1
    outer loop
      vertex -2.21956 5.3585 0
      vertex -2.60147 5.12705 0
      vertex -2.54779 5.18436 0
    endloop
  endfacet
  facet normal 0 0 -1
    outer loop
      vertex -0.908967 5.67697 0
      vertex -1.13152 5.68855 0
      vertex -0.986083 5.69179 0
    endloop
  endfacet
  facet normal 0 0 -1
    outer loop
      vertex -2.21956 5.3585 0
      vertex -2.65878 5.07337 0
      vertex -2.60147 5.12705 0
    endloop
  endfacet
  facet normal 0 -0 -1
    outer loop
      vertex -2.65878 5.07337 0
      vertex -1.86435 5.49219 0
      vertex -2.71949 5.02355 0
    endloop
  endfacet
  facet normal 0 0 -1
    outer loop
      vertex -1.86435 5.49219 0
      vertex -2.65878 5.07337 0
      vertex -2.21956 5.3585 0
    endloop
  endfacet
  facet normal 0 -0 -1
    outer loop
      vertex -1.13152 5.68855 0
      vertex -0.908967 5.67697 0
      vertex -1.50115 5.60237 0
    endloop
  endfacet
  facet normal -0 0 -1
    outer loop
      vertex -0.831048 5.66723 0
      vertex -1.50115 5.60237 0
      vertex -0.908967 5.67697 0
    endloop
  endfacet
  facet normal 0 -0 -1
    outer loop
      vertex -1.86435 5.49219 0
      vertex 0 0.75 0
      vertex -2.71949 5.02355 0
    endloop
  endfacet
  facet normal 0 0 -1
    outer loop
      vertex 0 0.75 0
      vertex -1.86435 5.49219 0
      vertex -0.752658 5.66261 0
    endloop
  endfacet
  facet normal 0 0 -1
    outer loop
      vertex -3.82421 -4.36067 0
      vertex 0 -0.75 0
      vertex -2.99078 -4.86692 0
    endloop
  endfacet
  facet normal 0 0 -1
    outer loop
      vertex -4.71177 -3.22969 0
      vertex 0 -0.75 0
      vertex -4.65961 -3.28839 0
    endloop
  endfacet
  facet normal 0 0 -1
    outer loop
      vertex -4.56734 -3.41538 0
      vertex 0 -0.75 0
      vertex -4.52764 -3.48313 0
    endloop
  endfacet
  facet normal 0 -0 -1
    outer loop
      vertex -4.56734 3.41538 0
      vertex 0 0.75 0
      vertex -4.6114 3.35038 0
    endloop
  endfacet
  facet normal 0 0 -1
    outer loop
      vertex -3.82421 -4.36067 0
      vertex -2.99078 -4.86692 0
      vertex -3.06427 -4.83926 0
    endloop
  endfacet
  facet normal 0 0 -1
    outer loop
      vertex 0 0.75 0
      vertex -2.91925 4.89933 0
      vertex -2.85 4.93634 0
    endloop
  endfacet
  facet normal 0 0 -1
    outer loop
      vertex -3.53082 -4.60145 0
      vertex -3.06427 -4.83926 0
      vertex -3.13942 -4.81646 0
    endloop
  endfacet
  facet normal 0 -0 -1
    outer loop
      vertex -4.52764 3.48313 0
      vertex 0 0.75 0
      vertex -4.56734 3.41538 0
    endloop
  endfacet
  facet normal 0 0 -1
    outer loop
      vertex -3.53082 -4.60145 0
      vertex -3.13942 -4.81646 0
      vertex -3.21589 -4.79863 0
    endloop
  endfacet
  facet normal 0 0 -1
    outer loop
      vertex -4.65961 -3.28839 0
      vertex 0 -0.75 0
      vertex -4.6114 -3.35038 0
    endloop
  endfacet
  facet normal 0 0 -1
    outer loop
      vertex -3.53082 -4.60145 0
      vertex -3.21589 -4.79863 0
      vertex -3.26755 -4.7901 0
    endloop
  endfacet
  facet normal 0 0 -1
    outer loop
      vertex 0 0.75 0
      vertex -2.99078 4.86692 0
      vertex -2.91925 4.89933 0
    endloop
  endfacet
  facet normal 0 0 -1
    outer loop
      vertex -3.06427 -4.83926 0
      vertex -3.53082 -4.60145 0
      vertex -3.82421 -4.36067 0
    endloop
  endfacet
  facet normal 0 0 -1
    outer loop
      vertex -2.99078 4.86692 0
      vertex -3.82421 4.36067 0
      vertex -3.06427 4.83926 0
    endloop
  endfacet
  facet normal 0 0 -1
    outer loop
      vertex 0 -0.75 0
      vertex -3.82421 -4.36067 0
      vertex -4.52764 -3.48313 0
    endloop
  endfacet
  facet normal 0 -0 -1
    outer loop
      vertex -3.53082 4.60145 0
      vertex -3.06427 4.83926 0
      vertex -3.82421 4.36067 0
    endloop
  endfacet
  facet normal 0 0 -1
    outer loop
      vertex -4.52764 -3.48313 0
      vertex -3.82421 -4.36067 0
      vertex -4.10122 -4.10122 0
    endloop
  endfacet
  facet normal 0 0 -1
    outer loop
      vertex -3.21589 4.79863 0
      vertex -3.53082 4.60145 0
      vertex -3.26755 4.7901 0
    endloop
  endfacet
  facet normal 0 0 -1
    outer loop
      vertex -4.46192 -3.62568 0
      vertex -4.10122 -4.10122 0
      vertex -4.36067 -3.82421 0
    endloop
  endfacet
  facet normal 0 0 -1
    outer loop
      vertex -4.52764 -3.48313 0
      vertex -4.10122 -4.10122 0
      vertex -4.49244 -3.55333 0
    endloop
  endfacet
  facet normal 0 0 -1
    outer loop
      vertex -4.43619 -3.69987 0
      vertex -4.36067 -3.82421 0
      vertex -4.42283 -3.74846 0
    endloop
  endfacet
  facet normal 0 0 -1
    outer loop
      vertex -4.46192 -3.62568 0
      vertex -4.36067 -3.82421 0
      vertex -4.43619 -3.69987 0
    endloop
  endfacet
  facet normal 0 0 -1
    outer loop
      vertex -4.10122 -4.10122 0
      vertex -4.46192 -3.62568 0
      vertex -4.49244 -3.55333 0
    endloop
  endfacet
  facet normal 0 0 -1
    outer loop
      vertex -4.36067 3.82421 0
      vertex -4.43619 3.69987 0
      vertex -4.42283 3.74846 0
    endloop
  endfacet
  facet normal 0 0 -1
    outer loop
      vertex -4.6114 -3.35038 0
      vertex 0 -0.75 0
      vertex -4.56734 -3.41538 0
    endloop
  endfacet
  facet normal 0 0 -1
    outer loop
      vertex -4.36067 3.82421 0
      vertex -4.46192 3.62568 0
      vertex -4.43619 3.69987 0
    endloop
  endfacet
  facet normal 0 -0 -1
    outer loop
      vertex -4.46192 3.62568 0
      vertex -4.10122 4.10122 0
      vertex -4.49244 3.55333 0
    endloop
  endfacet
  facet normal 0 0 -1
    outer loop
      vertex -4.10122 4.10122 0
      vertex -4.46192 3.62568 0
      vertex -4.36067 3.82421 0
    endloop
  endfacet
  facet normal 0 0 -1
    outer loop
      vertex -3.06427 4.83926 0
      vertex -3.53082 4.60145 0
      vertex -3.13942 4.81646 0
    endloop
  endfacet
  facet normal 0 0 -1
    outer loop
      vertex -4.10122 4.10122 0
      vertex -4.52764 3.48313 0
      vertex -4.49244 3.55333 0
    endloop
  endfacet
  facet normal 0 0 -1
    outer loop
      vertex -3.13942 4.81646 0
      vertex -3.53082 4.60145 0
      vertex -3.21589 4.79863 0
    endloop
  endfacet
  facet normal 0 0 -1
    outer loop
      vertex -3.82421 4.36067 0
      vertex -4.52764 3.48313 0
      vertex -4.10122 4.10122 0
    endloop
  endfacet
  facet normal 0 -0 -1
    outer loop
      vertex -3.82421 4.36067 0
      vertex 0 0.75 0
      vertex -4.52764 3.48313 0
    endloop
  endfacet
  facet normal 0 0 -1
    outer loop
      vertex 0 0.75 0
      vertex -3.82421 4.36067 0
      vertex -2.99078 4.86692 0
    endloop
  endfacet
  facet normal 0 0 -1
    outer loop
      vertex -5.3585 -2.21956 0
      vertex 0 -0.75 0
      vertex -4.71177 -3.22969 0
    endloop
  endfacet
  facet normal 0 0 -1
    outer loop
      vertex -5.56164 -1.2624 0
      vertex 0 -0.75 0
      vertex -5.55292 -1.34044 0
    endloop
  endfacet
  facet normal 0 0 -1
    outer loop
      vertex -5.3585 -2.21956 0
      vertex -5.55292 -1.34044 0
      vertex 0 -0.75 0
    endloop
  endfacet
  facet normal 0 -0 -1
    outer loop
      vertex -5.3585 2.21956 0
      vertex 0 0.75 0
      vertex -5.54932 1.41888 0
    endloop
  endfacet
  facet normal 0 0 -1
    outer loop
      vertex -5.20186 -2.56527 0
      vertex -4.71177 -3.22969 0
      vertex -4.76766 -3.17453 0
    endloop
  endfacet
  facet normal 0 0 -1
    outer loop
      vertex 0 0.75 0
      vertex -4.65961 3.28839 0
      vertex -4.6114 3.35038 0
    endloop
  endfacet
  facet normal 0 0 -1
    outer loop
      vertex -5.20186 -2.56527 0
      vertex -4.76766 -3.17453 0
      vertex -4.82703 -3.12314 0
    endloop
  endfacet
  facet normal 0 0 -1
    outer loop
      vertex 0 0.75 0
      vertex -4.71177 3.22969 0
      vertex -4.65961 3.28839 0
    endloop
  endfacet
  facet normal 0 0 -1
    outer loop
      vertex -5.02295 -2.9 0
      vertex -4.82703 -3.12314 0
      vertex -4.88964 -3.07575 0
    endloop
  endfacet
  facet normal 0 0 -1
    outer loop
      vertex 0 0.75 0
      vertex -5.3585 2.21956 0
      vertex -4.71177 3.22969 0
    endloop
  endfacet
  facet normal 0 0 -1
    outer loop
      vertex -5.02295 -2.9 0
      vertex -4.88964 -3.07575 0
      vertex -4.93033 -3.04895 0
    endloop
  endfacet
  facet normal 0 0 -1
    outer loop
      vertex -4.71177 3.22969 0
      vertex -5.20186 2.56527 0
      vertex -4.76766 3.17453 0
    endloop
  endfacet
  facet normal 0 0 -1
    outer loop
      vertex -4.82703 -3.12314 0
      vertex -5.02295 -2.9 0
      vertex -5.20186 -2.56527 0
    endloop
  endfacet
  facet normal 0 0 -1
    outer loop
      vertex -4.76766 3.17453 0
      vertex -5.20186 2.56527 0
      vertex -4.82703 3.12314 0
    endloop
  endfacet
  facet normal 0 0 -1
    outer loop
      vertex -5.3585 -2.21956 0
      vertex -4.71177 -3.22969 0
      vertex -5.20186 -2.56527 0
    endloop
  endfacet
  facet normal 0 -0 -1
    outer loop
      vertex -5.02295 2.9 0
      vertex -4.82703 3.12314 0
      vertex -5.20186 2.56527 0
    endloop
  endfacet
  facet normal 0 0 -1
    outer loop
      vertex -5.55292 -1.34044 0
      vertex -5.3585 -2.21956 0
      vertex -5.54932 -1.41888 0
    endloop
  endfacet
  facet normal 0 0 -1
    outer loop
      vertex -4.88964 3.07575 0
      vertex -5.02295 2.9 0
      vertex -4.93033 3.04895 0
    endloop
  endfacet
  facet normal 0 0 -1
    outer loop
      vertex -5.54932 -1.41888 0
      vertex -5.3585 -2.21956 0
      vertex -5.49219 -1.86435 0
    endloop
  endfacet
  facet normal 0 0 -1
    outer loop
      vertex -4.82703 3.12314 0
      vertex -5.02295 2.9 0
      vertex -4.88964 3.07575 0
    endloop
  endfacet
  facet normal 0 0 -1
    outer loop
      vertex -4.71177 3.22969 0
      vertex -5.3585 2.21956 0
      vertex -5.20186 2.56527 0
    endloop
  endfacet
  facet normal 0 0 -1
    outer loop
      vertex -5.49219 -1.86435 0
      vertex -5.55086 -1.49739 0
      vertex -5.54932 -1.41888 0
    endloop
  endfacet
  facet normal 0 0 -1
    outer loop
      vertex -5.49219 -1.86435 0
      vertex -5.55754 -1.57563 0
      vertex -5.55086 -1.49739 0
    endloop
  endfacet
  facet normal 0 -0 -1
    outer loop
      vertex -5.55754 -1.57563 0
      vertex -5.49219 -1.86435 0
      vertex -5.56495 -1.62451 0
    endloop
  endfacet
  facet normal 0 0 -1
    outer loop
      vertex 5.75107 0.75 0
      vertex 5.68855 1.13152 0
      vertex 5.75038 0.757051 0
    endloop
  endfacet
  facet normal 0 0 -1
    outer loop
      vertex 0 0.75 0
      vertex 5.68855 1.13152 0
      vertex 5.75107 0.75 0
    endloop
  endfacet
  facet normal 0 -0 -1
    outer loop
      vertex 5.2803 2.17948 0
      vertex 5.68855 1.13152 0
      vertex 0 0.75 0
    endloop
  endfacet
  facet normal 0 0 -1
    outer loop
      vertex 5.60237 1.50115 0
      vertex 5.37089 2.0513 0
      vertex 5.49219 1.86435 0
    endloop
  endfacet
  facet normal 0 0 -1
    outer loop
      vertex 5.49219 1.86435 0
      vertex 5.42228 1.99192 0
      vertex 5.45768 1.95605 0
    endloop
  endfacet
  facet normal 0 0 -1
    outer loop
      vertex 5.49219 1.86435 0
      vertex 5.37089 2.0513 0
      vertex 5.42228 1.99192 0
    endloop
  endfacet
  facet normal 0 0 -1
    outer loop
      vertex 5.60237 1.50115 0
      vertex 5.32349 2.11391 0
      vertex 5.37089 2.0513 0
    endloop
  endfacet
  facet normal 0 0 -1
    outer loop
      vertex 5.60237 1.50115 0
      vertex 5.2803 2.17948 0
      vertex 5.32349 2.11391 0
    endloop
  endfacet
  facet normal 0 0 -1
    outer loop
      vertex 5.68855 1.13152 0
      vertex 5.2803 2.17948 0
      vertex 5.60237 1.50115 0
    endloop
  endfacet
  facet normal -0 0 -1
    outer loop
      vertex 5.2803 2.17948 0
      vertex 0 0.75 0
      vertex 5.24148 2.24774 0
    endloop
  endfacet
  facet normal -0 0 -1
    outer loop
      vertex 5.24148 2.24774 0
      vertex 0 0.75 0
      vertex 5.20721 2.3184 0
    endloop
  endfacet
  facet normal 0 0 -1
    outer loop
      vertex 5.1085 2.69668 0
      vertex 5.02295 2.9 0
      vertex 5.10563 2.74531 0
    endloop
  endfacet
  facet normal 0 0 -1
    outer loop
      vertex 5.11824 2.61876 0
      vertex 5.02295 2.9 0
      vertex 5.1085 2.69668 0
    endloop
  endfacet
  facet normal 0 0 -1
    outer loop
      vertex 5.13305 2.54165 0
      vertex 5.02295 2.9 0
      vertex 5.11824 2.61876 0
    endloop
  endfacet
  facet normal 0 0 -1
    outer loop
      vertex 4.82252 3.22231 0
      vertex 5.13305 2.54165 0
      vertex 5.15288 2.46566 0
    endloop
  endfacet
  facet normal 0 0 -1
    outer loop
      vertex 5.13305 2.54165 0
      vertex 4.82252 3.22231 0
      vertex 5.02295 2.9 0
    endloop
  endfacet
  facet normal 0 0 -1
    outer loop
      vertex 0 0.75 0
      vertex 5.15288 2.46566 0
      vertex 5.17763 2.39114 0
    endloop
  endfacet
  facet normal -0 0 -1
    outer loop
      vertex 5.20721 2.3184 0
      vertex 0 0.75 0
      vertex 5.17763 2.39114 0
    endloop
  endfacet
  facet normal -0 0 -1
    outer loop
      vertex 5.15288 2.46566 0
      vertex 0 0.75 0
      vertex 4.82252 3.22231 0
    endloop
  endfacet
  facet normal -0 0 -1
    outer loop
      vertex 4.82252 3.22231 0
      vertex 0 0.75 0
      vertex 4.60145 3.53082 0
    endloop
  endfacet
  facet normal 0 -0 -1
    outer loop
      vertex 3.93731 4.13875 0
      vertex 4.60145 3.53082 0
      vertex 0 0.75 0
    endloop
  endfacet
  facet normal 0 0 -1
    outer loop
      vertex 4.36067 3.82421 0
      vertex 4.14331 4.02515 0
      vertex 4.18934 4.00713 0
    endloop
  endfacet
  facet normal 0 0 -1
    outer loop
      vertex 4.36067 3.82421 0
      vertex 4.07221 4.05849 0
      vertex 4.14331 4.02515 0
    endloop
  endfacet
  facet normal 0 0 -1
    outer loop
      vertex 4.60145 3.53082 0
      vertex 4.00345 4.09641 0
      vertex 4.36067 3.82421 0
    endloop
  endfacet
  facet normal 0 0 -1
    outer loop
      vertex 4.36067 3.82421 0
      vertex 4.00345 4.09641 0
      vertex 4.07221 4.05849 0
    endloop
  endfacet
  facet normal 0 0 -1
    outer loop
      vertex 4.60145 3.53082 0
      vertex 3.93731 4.13875 0
      vertex 4.00345 4.09641 0
    endloop
  endfacet
  facet normal -0 0 -1
    outer loop
      vertex 3.93731 4.13875 0
      vertex 0 0.75 0
      vertex 3.87409 4.18532 0
    endloop
  endfacet
  facet normal -0 0 -1
    outer loop
      vertex 3.87409 4.18532 0
      vertex 0 0.75 0
      vertex 3.81404 4.23592 0
    endloop
  endfacet
  facet normal -0 0 -1
    outer loop
      vertex 3.81404 4.23592 0
      vertex 0 0.75 0
      vertex 3.75744 4.29035 0
    endloop
  endfacet
  facet normal -0 0 -1
    outer loop
      vertex 3.75744 4.29035 0
      vertex 0 0.75 0
      vertex 3.70451 4.34836 0
    endloop
  endfacet
  facet normal 0 -0 -1
    outer loop
      vertex 2.9 5.02295 0
      vertex 3.70451 4.34836 0
      vertex 0 0.75 0
    endloop
  endfacet
  facet normal 0 0 -1
    outer loop
      vertex 3.70451 4.34836 0
      vertex 2.9 5.02295 0
      vertex 3.6555 4.40971 0
    endloop
  endfacet
  facet normal 0 0 -1
    outer loop
      vertex 3.57001 4.54135 0
      vertex 3.53082 4.60145 0
      vertex 3.54485 4.58993 0
    endloop
  endfacet
  facet normal 0 0 -1
    outer loop
      vertex 3.6555 4.40971 0
      vertex 3.22231 4.82252 0
      vertex 3.6106 4.47413 0
    endloop
  endfacet
  facet normal 0 0 -1
    outer loop
      vertex 3.6106 4.47413 0
      vertex 3.22231 4.82252 0
      vertex 3.57001 4.54135 0
    endloop
  endfacet
  facet normal 0 0 -1
    outer loop
      vertex 3.57001 4.54135 0
      vertex 3.22231 4.82252 0
      vertex 3.53082 4.60145 0
    endloop
  endfacet
  facet normal 0 0 -1
    outer loop
      vertex 3.6555 4.40971 0
      vertex 2.9 5.02295 0
      vertex 3.22231 4.82252 0
    endloop
  endfacet
  facet normal 0 -0 -1
    outer loop
      vertex 1.91353 5.38238 0
      vertex 2.9 5.02295 0
      vertex 0 0.75 0
    endloop
  endfacet
  facet normal 0 0 -1
    outer loop
      vertex 2.9 5.02295 0
      vertex 1.99117 5.37061 0
      vertex 2.56527 5.20186 0
    endloop
  endfacet
  facet normal 0 0 -1
    outer loop
      vertex 2.56527 5.20186 0
      vertex 2.14792 5.36239 0
      vertex 2.21956 5.3585 0
    endloop
  endfacet
  facet normal 0 0 -1
    outer loop
      vertex 2.21956 5.3585 0
      vertex 2.14792 5.36239 0
      vertex 2.20257 5.3649 0
    endloop
  endfacet
  facet normal 0 0 -1
    outer loop
      vertex 2.56527 5.20186 0
      vertex 2.06941 5.36393 0
      vertex 2.14792 5.36239 0
    endloop
  endfacet
  facet normal 0 0 -1
    outer loop
      vertex 2.56527 5.20186 0
      vertex 1.99117 5.37061 0
      vertex 2.06941 5.36393 0
    endloop
  endfacet
  facet normal 0 0 -1
    outer loop
      vertex 2.9 5.02295 0
      vertex 1.91353 5.38238 0
      vertex 1.99117 5.37061 0
    endloop
  endfacet
  facet normal -0 0 -1
    outer loop
      vertex 1.91353 5.38238 0
      vertex 0 0.75 0
      vertex 1.83683 5.39921 0
    endloop
  endfacet
  facet normal -0 0 -1
    outer loop
      vertex 1.83683 5.39921 0
      vertex 0 0.75 0
      vertex 1.7614 5.42102 0
    endloop
  endfacet
  facet normal -0 0 -1
    outer loop
      vertex 1.7614 5.42102 0
      vertex 0 0.75 0
      vertex 1.68755 5.44772 0
    endloop
  endfacet
  facet normal -0 0 -1
    outer loop
      vertex 1.68755 5.44772 0
      vertex 0 0.75 0
      vertex 1.6156 5.47919 0
    endloop
  endfacet
  facet normal -0 0 -1
    outer loop
      vertex 1.6156 5.47919 0
      vertex 0 0.75 0
      vertex 1.54587 5.51529 0
    endloop
  endfacet
  facet normal 0 -0 -1
    outer loop
      vertex 0.757051 5.75038 0
      vertex 1.54587 5.51529 0
      vertex 0 0.75 0
    endloop
  endfacet
  facet normal -0 -0 -1
    outer loop
      vertex 1.13152 5.68855 0
      vertex 1.54587 5.51529 0
      vertex 0.757051 5.75038 0
    endloop
  endfacet
  facet normal 0 0 -1
    outer loop
      vertex 1.47865 5.55588 0
      vertex 1.13152 5.68855 0
      vertex 1.41423 5.60079 0
    endloop
  endfacet
  facet normal 0 0 -1
    outer loop
      vertex 1.41423 5.60079 0
      vertex 1.13152 5.68855 0
      vertex 1.37561 5.63164 0
    endloop
  endfacet
  facet normal 0 0 -1
    outer loop
      vertex 1.54587 5.51529 0
      vertex 1.13152 5.68855 0
      vertex 1.47865 5.55588 0
    endloop
  endfacet
  facet normal -0 0 -1
    outer loop
      vertex 0.757051 5.75038 0
      vertex 0 0.75 0
      vertex 0.379337 5.78758 0
    endloop
  endfacet
  facet normal -0 0 -1
    outer loop
      vertex 0.379337 5.78758 0
      vertex 0 0.75 0
      vertex 0 5.8 0
    endloop
  endfacet
  facet normal 0 0 -1
    outer loop
      vertex -5.3585 2.21956 0
      vertex -5.54932 1.41888 0
      vertex -5.49219 1.86435 0
    endloop
  endfacet
  facet normal 0 0 -1
    outer loop
      vertex -5.55086 1.49739 0
      vertex -5.49219 1.86435 0
      vertex -5.54932 1.41888 0
    endloop
  endfacet
  facet normal 0 0 -1
    outer loop
      vertex -5.55754 1.57563 0
      vertex -5.49219 1.86435 0
      vertex -5.55086 1.49739 0
    endloop
  endfacet
  facet normal 0 0 -1
    outer loop
      vertex -5.49219 1.86435 0
      vertex -5.55754 1.57563 0
      vertex -5.56495 1.62451 0
    endloop
  endfacet
  facet normal -0.935905 0.352253 0
    outer loop
      vertex -6.03801 2.40032 0.8
      vertex -6.00522 2.48744 8.5
      vertex -6.00522 2.48744 0.8
    endloop
  endfacet
  facet normal -0.935905 0.352253 0
    outer loop
      vertex -6.00522 2.48744 8.5
      vertex -6.03801 2.40032 0.8
      vertex -6.03801 2.40032 8.5
    endloop
  endfacet
  facet normal -0.999464 -0.0327239 0
    outer loop
      vertex -6.49138 -0.263275 0.8
      vertex -6.5 0 8.5
      vertex -6.5 0 0.8
    endloop
  endfacet
  facet normal -0.999464 -0.0327239 0
    outer loop
      vertex -6.5 0 8.5
      vertex -6.49138 -0.263275 0.8
      vertex -6.49138 -0.263275 8.5
    endloop
  endfacet
  facet normal -0.749129 0.0737607 -0.658304
    outer loop
      vertex -6.09565 0.428185 0.356047
      vertex -5.78758 0.379337 0
      vertex -6.13846 0.402335 0.401867
    endloop
  endfacet
  facet normal -0.749132 0.0737367 -0.658304
    outer loop
      vertex -6.03123 0.473085 0.287768
      vertex -5.78758 0.379337 0
      vertex -6.09565 0.428185 0.356047
    endloop
  endfacet
  facet normal -0.749125 0.07377 -0.658308
    outer loop
      vertex -5.78758 0.379337 0
      vertex -6.03123 0.473085 0.287768
      vertex -5.97819 0.515465 0.23216
    endloop
  endfacet
  facet normal -0.549413 0.514568 -0.658305
    outer loop
      vertex -4.39699 4.24344 0.358013
      vertex -4.10122 4.10122 0
      vertex -4.38762 4.16848 0.2916
    endloop
  endfacet
  facet normal -0.549402 0.514584 -0.658302
    outer loop
      vertex -4.41181 4.32055 0.430657
      vertex -4.10122 4.10122 0
      vertex -4.39699 4.24344 0.358013
    endloop
  endfacet
  facet normal -0.549421 0.51456 -0.658304
    outer loop
      vertex -4.43163 4.39654 0.506596
      vertex -4.10122 4.10122 0
      vertex -4.41181 4.32055 0.430657
    endloop
  endfacet
  facet normal -0.549382 0.514603 -0.658303
    outer loop
      vertex -4.10122 4.10122 0
      vertex -4.43163 4.39654 0.506596
      vertex -4.44909 4.44909 0.562246
    endloop
  endfacet
  facet normal -0.910861 0.412713 0
    outer loop
      vertex -6.00522 2.48744 0.8
      vertex -5.82967 2.87488 8.5
      vertex -5.82967 2.87488 0.8
    endloop
  endfacet
  facet normal -0.910861 0.412713 0
    outer loop
      vertex -5.82967 2.87488 8.5
      vertex -6.00522 2.48744 0.8
      vertex -6.00522 2.48744 8.5
    endloop
  endfacet
  facet normal -0.749041 0.0744276 -0.65833
    outer loop
      vertex -5.75038 0.757051 0
      vertex -5.76027 0.754903 0.0110099
      vertex -5.75823 0.758085 0.00904855
    endloop
  endfacet
  facet normal -0.749006 0.0735537 -0.658468
    outer loop
      vertex -5.75038 0.757051 0
      vertex -5.80684 0.691677 0.0569205
      vertex -5.76027 0.754903 0.0110099
    endloop
  endfacet
  facet normal -0.749115 0.0737782 -0.658319
    outer loop
      vertex -5.78758 0.379337 0
      vertex -5.80684 0.691677 0.0569205
      vertex -5.75038 0.757051 0
    endloop
  endfacet
  facet normal -0.749076 0.0739079 -0.658349
    outer loop
      vertex -5.96988 0.522103 0.22345
      vertex -5.78758 0.379337 0
      vertex -5.97819 0.515465 0.23216
    endloop
  endfacet
  facet normal -0.749127 0.0737757 -0.658306
    outer loop
      vertex -5.91187 0.575027 0.163368
      vertex -5.78758 0.379337 0
      vertex -5.96988 0.522103 0.22345
    endloop
  endfacet
  facet normal -0.749108 0.0738024 -0.658324
    outer loop
      vertex -5.85744 0.631634 0.107778
      vertex -5.78758 0.379337 0
      vertex -5.91187 0.575027 0.163368
    endloop
  endfacet
  facet normal -0.749156 0.0737673 -0.658273
    outer loop
      vertex -5.80684 0.691677 0.0569205
      vertex -5.78758 0.379337 0
      vertex -5.85744 0.631634 0.107778
    endloop
  endfacet
  facet normal -0.88198 -0.471287 0
    outer loop
      vertex -5.82617 -2.88143 0.8
      vertex -5.82967 -2.87488 8.5
      vertex -5.82967 -2.87488 0.8
    endloop
  endfacet
  facet normal -0.88198 -0.471287 0
    outer loop
      vertex -5.82967 -2.87488 8.5
      vertex -5.82617 -2.88143 0.8
      vertex -5.82617 -2.88143 8.5
    endloop
  endfacet
  facet normal -0.720427 -0.218555 -0.658193
    outer loop
      vertex -5.49219 -1.86435 0
      vertex -5.56931 -1.65327 0.0143221
      vertex -5.56495 -1.62451 0
    endloop
  endfacet
  facet normal -0.720328 -0.218511 -0.658316
    outer loop
      vertex -5.49219 -1.86435 0
      vertex -5.58614 -1.72997 0.058196
      vertex -5.56931 -1.65327 0.0143221
    endloop
  endfacet
  facet normal -0.720326 -0.218507 -0.65832
    outer loop
      vertex -5.49219 -1.86435 0
      vertex -5.60795 -1.80541 0.1071
      vertex -5.58614 -1.72997 0.058196
    endloop
  endfacet
  facet normal -0.720325 -0.218495 -0.658325
    outer loop
      vertex -5.49219 -1.86435 0
      vertex -5.63465 -1.87926 0.160825
      vertex -5.60795 -1.80541 0.1071
    endloop
  endfacet
  facet normal -0.720317 -0.218532 -0.658322
    outer loop
      vertex -5.63465 -1.87926 0.160825
      vertex -5.49219 -1.86435 0
      vertex -5.65183 -1.91854 0.192662
    endloop
  endfacet
  facet normal -0.549406 -0.514576 -0.658304
    outer loop
      vertex -4.38314 -4.00861 0.162894
      vertex -4.10122 -4.10122 0
      vertex -4.38263 -4.08713 0.223845
    endloop
  endfacet
  facet normal -0.549404 -0.514583 -0.6583
    outer loop
      vertex -4.10122 -4.10122 0
      vertex -4.38725 -4.16552 0.288977
      vertex -4.38263 -4.08713 0.223845
    endloop
  endfacet
  facet normal -0.549362 -0.51466 -0.658276
    outer loop
      vertex -4.38725 -4.16552 0.288977
      vertex -4.10122 -4.10122 0
      vertex -4.38762 -4.16848 0.2916
    endloop
  endfacet
  facet normal -0.549409 -0.51455 -0.658323
    outer loop
      vertex -4.38879 -3.93028 0.106386
      vertex -4.10122 -4.10122 0
      vertex -4.38314 -4.00861 0.162894
    endloop
  endfacet
  facet normal -0.549418 -0.51459 -0.658284
    outer loop
      vertex -4.10122 -4.10122 0
      vertex -4.38879 -3.93028 0.106386
      vertex -4.36067 -3.82421 0
    endloop
  endfacet
  facet normal -0.549527 -0.514522 -0.658245
    outer loop
      vertex -4.36067 -3.82421 0
      vertex -4.38879 -3.93028 0.106386
      vertex -4.39883 -3.85767 0.0580116
    endloop
  endfacet
  facet normal -0.663869 0.354832 -0.65831
    outer loop
      vertex -5.20186 2.56527 0
      vertex -5.29335 2.89158 0.268145
      vertex -5.02295 2.9 0
    endloop
  endfacet
  facet normal -0.663911 0.354799 -0.658285
    outer loop
      vertex -5.29335 2.89158 0.268145
      vertex -5.20186 2.56527 0
      vertex -5.31738 2.88531 0.289001
    endloop
  endfacet
  facet normal -0.663857 0.354846 -0.658315
    outer loop
      vertex -5.31738 2.88531 0.289001
      vertex -5.20186 2.56527 0
      vertex -5.3945 2.87049 0.358782
    endloop
  endfacet
  facet normal -0.663854 0.354865 -0.658307
    outer loop
      vertex -5.47241 2.86075 0.43211
      vertex -5.20186 2.56527 0
      vertex -5.5508 2.85613 0.50867
    endloop
  endfacet
  facet normal -0.663924 0.354771 -0.658287
    outer loop
      vertex -5.3945 2.87049 0.358782
      vertex -5.20186 2.56527 0
      vertex -5.47241 2.86075 0.43211
    endloop
  endfacet
  facet normal -0.663739 0.355378 -0.658147
    outer loop
      vertex -5.78544 2.87305 0.754406
      vertex -5.82967 2.87488 0.8
      vertex -5.79896 2.87583 0.769542
    endloop
  endfacet
  facet normal -0.66417 0.353904 -0.658506
    outer loop
      vertex -5.70765 2.86229 0.670164
      vertex -5.82967 2.87488 0.8
      vertex -5.78544 2.87305 0.754406
    endloop
  endfacet
  facet normal -0.66386 0.354856 -0.658306
    outer loop
      vertex -5.70765 2.86229 0.670164
      vertex -5.20186 2.56527 0
      vertex -5.82967 2.87488 0.8
    endloop
  endfacet
  facet normal -0.663884 0.354812 -0.658305
    outer loop
      vertex -5.62933 2.85664 0.588135
      vertex -5.20186 2.56527 0
      vertex -5.70765 2.86229 0.670164
    endloop
  endfacet
  facet normal -0.663843 0.354882 -0.65831
    outer loop
      vertex -5.20186 2.56527 0
      vertex -5.62933 2.85664 0.588135
      vertex -5.5508 2.85613 0.50867
    endloop
  endfacet
  facet normal -0.685651 0.31067 -0.658306
    outer loop
      vertex -5.20186 2.56527 0
      vertex -6.00522 2.48744 0.8
      vertex -5.82967 2.87488 0.8
    endloop
  endfacet
  facet normal -0.581209 -0.478421 -0.658263
    outer loop
      vertex -4.39955 -3.8525 0.0548898
      vertex -4.36067 -3.82421 0
      vertex -4.39883 -3.85767 0.0580116
    endloop
  endfacet
  facet normal -0.581935 -0.47749 -0.658297
    outer loop
      vertex -4.41537 -3.77558 0.0130815
      vertex -4.36067 -3.82421 0
      vertex -4.39955 -3.8525 0.0548898
    endloop
  endfacet
  facet normal -0.581984 -0.477572 -0.658194
    outer loop
      vertex -4.36067 -3.82421 0
      vertex -4.41537 -3.77558 0.0130815
      vertex -4.42283 -3.74846 0
    endloop
  endfacet
  facet normal -0.999464 0.0327239 0
    outer loop
      vertex -6.5 0 0.8
      vertex -6.49138 0.263275 8.5
      vertex -6.49138 0.263275 0.8
    endloop
  endfacet
  facet normal -0.999464 0.0327239 0
    outer loop
      vertex -6.49138 0.263275 8.5
      vertex -6.5 0 0.8
      vertex -6.5 0 8.5
    endloop
  endfacet
  facet normal -0.683607 0.729851 0
    outer loop
      vertex -4.28575 4.88696 0.8
      vertex -4.53985 4.64896 8.5
      vertex -4.28575 4.88696 8.5
    endloop
  endfacet
  facet normal -0.683607 0.729851 0
    outer loop
      vertex -4.53985 4.64896 8.5
      vertex -4.28575 4.88696 0.8
      vertex -4.53985 4.64896 0.8
    endloop
  endfacet
  facet normal -0.634394 -0.77301 0
    outer loop
      vertex -4.28575 -4.88696 0.8
      vertex -4.14784 -5.00014 8.5
      vertex -4.28575 -4.88696 8.5
    endloop
  endfacet
  facet normal -0.634394 -0.77301 -0
    outer loop
      vertex -4.14784 -5.00014 8.5
      vertex -4.28575 -4.88696 0.8
      vertex -4.14784 -5.00014 0.8
    endloop
  endfacet
  facet normal -0.290269 -0.956945 0
    outer loop
      vertex -2.08936 -6.15505 0.8
      vertex -1.75619 -6.25611 8.5
      vertex -2.08936 -6.15505 8.5
    endloop
  endfacet
  facet normal -0.290269 -0.956945 -0
    outer loop
      vertex -1.75619 -6.25611 8.5
      vertex -2.08936 -6.15505 0.8
      vertex -1.75619 -6.25611 0.8
    endloop
  endfacet
  facet normal -0.74279 0.121906 -0.658332
    outer loop
      vertex -5.75038 0.757051 0
      vertex -5.75823 0.758085 0.00904855
      vertex -5.75597 0.761621 0.00715339
    endloop
  endfacet
  facet normal -0.63923 -0.397552 -0.658283
    outer loop
      vertex -5.09413 -2.95946 0.105029
      vertex -5.02295 -2.9 0
      vertex -5.06296 -2.97458 0.0838925
    endloop
  endfacet
  facet normal -0.639148 -0.397667 -0.658293
    outer loop
      vertex -5.02295 -2.9 0
      vertex -5.09413 -2.95946 0.105029
      vertex -5.1128 -2.95187 0.118571
    endloop
  endfacet
  facet normal -0.704512 0.265162 -0.658295
    outer loop
      vertex -6.00522 2.48744 0.8
      vertex -6.00631 2.37697 0.756669
      vertex -6.03801 2.40032 0.8
    endloop
  endfacet
  facet normal -0.704459 0.265181 -0.658344
    outer loop
      vertex -6.00522 2.48744 0.8
      vertex -5.94626 2.32636 0.672027
      vertex -6.00631 2.37697 0.756669
    endloop
  endfacet
  facet normal -0.704602 0.265049 -0.658244
    outer loop
      vertex -6.00522 2.48744 0.8
      vertex -5.88966 2.27194 0.589528
      vertex -5.94626 2.32636 0.672027
    endloop
  endfacet
  facet normal -0.704419 0.265257 -0.658356
    outer loop
      vertex -6.00522 2.48744 0.8
      vertex -5.83673 2.21393 0.509522
      vertex -5.88966 2.27194 0.589528
    endloop
  endfacet
  facet normal -0.704413 0.265264 -0.658359
    outer loop
      vertex -6.00522 2.48744 0.8
      vertex -5.78771 2.15258 0.432354
      vertex -5.83673 2.21393 0.509522
    endloop
  endfacet
  facet normal -0.704523 0.265124 -0.658298
    outer loop
      vertex -5.49219 1.86435 0
      vertex -5.78771 2.15258 0.432354
      vertex -6.00522 2.48744 0.8
    endloop
  endfacet
  facet normal -0.704471 0.265207 -0.65832
    outer loop
      vertex -5.66612 1.9512 0.221111
      vertex -5.49219 1.86435 0
      vertex -5.65183 1.91854 0.192662
    endloop
  endfacet
  facet normal -0.704453 0.265249 -0.658323
    outer loop
      vertex -5.70222 2.02094 0.28784
      vertex -5.49219 1.86435 0
      vertex -5.66612 1.9512 0.221111
    endloop
  endfacet
  facet normal -0.704496 0.265168 -0.65831
    outer loop
      vertex -5.74281 2.08816 0.358354
      vertex -5.49219 1.86435 0
      vertex -5.70222 2.02094 0.28784
    endloop
  endfacet
  facet normal -0.704471 0.265211 -0.658319
    outer loop
      vertex -5.78771 2.15258 0.432354
      vertex -5.49219 1.86435 0
      vertex -5.74281 2.08816 0.358354
    endloop
  endfacet
  facet normal -0.704504 0.265153 -0.658307
    outer loop
      vertex -5.49219 1.86435 0
      vertex -6.00522 2.48744 0.8
      vertex -5.3585 2.21956 0
    endloop
  endfacet
  facet normal -0.438498 -0.611858 -0.658292
    outer loop
      vertex -3.60663 -4.78584 0.221882
      vertex -3.53082 -4.60145 0
      vertex -3.5487 -4.78014 0.177996
    endloop
  endfacet
  facet normal -0.438431 -0.611897 -0.658301
    outer loop
      vertex -3.53082 -4.60145 0
      vertex -3.60663 -4.78584 0.221882
      vertex -3.68183 -4.79826 0.28351
    endloop
  endfacet
  facet normal -0 0 -1
    outer loop
      vertex 5.70257 -0.0784836 0.6
      vertex 0 -0.75 0.6
      vertex 5.7 0 0.6
    endloop
  endfacet
  facet normal -0 0 -1
    outer loop
      vertex 5.71027 -0.156631 0.6
      vertex 0 -0.75 0.6
      vertex 5.70257 -0.0784836 0.6
    endloop
  endfacet
  facet normal -0 0 -1
    outer loop
      vertex 5.72306 -0.234108 0.6
      vertex 0 -0.75 0.6
      vertex 5.71027 -0.156631 0.6
    endloop
  endfacet
  facet normal -0 0 -1
    outer loop
      vertex 5.74089 -0.310582 0.6
      vertex 0 -0.75 0.6
      vertex 5.72306 -0.234108 0.6
    endloop
  endfacet
  facet normal -0 0 -1
    outer loop
      vertex 5.76368 -0.385727 0.6
      vertex 0 -0.75 0.6
      vertex 5.74089 -0.310582 0.6
    endloop
  endfacet
  facet normal -0 0 -1
    outer loop
      vertex 5.79134 -0.45922 0.6
      vertex 0 -0.75 0.6
      vertex 5.76368 -0.385727 0.6
    endloop
  endfacet
  facet normal -0 0 -1
    outer loop
      vertex 5.82375 -0.530746 0.6
      vertex 0 -0.75 0.6
      vertex 5.79134 -0.45922 0.6
    endloop
  endfacet
  facet normal -0 0 -1
    outer loop
      vertex 5.86077 -0.599999 0.6
      vertex 0 -0.75 0.6
      vertex 5.82375 -0.530746 0.6
    endloop
  endfacet
  facet normal -0 0 -1
    outer loop
      vertex 5.90224 -0.666684 0.6
      vertex 0 -0.75 0.6
      vertex 5.86077 -0.599999 0.6
    endloop
  endfacet
  facet normal -0 0 -1
    outer loop
      vertex 5.94798 -0.730514 0.6
      vertex 0 -0.75 0.6
      vertex 5.90224 -0.666684 0.6
    endloop
  endfacet
  facet normal 0 0 -1
    outer loop
      vertex 0 -0.75 0.6
      vertex 5.94798 -0.730514 0.6
      vertex 5.96397 -0.75 0.6
    endloop
  endfacet
  facet normal 0 0 -1
    outer loop
      vertex 0 0.75 0.6
      vertex 5.7 0 0.6
      vertex 0 -0.75 0.6
    endloop
  endfacet
  facet normal 0 0 -1
    outer loop
      vertex 5.7 0 0.6
      vertex 0 0.75 0.6
      vertex 5.70257 0.0784836 0.6
    endloop
  endfacet
  facet normal 0 0 -1
    outer loop
      vertex 5.70257 0.0784836 0.6
      vertex 0 0.75 0.6
      vertex 5.71027 0.156631 0.6
    endloop
  endfacet
  facet normal 0 0 -1
    outer loop
      vertex 5.71027 0.156631 0.6
      vertex 0 0.75 0.6
      vertex 5.72306 0.234108 0.6
    endloop
  endfacet
  facet normal 0 0 -1
    outer loop
      vertex 5.72306 0.234108 0.6
      vertex 0 0.75 0.6
      vertex 5.74089 0.310582 0.6
    endloop
  endfacet
  facet normal 0 0 -1
    outer loop
      vertex 5.74089 0.310582 0.6
      vertex 0 0.75 0.6
      vertex 5.76368 0.385727 0.6
    endloop
  endfacet
  facet normal 0 0 -1
    outer loop
      vertex 5.76368 0.385727 0.6
      vertex 0 0.75 0.6
      vertex 5.79134 0.45922 0.6
    endloop
  endfacet
  facet normal 0 0 -1
    outer loop
      vertex 5.79134 0.45922 0.6
      vertex 0 0.75 0.6
      vertex 5.82375 0.530746 0.6
    endloop
  endfacet
  facet normal 0 0 -1
    outer loop
      vertex 5.82375 0.530746 0.6
      vertex 0 0.75 0.6
      vertex 5.86077 0.599999 0.6
    endloop
  endfacet
  facet normal 0 0 -1
    outer loop
      vertex 5.86077 0.599999 0.6
      vertex 0 0.75 0.6
      vertex 5.90224 0.666684 0.6
    endloop
  endfacet
  facet normal 0 0 -1
    outer loop
      vertex 5.90224 0.666684 0.6
      vertex 0 0.75 0.6
      vertex 5.94798 0.730514 0.6
    endloop
  endfacet
  facet normal 0 0 -1
    outer loop
      vertex 5.94798 0.730514 0.6
      vertex 0 0.75 0.6
      vertex 5.96397 0.75 0.6
    endloop
  endfacet
  facet normal 1 -0 0
    outer loop
      vertex 0 -0.75 0.6
      vertex 0 0.75 0
      vertex 0 0.75 0.6
    endloop
  endfacet
  facet normal 1 0 0
    outer loop
      vertex 0 0.75 0
      vertex 0 -0.75 0.6
      vertex 0 -0.75 0
    endloop
  endfacet
  facet normal 0 1 0
    outer loop
      vertex 5.75107 -0.75 0
      vertex 5.96397 -0.75 0.6
      vertex 5.96397 -0.75 0.242264
    endloop
  endfacet
  facet normal 0 1 0
    outer loop
      vertex 5.96397 -0.75 0.6
      vertex 5.75107 -0.75 0
      vertex 0 -0.75 0.6
    endloop
  endfacet
  facet normal 0 1 0
    outer loop
      vertex 0 -0.75 0.6
      vertex 5.75107 -0.75 0
      vertex 0 -0.75 0
    endloop
  endfacet
  facet normal 0 -1 0
    outer loop
      vertex 5.75107 0.75 0
      vertex 5.96397 0.75 0.6
      vertex 0 0.75 0.6
    endloop
  endfacet
  facet normal 0 -1 0
    outer loop
      vertex 5.75107 0.75 0
      vertex 0 0.75 0.6
      vertex 0 0.75 0
    endloop
  endfacet
  facet normal 0 -1 -0
    outer loop
      vertex 5.96397 0.75 0.6
      vertex 5.75107 0.75 0
      vertex 5.96397 0.75 0.242264
    endloop
  endfacet
endsolid OpenSCAD_Model
